Gender,Age,Department,10th_Percentage,12th_Percentage,CGPA,Attendance,Backlogs,Internships,Projects,Certifications,Coding_Rating,Aptitude_Score,Communication,Technical_Skill,Teamwork,Leadership,Problem_Solving,Resume_Score,Mock_Interview
1.04344278518422,1.3390201877306425,-1.4309605764067381,-0.9751136787286995,-1.2015452731800265,-1.5409992274351678,1.3449408932614308,-0.2983964833475855,0.38042671226714214,-1.4382095326694684,0.7486689101850329,1.3063901808136131,0.0721566873350829,-0.1395298731112897,-1.1781629309934576,-1.0399668808439528,1.4165408946659888,-0.9035768007155619,0.6706412257730285,-1.4995152167652686
1.04344278518422,0.6470200907122222,-0.8559889736315546,0.2812182273232987,-0.9259839923741751,-0.3703622508837734,-0.0333422917551809,0.29395385580394884,1.2651399966093333,-0.8556436460185445,-0.3828206266185431,-0.9827453769546712,-0.8620695882128382,1.3115808072461232,0.4635184882005611,1.7525933429545286,-0.12418539189352341,1.5612328230590653,-0.9607812800395186,-1.6419362274992368
-0.9583659154090078,-0.7369801033246186,0.8689258346939962,0.7935974226797731,1.6416631738101521,-1.7229225413586957,0.6152615600173423,-0.8907468224991199,1.2651399966093333,-0.2730777593676206,1.1258320891195583,-0.4469902464131578,-0.8128997842366318,-1.3673927564906392,1.5408719195466358,1.2638953037897944,-0.29537720151124697,-1.0156136017962267,-1.4108288678498764,-1.5944625572545807
1.04344278518422,1.3390201877306425,0.2939542319188126,-1.501168475384725,-0.1786836977384382,1.472600016254572,1.1017144488467348,-0.8907468224991199,-1.38899985641724,1.474619900585151,1.5029952680540837,-1.0314503888220816,-1.2554280200224892,0.02790597462225794,-1.332070564042897,-0.13238480810944642,1.530668767744471,-1.2396872039575566,0.8394090712019127,-1.4045678762759566
1.04344278518422,1.3390201877306425,1.4438974374691798,-1.6461298491599559,1.7310837218862236,0.11213001647862608,0.2909596341310807,0.8863041949554832,1.2651399966093333,-0.8556436460185445,0.7486689101850329,-0.5444002701479784,-0.8620695882128382,0.30696572084483736,0.10440067775186945,-1.0399668808439528,-1.4366559322960708,-0.7355215990945646,0.3331055349152602,0.9216419657121918
1.04344278518422,-1.428980200343039,0.2939542319188126,0.7024267473494394,-1.1842086363081352,0.28614362110113123,0.8584880044320385,0.8863041949554832,1.2651399966093333,0.8920540139342272,1.1258320891195583,0.5271099909350483,-0.7145601762842191,0.36277767008935324,1.1817541090979442,1.4733373205746805,-0.5236329476682118,1.3931776214380678,-0.7920134346106343,-0.07530510942558605
1.04344278518422,1.3390201877306425,-0.8559889736315546,-0.7389816296231362,1.2228465251681455,1.1641213535146768,1.3449408932614308,1.4786545341070174,1.2651399966093333,0.3094881272833033,-1.1371469844875939,-1.2262704362917227,-0.12452252856974258,0.08371792386677382,1.027846476048505,-1.6682929311986112,-0.8089526303644177,-1.687834408280216,1.1206888135833863,1.3014313276694405
1.04344278518422,-0.04498000630619821,-0.8559889736315546,0.014999855358724223,0.7839558759376344,0.6895387954533009,0.1288086711879499,-0.2983964833475855,1.2651399966093333,0.8920540139342272,-0.0056574476840177594,0.38099495533281735,1.547250806621274,0.6418374163119326,0.5148210325503741,-0.20219881370440845,0.902965465812818,-1.3517240050382213,1.6832482983463335,-1.2146731952973322
1.04344278518422,0.6470200907122222,0.2939542319188126,1.1136064930892449,0.6434378718180934,1.6782524580811682,1.5881673376761272,-1.483097161650654,-0.504286572075049,-1.4382095326694684,0.7486689101850329,-0.49569525828056815,-1.2554280200224892,0.4185896193338691,0.2583083108013087,-0.41164083048929456,0.16113429080268254,1.1691040192767381,-0.22945394984768708,-0.07530510942558605
1.04344278518422,-0.04498000630619821,-0.28101737085637096,-0.3478594324560042,-0.12941115083937804,0.4838863536267047,0.5341860785457769,0.8863041949554832,1.2651399966093333,-0.8556436460185445,-0.0056574476840177594,-0.8366303413524403,0.2688359032399084,-1.2557688580016073,1.079149020398318,-0.6908968528691427,0.9600294023520591,-1.407742405578554,-0.8482693830869291,-1.167199525052676
-0.9583659154090078,-0.04498000630619821,0.2939542319188126,1.2075122886794887,-1.1139496342483655,-0.7658477159349203,-1.0873235508855312,1.4786545341070174,0.38042671226714214,-0.8556436460185445,0.3715057312505076,-1.274975448159133,-1.3537676279749018,1.3673927564906392,1.3356617421473835,-1.109780886438915,-0.9801444399821413,-1.687834408280216,-0.22945394984768708,-0.550041811872147
1.04344278518422,0.6470200907122222,0.8689258346939962,-0.3952681836277773,-0.3766863399068815,0.7528164698614844,-1.654851921186489,1.4786545341070174,-0.504286572075049,-0.8556436460185445,-0.7599838055530684,-0.8853353532198506,1.1047225708354167,1.4790166549796708,-0.8703476648945792,-0.8305248640590668,-0.29537720151124697,-1.183668803417224,-0.22945394984768708,1.2539576574247844
-0.9583659154090078,1.3390201877306425,0.8689258346939962,0.07973103484326056,-0.5801637095085526,-1.0031389949656082,1.0206389673751692,-1.483097161650654,0.38042671226714214,-1.4382095326694684,0.3715057312505076,-1.274975448159133,1.6455904145736868,1.2557688580016073,-0.20341458834700907,0.3563132310552879,-1.0942723130606236,0.6089200138734138,1.40196855596486,-0.550041811872147
-0.9583659154090078,0.6470200907122222,-0.28101737085637096,1.1418694024416485,-1.592075830083684,-0.25171661136842904,-1.0873235508855312,-0.2983964833475855,0.38042671226714214,-1.4382095326694684,0.7486689101850329,-0.6905153057502094,-1.7962958637607593,1.0883330102680597,0.6174261212500003,0.705383259030098,-1.3795919957568297,0.7769752154944111,0.6706412257730285,-1.4520415465206127
-0.9583659154090078,-0.04498000630619821,1.4438974374691798,0.926706608662061,-0.5582647997756377,-1.2087914367922046,0.939563485903604,-0.8907468224991199,-1.38899985641724,-0.8556436460185445,-0.7599838055530684,0.3322899434654071,1.153892374811623,-0.08371792386677382,-0.9729527535942053,0.14687121427040176,-1.3795919957568297,-1.4637608061188863,1.0644328651070916,0.35195792277631877
-0.9583659154090078,0.6470200907122222,-0.8559889736315546,0.26480750576383805,-0.7279813502057317,-0.7025700415267367,-1.3305499953002273,-0.8907468224991199,0.38042671226714214,0.8920540139342272,1.5029952680540837,0.9654550977417411,-0.12452252856974258,1.423204705735155,1.2843591977975704,-1.3192229032238012,-0.1812493284327646,-0.5674663974735673,0.3893614833915549,-0.7874101630954273
1.04344278518422,0.6470200907122222,0.2939542319188126,0.9312651424285774,-0.10842469567866712,-0.8924030647512874,0.939563485903604,0.29395385580394884,0.38042671226714214,-0.2730777593676206,0.7486689101850329,1.1602751452113822,1.1047225708354167,-0.19534182235580558,0.8739388429990658,0.9846392814099463,1.188285148509024,-1.1276504028768917,0.6706412257730285,-0.2651997904042104
-0.9583659154090078,-0.7369801033246186,-0.28101737085637096,-0.09896348880419287,0.6927104187171537,1.3855932139433187,1.5070918562045617,1.4786545341070174,0.38042671226714214,0.8920540139342272,1.5029952680540837,-1.4697954956287742,-0.2720319404983617,-0.8650852132899961,-0.15211204399719597,-1.109780886438915,1.3024130215875063,-0.9595952012558944,0.22059363796267073,-0.7874101630954273
1.04344278518422,-1.428980200343039,0.8689258346939962,-0.11446250361034975,-0.2416430632205697,1.4172320511474112,1.5070918562045617,1.4786545341070174,1.2651399966093333,-1.4382095326694684,0.3715057312505076,-1.2262704362917227,-1.6979562558083465,0.4185896193338691,-1.4859781970923363,0.3563132310552879,1.4165408946659888,-0.6234847980138998,-1.0170372285158134,-0.5025681416274909
1.04344278518422,-0.7369801033246186,0.8689258346939962,1.4801126079171858,0.11147685622269109,1.6228844929740074,-0.6008706620561387,-0.8907468224991199,1.2651399966093333,-1.4382095326694684,1.1258320891195583,-0.008645139606465081,-1.501277039903521,-0.7534613148009643,1.643477008246262,-0.13238480810944642,0.9600294023520591,0.8329936160347435,-0.11694205289509763,-0.7874101630954273
1.04344278518422,1.3390201877306425,-0.8559889736315546,-0.18922245738122404,0.014756671568981321,0.19913681878987866,0.0477331897163845,-1.483097161650654,-0.504286572075049,-0.2730777593676206,-1.1371469844875939,-0.4469902464131578,-1.2062582160462827,-1.5906405534687027,-1.1781629309934576,-0.6908968528691427,-1.0372083765213824,-0.007282392070242962,0.10808174101008128,1.1590103169354722
1.04344278518422,-0.04498000630619821,1.4438974374691798,0.7635110998207632,-0.07192651279047561,-0.40200108808786517,0.5341860785457769,0.29395385580394884,0.38042671226714214,-1.4382095326694684,1.1258320891195583,-1.6159105312310051,0.9080433549305912,0.30696572084483736,1.1817541090979442,-0.9701528752489909,0.5035179100381296,0.32882801117175164,-0.7920134346106343,0.4469052632656309
1.04344278518422,1.3390201877306425,1.4438974374691798,-1.6087498722745188,0.8487401505641751,-1.2878885298024343,-1.5737764397149236,-1.483097161650654,1.2651399966093333,-0.8556436460185445,1.5029952680540837,1.5012102282832545,0.4163453151685275,1.0325210610235438,-1.434675652742523,-1.179594892033877,-0.9801444399821413,-0.5674663974735673,1.626992349870039,1.586273349137377
1.04344278518422,-1.428980200343039,-0.28101737085637096,1.2959478437499121,1.2374457983234233,0.49179606292772743,-1.5737764397149236,-0.2983964833475855,1.2651399966093333,-1.4382095326694684,-0.3828206266185431,-0.7392203176176196,0.46551511914473387,0.920897162534512,-0.6651374874953269,-0.13238480810944642,-0.35244113805048816,-0.5114479969332348,-1.2983169708972868,-1.167199525052676
-0.9583659154090078,1.3390201877306425,-1.4309605764067381,0.2173987545920649,1.2447454349010616,0.8951912372798971,-1.4927009582433581,-0.2983964833475855,1.2651399966093333,0.8920540139342272,0.7486689101850329,-0.154760175208696,0.022986883358876536,0.8092732640454803,0.41221594385074795,0.0770572086754397,1.0741572754305415,-0.5114479969332348,1.40196855596486,-1.0247785143187078
-0.9583659154090078,-0.7369801033246186,-0.8559889736315546,-1.5230494374640053,0.3459776812793259,-0.7183894601287822,-1.654851921186489,-0.2983964833475855,-0.504286572075049,-1.4382095326694684,0.7486689101850329,-1.5185005074961846,1.547250806621274,1.3115808072461232,0.20700576645149563,-1.6682929311986112,0.902965465812818,1.4491960219784004,-0.6232455891817502,-1.11972585480802
1.04344278518422,0.6470200907122222,1.4438974374691798,1.1145181998425473,0.8022049673817294,0.5234349001318185,1.1827899303183,0.8863041949554832,-1.38899985641724,-0.2730777593676206,-0.0056574476840177594,-1.3723854718939537,-1.4029374319511083,1.6464525027132184,0.053098133402056366,0.28649922546032586,0.5605818465773709,1.0570672181960732,-0.9607812800395186,0.1620632417976944
-0.9583659154090078,1.3390201877306425,-0.28101737085637096,0.07061396731022772,1.492933078540769,-1.5568186460372142,0.2098841526595153,-0.2983964833475855,0.38042671226714214,-1.4382095326694684,-0.3828206266185431,0.4296999672002277,-0.02618292061732984,1.3673927564906392,-0.6138349431455138,-1.179594892033877,0.9600294023520591,-0.6795031985542321,-0.454477743752866,0.6367999442442552
1.04344278518422,1.3390201877306425,1.4438974374691798,-1.6762161720189659,-1.2307438194905809,-1.090145797276861,-1.0873235508855312,-1.483097161650654,1.2651399966093333,-1.4382095326694684,1.1258320891195583,-1.2262704362917227,1.0063829628830039,-0.5860254670674168,-1.5372807414421492,-1.249408897628839,-1.208400186139106,-1.5757976071995512,-1.1858050739446975,-1.11972585480802
1.04344278518422,-0.04498000630619821,-1.4309605764067381,-1.6780395855255728,0.3706139547288566,-1.2167011460932273,-1.0062480694139657,-0.2983964833475855,1.2651399966093333,0.8920540139342272,-0.7599838055530684,-1.6646155430984155,-1.7962958637607593,0.5860254670674168,0.3609133995009349,1.4035233149797184,-0.23831326497200578,-1.0156136017962267,0.6706412257730285,-1.3096205357866444
1.04344278518422,-0.04498000630619821,0.8689258346939962,-1.017963896133956,0.5275561411480834,-1.5409992274351678,0.2098841526595153,0.29395385580394884,-0.504286572075049,1.474619900585151,-0.0056574476840177594,0.9654550977417411,1.3505715907164486,-0.4185896193338691,0.5148210325503741,1.4733373205746805,0.4464539734988885,1.5612328230590653,0.3331055349152602,0.6842736144889113
-0.9583659154090078,-0.7369801033246186,0.2939542319188126,-1.1784242847153439,-0.41500943193948225,0.3177824583052223,0.0477331897163845,-0.8907468224991199,1.2651399966093333,-0.2730777593676206,-1.5143101634221192,0.9654550977417411,-0.6162205683318063,0.976709111779028,-0.1008094996473829,-1.7381069367935733,1.6447966408229535,-1.3517240050382213,-0.6232455891817502,-0.7874101630954273
1.04344278518422,1.3390201877306425,1.4438974374691798,0.3295386852483744,-0.5555274360590231,-0.16470980905717647,0.45311059707421153,-1.483097161650654,-1.38899985641724,1.474619900585151,0.7486689101850329,0.28358493159799675,0.613024531073353,0.474401568578385,0.6174261212500003,0.28649922546032586,-0.9801444399821413,0.1047544090104219,-1.5233407648024657,-1.0247785143187078
1.04344278518422,-1.428980200343039,-0.28101737085637096,1.2512742128380479,0.5704415060417092,-0.4969175997001405,-0.2765687361698771,-0.8907468224991199,1.2651399966093333,0.3094881272833033,1.1258320891195583,1.1602751452113822,0.21966609926370204,0.920897162534512,0.053098133402056366,0.42612723665024993,-0.06712145535428223,0.1047544090104219,-0.22945394984768708,-0.2177261201595543
-0.9583659154090078,0.6470200907122222,-0.8559889736315546,-1.3489134475830684,-0.7799912608214051,-0.25171661136842904,1.4260163747329964,1.4786545341070174,1.2651399966093333,-0.8556436460185445,0.3715057312505076,1.3063901808136131,-0.46871115640318717,-0.1395298731112897,-0.1008094996473829,-0.9701528752489909,-0.40950507458972935,0.4408648122524165,-0.22945394984768708,-1.2621468655419883
1.04344278518422,-0.04498000630619821,-0.8559889736315546,-0.8055362226142789,1.0348808832939562,-0.04606416954183282,1.0206389673751692,-1.483097161650654,0.38042671226714214,-0.2730777593676206,-1.5143101634221192,0.3322899434654071,-0.46871115640318717,0.474401568578385,1.4895693751968229,-0.5512688416792186,0.5035179100381296,-0.9035768007155619,-1.073293176992108,0.20953691204235048
-0.9583659154090078,-0.7369801033246186,0.2939542319188126,-0.17007661556185324,1.3688392567209153,-1.2562496925983426,0.45311059707421153,0.8863041949554832,1.2651399966093333,-1.4382095326694684,0.7486689101850329,-1.6646155430984155,-0.22286213652215534,-0.7534613148009643,-0.15211204399719597,-1.7381069367935733,-0.7518886938251765,0.04873600847008947,-0.5107336922291608,-0.550041811872147
1.04344278518422,1.3390201877306425,1.4438974374691798,1.6196037411725965,-0.06645178535724656,-0.19634864626126824,-1.1683990323570965,-0.8907468224991199,1.2651399966093333,0.3094881272833033,-1.5143101634221192,0.9167500858743307,-1.4521072359273146,-0.2511537716003215,-0.0495069552975698,-1.7381069367935733,-0.8089526303644177,-1.4637608061188863,0.164337689486376,0.3994315930209748
-0.9583659154090078,1.3390201877306425,1.4438974374691798,-0.3551530864824307,-1.4962681000021794,0.17540769088680966,0.2909596341310807,-1.483097161650654,-0.504286572075049,-1.4382095326694684,-0.0056574476840177594,-1.5185005074961846,-1.7962958637607593,1.4790166549796708,0.9252413873488788,1.4035233149797184,-0.1812493284327646,0.6089200138734138,-1.6358526617550553,1.4438523384034088
1.04344278518422,0.6470200907122222,1.4438974374691798,0.2903352948563316,-0.3949354313509766,-1.5251798088331223,-0.2765687361698771,-0.2983964833475855,-1.38899985641724,-0.8556436460185445,-0.0056574476840177594,-1.713320554965826,-1.5504468438797274,0.02790597462225794,-0.9216502092443922,-1.249408897628839,-0.5236329476682118,0.6089200138734138,-0.17319800137139235,0.7792209549782235
1.04344278518422,-1.428980200343039,-0.28101737085637096,1.6022813128598332,0.6543873266845516,-0.3387234136796816,1.3449408932614308,0.8863041949554832,0.38042671226714214,1.474619900585151,-0.7599838055530684,-0.008645139606465081,-1.3537676279749018,-0.920897162534512,1.1304515647481312,0.0770572086754397,-0.9801444399821413,0.4408648122524165,0.44561743186784963,1.3489049979140966
-0.9583659154090078,1.3390201877306425,1.4438974374691798,0.8309773995652096,-1.4004603699206744,-1.533089518134145,1.0206389673751692,1.4786545341070174,0.38042671226714214,-1.4382095326694684,1.1258320891195583,0.13746989599576584,-0.8620695882128382,-1.423204705735155,-0.30601967704663524,1.2638953037897944,-1.7219756149922767,-0.4554295963929024,-1.6358526617550553,1.4913260086480649
-0.9583659154090078,-1.428980200343039,0.2939542319188126,0.15449098861413485,0.2538197694866412,-1.5093603902310762,-0.9251725879424003,0.8863041949554832,-0.504286572075049,-1.4382095326694684,-0.7599838055530684,-0.2034651870761063,0.8097037469781785,-0.36277767008935324,1.2843591977975704,-0.6908968528691427,-0.5236329476682118,1.5612328230590653,1.6832482983463335,-0.12277877967024213
1.04344278518422,-1.428980200343039,-0.8559889736315546,0.06423202003710368,1.1580622505416047,-1.6359157390474433,1.5881673376761272,0.8863041949554832,1.2651399966093333,1.474619900585151,-0.3828206266185431,-0.8853353532198506,1.4489111986688614,-0.474401568578385,1.3869642864971965,0.565755247840174,-1.151336249599865,-0.007282392070242962,0.8394090712019127,1.586273349137377
-0.9583659154090078,0.6470200907122222,0.8689258346939962,0.5246439304552885,-0.5591772543478429,-1.564728355338237,-1.0062480694139657,-1.483097161650654,0.38042671226714214,0.8920540139342272,-1.5143101634221192,0.5758150028024586,1.0555527668592104,0.08371792386677382,-1.332070564042897,0.8450112702200222,0.617645783116612,0.5529016133330814,0.3331055349152602,-0.36014713089352257
1.04344278518422,0.6470200907122222,-0.28101737085637096,-1.5941625642216657,-0.31007715613593023,0.44433780712158943,0.1288086711879499,0.8863041949554832,1.2651399966093333,0.8920540139342272,-0.0056574476840177594,-0.9827453769546712,1.153892374811623,-0.976709111779028,0.6174261212500003,1.5431513261696426,0.21819822734192373,0.1047544090104219,0.3893614833915549,0.7317472847335674
-0.9583659154090078,-1.428980200343039,-1.4309605764067381,0.4371200821381687,1.2100721611572782,-0.44154963459297975,0.1288086711879499,-0.2983964833475855,0.38042671226714214,1.474619900585151,-0.3828206266185431,-0.3495802226783372,-0.6653903723080127,1.2557688580016073,-0.1008094996473829,1.6129653317646047,1.0170933388913004,0.49688321279274894,-1.2983169708972868,-0.597515482116803
-0.9583659154090078,-0.04498000630619821,-0.28101737085637096,-1.2677715465390713,-0.7854659882546341,0.17540769088680966,0.6152615600173423,-0.2983964833475855,-1.38899985641724,0.3094881272833033,-1.1371469844875939,0.478404979067638,1.5964206105974805,0.19534182235580558,-0.30601967704663524,-0.9701528752489909,-1.7219756149922767,-0.8475584001752294,-0.8482693830869291,-1.11972585480802
-0.9583659154090078,-0.7369801033246186,-1.4309605764067381,-1.6743927585123595,-0.08743824051795748,-1.1376040530829983,-1.1683990323570965,1.4786545341070174,-1.38899985641724,-0.2730777593676206,1.5029952680540837,-0.934040365087261,1.2522319827640358,-1.7022644519577343,-0.6651374874953269,-0.13238480810944642,0.7888375927343356,-1.687834408280216,-0.9045253315632238,-1.6419362274992368
1.04344278518422,-1.428980200343039,1.4438974374691798,1.2986829640098223,1.0430929744437987,-0.12516126255206192,1.4260163747329964,0.8863041949554832,0.38042671226714214,0.3094881272833033,0.7486689101850329,-1.4697954956287742,-1.5504468438797274,0.19534182235580558,1.2330566534477574,-1.249408897628839,1.1312212119697826,-0.17533759369124027,0.27684958643896546,-0.36014713089352257
-0.9583659154090078,-1.428980200343039,0.2939542319188126,-1.3999690257680548,0.771181511926767,1.1008436791064933,1.3449408932614308,0.29395385580394884,-0.504286572075049,-1.4382095326694684,-0.3828206266185431,-1.6159105312310051,0.613024531073353,-0.30696572084483736,1.1817541090979442,-1.4588509144137252,0.8459015292735768,-0.5674663974735673,-0.06068610441880291,0.9691156359568479
1.04344278518422,1.3390201877306425,-1.4309605764067381,-1.4027041460279648,-0.5947629826638304,0.49179606292772743,-0.1144177732267463,1.4786545341070174,0.38042671226714214,-1.4382095326694684,-1.5143101634221192,-0.49569525828056815,-1.7471260597845528,1.4790166549796708,1.5408719195466358,0.565755247840174,1.530668767744471,-0.4554295963929024,1.3457126074885652,-1.072252184563364
1.04344278518422,-0.7369801033246186,-1.4309605764067381,0.550171719547782,0.5540173237420221,1.504238853458663,-1.4116254767717928,-0.2983964833475855,-1.38899985641724,0.3094881272833033,1.1258320891195583,0.3322899434654071,0.21966609926370204,1.2557688580016073,0.10440067775186945,0.0770572086754397,1.3594769581267474,-0.5674663974735673,-0.06068610441880291,1.3489049979140966
-0.9583659154090078,-0.7369801033246186,-1.4309605764067381,1.0114953367192707,1.0294061558607273,-0.014425332337741036,-1.3305499953002273,0.8863041949554832,-0.504286572075049,0.3094881272833033,-1.5143101634221192,1.5012102282832545,-0.02618292061732984,1.3673927564906392,1.4895693751968229,0.14687121427040176,-0.9230805034429,1.67326962413973,0.8394090712019127,-1.4045678762759566
-0.9583659154090078,0.6470200907122222,-0.8559889736315546,-0.06431863217866648,1.5175693519902986,1.6149747836729846,-0.6819461435277041,-1.483097161650654,-1.38899985641724,-0.2730777593676206,-1.5143101634221192,0.6732250265372792,0.31800570721611476,0.2511537716003215,0.001795589052243283,1.1940812981948323,-0.5806968842074529,0.1047544090104219,-0.8482693830869291,0.7792209549782235
-0.9583659154090078,-1.428980200343039,-1.4309605764067381,-1.5722816021423855,-0.6540725298571421,-1.090145797276861,1.3449408932614308,0.8863041949554832,1.2651399966093333,1.474619900585151,1.1258320891195583,-1.713320554965826,0.5638547270971467,-0.5302135178229008,-0.7164400318451399,-1.249408897628839,-1.0372083765213824,0.6089200138734138,-0.9607812800395186,-1.4520415465206127
1.04344278518422,-1.428980200343039,1.4438974374691798,-1.4710821525257152,-0.6130120741079256,1.2511281558259288,-0.7630216249992695,0.29395385580394884,-1.38899985641724,0.3094881272833033,-0.3828206266185431,-0.6418102938827991,-0.2720319404983617,1.2557688580016073,-0.6138349431455138,1.2638953037897944,-0.35244113805048816,1.3371592208977354,1.0081769166307968,-1.11972585480802
-0.9583659154090078,-0.7369801033246186,0.8689258346939962,0.7890388889132567,0.3970751373227953,-1.6596448669505122,-1.0873235508855312,0.29395385580394884,0.38042671226714214,0.8920540139342272,1.1258320891195583,-0.7392203176176196,1.5964206105974805,0.8650852132899961,0.7200312099496264,1.4733373205746805,0.5035179100381296,0.5529016133330814,0.10808174101008128,-0.8823575035847395
1.04344278518422,-0.04498000630619821,-0.28101737085637096,1.6743061463707962,-0.7188568044836842,0.3177824583052223,1.2638654117898656,-0.8907468224991199,1.2651399966093333,0.3094881272833033,-0.7599838055530684,-1.0314503888220816,-0.17369233254594896,0.5860254670674168,-0.15211204399719597,0.8450112702200222,0.3323261004204061,-1.407742405578554,-1.073293176992108,-0.36014713089352257
-0.9583659154090078,-0.04498000630619821,1.4438974374691798,-0.8684439885922102,0.06494167304024545,-0.3940913787868417,-0.3576442176414425,-0.8907468224991199,-1.38899985641724,0.3094881272833033,-0.7599838055530684,-1.2262704362917227,1.399741394692655,-0.5302135178229008,1.3869642864971965,1.1940812981948323,-0.9230805034429,0.8329936160347435,1.2894566590122705,0.6367999442442552
1.04344278518422,-0.04498000630619821,1.4438974374691798,-1.193011592768197,0.4655092302381558,0.08049117927453431,1.5070918562045617,-1.483097161650654,1.2651399966093333,0.3094881272833033,-1.1371469844875939,0.28358493159799675,1.3014017867402423,0.5860254670674168,-1.6398858301417754,-0.6210828472741807,1.5877327042837122,-0.007282392070242962,0.10808174101008128,-0.550041811872147
1.04344278518422,-0.7369801033246186,-0.28101737085637096,0.13990368056128047,-1.0227041770278849,0.25450478389703873,0.5341860785457769,-0.8907468224991199,1.2651399966093333,0.8920540139342272,-0.0056574476840177594,0.8193400621395102,1.0063829628830039,0.4185896193338691,-0.8190451205447661,-1.7381069367935733,-1.208400186139106,0.1047544090104219,-0.22945394984768708,1.2539576574247844
1.04344278518422,0.6470200907122222,-0.28101737085637096,1.3205639260891018,-0.6020626192414688,1.6149747836729846,-1.654851921186489,0.29395385580394884,-0.504286572075049,0.8920540139342272,-1.5143101634221192,-1.6646155430984155,1.4489111986688614,-1.0325210610235438,0.8226362986492527,0.8450112702200222,-0.6377608207466942,1.3931776214380678,0.22059363796267073,0.20953691204235048
-0.9583659154090078,-0.7369801033246186,1.4438974374691798,-0.3706521012885876,-1.3995479153484698,-0.6155632392154842,1.1827899303183,1.4786545341070174,1.2651399966093333,0.3094881272833033,-0.3828206266185431,0.28358493159799675,-0.12452252856974258,0.30696572084483736,-1.6398858301417754,0.705383259030098,-0.12418539189352341,-0.5674663974735673,-1.1858050739446975,1.2539576574247844
1.04344278518422,-1.428980200343039,-1.4309605764067381,0.10070029016923768,-0.29912770126947213,1.5912456557699148,-0.6008706620561387,0.29395385580394884,0.38042671226714214,1.474619900585151,0.7486689101850329,1.6960302757528956,-0.5178809603793936,0.7534613148009643,1.643477008246262,1.5431513261696426,0.617645783116612,-0.6234847980138998,-1.073293176992108,1.3963786681587527
1.04344278518422,-1.428980200343039,0.8689258346939962,-1.3252090719971812,-1.427834007086819,-0.25171661136842904,-0.19549325469831172,0.8863041949554832,1.2651399966093333,-1.4382095326694684,-0.7599838055530684,1.111570133343972,0.2688359032399084,-0.2511537716003215,0.8226362986492527,-1.3192229032238012,0.21819822734192373,-0.39941119585257,1.626992349870039,0.11458957155303831
-0.9583659154090078,-1.428980200343039,-0.8559889736315546,-1.4774640997988384,1.377963802442963,0.6658096675502312,-0.6008706620561387,1.4786545341070174,0.38042671226714214,0.3094881272833033,-0.3828206266185431,1.111570133343972,-1.1570884120700764,-0.4185896193338691,-1.280768019693084,0.3563132310552879,1.5877327042837122,-0.6795031985542321,-0.2857098983239818,0.9691156359568479
-0.9583659154090078,1.3390201877306425,0.2939542319188126,1.7144212435161441,-1.4652446445472158,-0.14889039045513092,-1.4116254767717928,-0.2983964833475855,-1.38899985641724,-1.4382095326694684,-0.0056574476840177594,-1.274975448159133,0.5638547270971467,-0.02790597462225794,-0.1008094996473829,0.635569253435136,-0.6377608207466942,-0.7915399996348971,-0.7357574861343397,-1.0247785143187078
1.04344278518422,-0.04498000630619821,-0.8559889736315546,1.717156363776054,-0.4442079782500368,-0.18052922765922272,1.2638654117898656,-0.8907468224991199,0.38042671226714214,0.3094881272833033,-0.7599838055530684,-0.78792532948503,0.12132649131128928,-0.2511537716003215,-1.332070564042897,-0.06257080251448437,-1.151336249599865,1.5052144225187327,0.9519209681545021,-0.027831439180929955
-0.9583659154090078,-1.428980200343039,1.4438974374691798,-0.8337991319666825,-0.7416681687888044,0.7528164698614844,0.6152615600173423,0.29395385580394884,0.38042671226714214,-0.8556436460185445,-1.1371469844875939,-1.6646155430984155,-1.3537676279749018,1.2557688580016073,-0.25471713269682217,0.3563132310552879,-0.29537720151124697,-0.39941119585257,-0.06068610441880291,-0.597515482116803
1.04344278518422,-1.428980200343039,-1.4309605764067381,0.17728365744671828,1.711009721297718,-1.295798239103457,-1.249474513828662,-0.8907468224991199,0.38042671226714214,0.3094881272833033,0.7486689101850329,-0.39828523454574755,0.5146849231209403,1.2557688580016073,0.9252413873488788,-1.0399668808439528,1.188285148509024,1.1130856187364058,-0.454477743752866,-0.12277877967024213
-0.9583659154090078,-0.7369801033246186,-0.28101737085637096,1.7189797772826605,-0.729806259350141,1.6624330394791211,0.5341860785457769,0.8863041949554832,-1.38899985641724,-1.4382095326694684,1.5029952680540837,1.5499152401506648,-0.07535272459353622,0.7534613148009643,1.027846476048505,0.635569253435136,-0.5236329476682118,1.67326962413973,0.3331055349152602,-0.2651997904042104
-0.9583659154090078,-0.04498000630619821,0.2939542319188126,0.24566166394446853,1.5613671714561297,1.5200582720607085,-1.3305499953002273,1.4786545341070174,-1.38899985641724,-0.2730777593676206,0.3715057312505076,1.3063901808136131,1.4489111986688614,-0.30696572084483736,-1.1781629309934576,0.14687121427040176,-1.7219756149922767,0.8329936160347435,-1.2983169708972868,-1.689409897743893
1.04344278518422,-0.04498000630619821,-0.28101737085637096,-1.1218984660105367,0.0704164004734745,1.4488708883515022,0.6152615600173423,-1.483097161650654,-0.504286572075049,-0.8556436460185445,-0.0056574476840177594,-1.5185005074961846,0.3671755111923211,0.6976493655564485,0.5148210325503741,0.49594124224521197,0.10407035426344134,-1.0156136017962267,-0.22945394984768708,-1.5469888870099247
1.04344278518422,-0.7369801033246186,1.4438974374691798,0.41888594707210175,-0.36847424875703794,-0.670931204322645,-0.7630216249992695,0.8863041949554832,1.2651399966093333,-0.8556436460185445,-0.7599838055530684,1.111570133343972,-0.22286213652215534,-1.0883330102680597,0.15570322210168253,1.1242672925998702,0.7317736561950944,-0.28737439477190513,-0.5107336922291608,1.111536646690816
-0.9583659154090078,0.6470200907122222,0.8689258346939962,0.5574653735742086,-1.616712103533214,-1.5805477739402825,0.6152615600173423,0.8863041949554832,-0.504286572075049,-1.4382095326694684,-0.7599838055530684,-1.2262704362917227,0.31800570721611476,0.976709111779028,0.8226362986492527,-1.6682929311986112,0.617645783116612,-1.407742405578554,1.40196855596486,-0.9773048440740517
-0.9583659154090078,1.3390201877306425,0.8689258346939962,1.1108713728293347,-0.11024960482307766,-0.3703622508837734,-0.5197951805845733,0.29395385580394884,-1.38899985641724,-0.8556436460185445,0.3715057312505076,-1.4697954956287742,-1.501277039903521,-0.920897162534512,-0.9216502092443922,0.635569253435136,1.0170933388913004,-1.407742405578554,0.9519209681545021,-1.3096205357866444
-0.9583659154090078,1.3390201877306425,1.4438974374691798,1.010583629965968,1.0868907939096297,-0.9161321926543557,0.45311059707421153,0.29395385580394884,1.2651399966093333,1.474619900585151,-0.0056574476840177594,-0.6905153057502094,0.17049629528749566,-1.0325210610235438,1.4382668308470097,-1.4588509144137252,-0.23831326497200578,1.4491960219784004,-0.5669896407054554,1.111536646690816
-0.9583659154090078,1.3390201877306425,-1.4309605764067381,1.5320798928554766,0.14523767539426935,-1.5093603902310762,-1.249474513828662,-1.483097161650654,-0.504286572075049,-0.2730777593676206,1.1258320891195583,-0.154760175208696,0.3671755111923211,1.5348286042241868,-0.9729527535942053,-0.2720128192993705,-1.3795919957568297,-1.407742405578554,-1.5795967132787605,1.3014313276694405
1.04344278518422,1.3390201877306425,-0.8559889736315546,-1.0052000015877107,0.21549667745403914,0.76863588846353,1.1827899303183,-0.8907468224991199,0.38042671226714214,0.3094881272833033,-1.5143101634221192,-1.713320554965826,-1.2554280200224892,0.36277767008935324,-1.434675652742523,-0.41164083048929456,-0.06712145535428223,-1.5757976071995512,1.7395042468226283,0.20953691204235048
-0.9583659154090078,-1.428980200343039,1.4438974374691798,-0.09896348880419287,-0.3994977042120017,-1.6991934134556268,0.6152615600173423,-0.2983964833475855,1.2651399966093333,0.8920540139342272,-1.1371469844875939,1.5012102282832545,0.9572131589067976,1.1999569087570914,-0.20341458834700907,0.565755247840174,1.2453490850482651,1.3931776214380678,-0.34196584680027653,0.9216419657121918
-0.9583659154090078,1.3390201877306425,1.4438974374691798,-1.1647486834157947,-0.5235915260318554,1.6466136208770756,0.0477331897163845,-1.483097161650654,0.38042671226714214,-0.2730777593676206,-0.3828206266185431,-0.057350151473875385,0.8588735509543849,-0.8092732640454803,0.7200312099496264,0.3563132310552879,-0.6377608207466942,0.49688321279274894,0.7268971742493232,0.8266946252228796
-0.9583659154090078,1.3390201877306425,0.2939542319188126,0.19004755199296505,0.843265423130946,1.6307942022750301,-0.5197951805845733,0.8863041949554832,1.2651399966093333,0.3094881272833033,-0.7599838055530684,1.6960302757528956,0.9080433549305912,-1.0325210610235438,-1.1268603866436446,-0.6210828472741807,1.3024130215875063,-1.4637608061188863,1.6832482983463335,0.3994315930209748
-0.9583659154090078,0.6470200907122222,-1.4309605764067381,1.3059766180362489,-0.5856384369417816,0.7290873419584147,0.1288086711879499,-1.483097161650654,-1.38899985641724,1.474619900585151,1.5029952680540837,0.04005987226094523,0.5146849231209403,-1.3115808072461232,-1.1781629309934576,0.2166852198653638,-1.208400186139106,1.67326962413973,1.1769447620596811,-0.45509447138283476
-0.9583659154090078,-1.428980200343039,-0.8559889736315546,1.2093357021860949,0.2729813155029416,0.27823391180010704,-1.3305499953002273,0.8863041949554832,-0.504286572075049,-0.8556436460185445,-0.7599838055530684,-0.10605516334128569,0.2688359032399084,0.2511537716003215,0.001795589052243283,-1.109780886438915,-0.23831326497200578,1.3931776214380678,0.22059363796267073,-0.12277877967024213
1.04344278518422,0.6470200907122222,-1.4309605764067381,-0.15001906698917994,-0.7498802599386466,-1.564728355338237,0.45311059707421153,1.4786545341070174,-1.38899985641724,0.3094881272833033,-0.7599838055530684,-1.3723854718939537,0.613024531073353,-0.36277767008935324,-0.5625323987957006,-0.41164083048929456,1.188285148509024,0.4408648122524165,-0.2857098983239818,0.30448425253166267
-0.9583659154090078,-1.428980200343039,0.8689258346939962,-1.3671475826491353,1.0586047021712806,1.6703427487801454,1.5881673376761272,-0.2983964833475855,1.2651399966093333,1.474619900585151,-0.3828206266185431,0.38099495533281735,1.0063829628830039,-0.5302135178229008,0.5661235769001872,-0.8305248640590668,0.7888375927343356,-1.0156136017962267,-0.06068610441880291,1.1590103169354722
-0.9583659154090078,0.6470200907122222,0.2939542319188126,0.14993245484761714,-1.1486229079921477,-0.1330709718530854,-1.4116254767717928,0.29395385580394884,-0.504286572075049,-0.2730777593676206,-0.7599838055530684,-0.008645139606465081,1.0555527668592104,-0.6976493655564485,-0.767742576194953,-0.3418268248943325,0.902965465812818,0.04873600847008947,-1.3545729193735816,1.3489049979140966
-0.9583659154090078,-0.04498000630619821,1.4438974374691798,0.339567459534711,0.455472229943903,-0.4178205066899107,0.3720351156026461,-1.483097161650654,1.2651399966093333,1.474619900585151,0.3715057312505076,-0.3495802226783372,0.7113641390257658,0.19534182235580558,-0.25471713269682217,-1.0399668808439528,0.04700641772420015,-0.7915399996348971,0.6706412257730285,-1.4520415465206127
-0.9583659154090078,0.6470200907122222,0.8689258346939962,1.3223873395957082,1.6973229027146455,1.5358776906627556,1.0206389673751692,1.4786545341070174,1.2651399966093333,1.474619900585151,-0.7599838055530684,-1.5185005074961846,-1.10791860809387,0.6418374163119326,-1.5372807414421492,-0.5512688416792186,-1.493719868835312,-0.9035768007155619,-1.3545729193735816,0.7317472847335674
1.04344278518422,0.6470200907122222,-1.4309605764067381,-0.4545291225924947,0.5941653249190333,-1.4698118437259615,-1.4927009582433581,1.4786545341070174,-1.38899985641724,0.8920540139342272,0.3715057312505076,-1.421090483761364,0.7605339430019721,0.8092732640454803,-0.4086247657462614,0.0770572086754397,-0.9801444399821413,-1.0716320023365593,0.3893614833915549,0.01964223106372613
-0.9583659154090078,-0.04498000630619821,1.4438974374691798,0.9923494948999011,1.0659043387489187,1.077114551203425,1.1827899303183,-0.2983964833475855,1.2651399966093333,-0.2730777593676206,-0.7599838055530684,-1.1775654244243126,-0.5178809603793936,-0.5302135178229008,-1.4859781970923363,-1.179594892033877,-0.35244113805048816,1.4491960219784004,1.4582245044411546,-0.7874101630954273
-0.9583659154090078,1.3390201877306425,-1.4309605764067381,1.5293447725955664,-0.8976979006358258,1.3697737953412732,-1.0873235508855312,1.4786545341070174,-1.38899985641724,1.474619900585151,-0.0056574476840177594,0.9654550977417411,-0.9604091961652509,-0.4185896193338691,1.592174463896449,-1.3192229032238012,-0.40950507458972935,1.3931776214380678,-0.11694205289509763,1.3014313276694405
1.04344278518422,-0.04498000630619821,-1.4309605764067381,-1.3480017408297644,-0.9734316301288246,0.7528164698614844,-1.0062480694139657,1.4786545341070174,-1.38899985641724,0.3094881272833033,-1.5143101634221192,-0.10605516334128569,-0.6653903723080127,1.5348286042241868,1.5408719195466358,0.9846392814099463,-0.7518886938251765,-0.06330079261057539,0.8394090712019127,-1.4995152167652686
1.04344278518422,-0.7369801033246186,0.8689258346939962,1.1136064930892449,-1.611237376099985,1.4093223418463883,0.8584880044320385,-0.8907468224991199,1.2651399966093333,0.8920540139342272,0.7486689101850329,1.0628651214765616,-1.2554280200224892,0.5860254670674168,-0.20341458834700907,0.565755247840174,-1.151336249599865,0.32882801117175164,-1.6358526617550553,-0.9298311738293956
1.04344278518422,-0.7369801033246186,1.4438974374691798,0.46264787123066226,-1.2462555472180614,1.3539543767392277,-0.6819461435277041,0.29395385580394884,-0.504286572075049,-0.2730777593676206,0.3715057312505076,1.3063901808136131,0.4163453151685275,-0.2511537716003215,0.7713337542994395,-0.3418268248943325,0.902965465812818,-0.28737439477190513,1.40196855596486,-0.5025681416274909
-0.9583659154090078,0.6470200907122222,-1.4309605764067381,-1.6096615790278226,1.4007751667480832,-1.327437076307549,1.2638654117898656,-1.483097161650654,1.2651399966093333,-0.8556436460185445,-0.7599838055530684,0.5271099909350483,0.6621943350495594,-1.6464525027132184,1.643477008246262,0.705383259030098,-0.010057518815041033,-0.7915399996348971,-1.073293176992108,0.20953691204235048
1.04344278518422,0.6470200907122222,0.8689258346939962,-1.1073111579576835,-1.149535362564353,-0.6076535299144614,0.1288086711879499,-0.8907468224991199,-0.504286572075049,0.3094881272833033,0.7486689101850329,0.9167500858743307,-0.7145601762842191,-1.1441449595125757,-0.30601967704663524,-1.6682929311986112,-1.6649116784530356,1.5052144225187327,-0.7357574861343397,-0.7399364928507712
-0.9583659154090078,-1.428980200343039,0.2939542319188126,-1.7400356447501997,0.9135244251907159,0.017213504866350746,1.5070918562045617,-0.2983964833475855,0.38042671226714214,-0.8556436460185445,0.3715057312505076,0.3322899434654071,-0.5178809603793936,0.7534613148009643,-1.2294654753432708,1.0544532870049084,1.7018605773621946,-1.5757976071995512,0.8956650196782074,-1.3096205357866444
-0.9583659154090078,-0.7369801033246186,0.2939542319188126,-1.5549591738296222,-1.20975736432987,-1.2799788205014109,0.6152615600173423,0.8863041949554832,0.38042671226714214,-1.4382095326694684,-0.0056574476840177594,-0.7392203176176196,1.399741394692655,0.4185896193338691,1.1817541090979442,0.007243203080477669,0.7888375927343356,-0.8475584001752294,0.27684958643896546,-0.597515482116803
-0.9583659154090078,1.3390201877306425,-1.4309605764067381,0.17637195069341446,-1.3292889132886994,0.4285183885195439,0.45311059707421153,-0.2983964833475855,-0.504286572075049,-0.2730777593676206,0.3715057312505076,-0.008645139606465081,-0.2720319404983617,1.1441449595125757,-0.9729527535942053,0.8450112702200222,-0.29537720151124697,0.32882801117175164,0.051825792533786545,-0.12277877967024213
1.04344278518422,-0.04498000630619821,1.4438974374691798,0.1408153873145843,-0.7653919876661285,-0.32290399507763534,-0.0333422917551809,0.29395385580394884,0.38042671226714214,-1.4382095326694684,0.7486689101850329,-1.3236804600265433,0.12132649131128928,1.0325210610235438,1.2843591977975704,1.2638953037897944,0.8459015292735768,-1.0716320023365593,0.7268971742493232,-0.07530510942558605
-0.9583659154090078,-1.428980200343039,-0.28101737085637096,-0.14637223997596732,1.220109161451531,-1.5093603902310762,1.1017144488467348,0.8863041949554832,1.2651399966093333,-0.2730777593676206,-0.0056574476840177594,0.3322899434654071,-0.6162205683318063,-0.5302135178229008,-1.2294654753432708,0.565755247840174,-1.0942723130606236,-0.6795031985542321,-0.8482693830869291,-1.5469888870099247
-0.9583659154090078,-0.04498000630619821,-1.4309605764067381,-1.088165316138314,1.1881732514243633,1.6149747836729846,0.3720351156026461,-0.2983964833475855,1.2651399966093333,0.3094881272833033,-0.0056574476840177594,-1.421090483761364,0.8097037469781785,-0.8650852132899961,-1.5372807414421492,-0.8305248640590668,0.617645783116612,-0.007282392070242962,1.2894566590122705,-1.4045678762759566
-0.9583659154090078,-1.428980200343039,-1.4309605764067381,0.8227720387854806,1.3816136207317828,1.1166630977085388,-1.249474513828662,0.8863041949554832,-1.38899985641724,1.474619900585151,-0.0056574476840177594,-0.2521701989435166,0.5638547270971467,-1.0883330102680597,0.053098133402056366,-1.249408897628839,-1.0942723130606236,0.6089200138734138,-1.073293176992108,0.7792209549782235
-0.9583659154090078,-1.428980200343039,-0.8559889736315546,-0.13360834542972055,0.7684441482101525,-0.14889039045513092,-1.4927009582433581,-0.2983964833475855,-0.504286572075049,-0.8556436460185445,1.1258320891195583,0.9167500858743307,1.2522319827640358,-1.7022644519577343,1.027846476048505,-0.6908968528691427,-0.29537720151124697,1.4491960219784004,-0.2857098983239818,-1.2621468655419883
1.04344278518422,-1.428980200343039,-0.28101737085637096,-0.34877113920930797,-1.403197733637289,1.551697109264801,-0.1144177732267463,1.4786545341070174,-1.38899985641724,1.474619900585151,-0.7599838055530684,0.5271099909350483,0.46551511914473387,-0.36277767008935324,0.6687286655998134,-0.6210828472741807,0.8459015292735768,1.6172512235993977,-0.6795015376580449,1.4913260086480649
1.04344278518422,1.3390201877306425,-0.8559889736315546,-0.20745659244729103,-1.138585907697895,-0.16470980905717647,1.4260163747329964,-1.483097161650654,-0.504286572075049,-0.2730777593676206,-0.3828206266185431,-0.154760175208696,-0.5670507643556,-1.6464525027132184,-0.15211204399719597,1.3337093093847565,-0.8660165669036589,0.1047544090104219,0.5018733803441443,1.06406297644616
-0.9583659154090078,-0.7369801033246186,-1.4309605764067381,-0.21475024647371757,-1.4734567356970594,1.2748572837289984,-1.3305499953002273,0.29395385580394884,0.38042671226714214,-0.8556436460185445,-0.3828206266185431,0.28358493159799675,0.9572131589067976,-1.6464525027132184,-0.767742576194953,-0.4814548360842566,-1.0372083765213824,0.889012016575076,-0.7920134346106343,-0.9773048440740517
-0.9583659154090078,-0.04498000630619821,1.4438974374691798,-1.6370127816269224,0.7866932396542475,0.6499902489481857,-0.19549325469831172,-0.8907468224991199,-0.504286572075049,-0.2730777593676206,-1.5143101634221192,-0.057350151473875385,1.3014017867402423,1.3673927564906392,-0.4086247657462614,-1.7381069367935733,0.617645783116612,-0.06330079261057539,0.051825792533786545,-0.9298311738293956
-0.9583659154090078,-1.428980200343039,0.8689258346939962,-0.3132145758304778,0.3268161352630255,1.1878504814177453,1.2638654117898656,0.8863041949554832,-0.504286572075049,-0.2730777593676206,0.3715057312505076,-1.0314503888220816,-0.8620695882128382,1.2557688580016073,-1.1781629309934576,-0.5512688416792186,-0.23831326497200578,1.3931776214380678,-1.5795967132787605,1.1590103169354722
1.04344278518422,-0.04498000630619821,0.8689258346939962,-1.533078211750342,-0.04181551190771714,1.7019815859842364,0.0477331897163845,-0.8907468224991199,-0.504286572075049,-0.2730777593676206,-1.1371469844875939,0.7706350502720998,-0.07535272459353622,1.6464525027132184,0.6174261212500003,-0.20219881370440845,0.2752621638811649,-0.8475584001752294,1.2332007105359757,-0.9298311738293956
-0.9583659154090078,1.3390201877306425,-0.8559889736315546,-0.47185155090525793,-0.9633946298345718,-1.1850623088891354,1.2638654117898656,-0.8907468224991199,1.2651399966093333,1.474619900585151,1.1258320891195583,-0.39828523454574755,-0.6162205683318063,-0.4185896193338691,-0.8703476648945792,1.1940812981948323,0.7888375927343356,1.0570672181960732,1.4582245044411546,0.01964223106372613
1.04344278518422,-0.04498000630619821,0.2939542319188126,1.272243468164025,0.043955217879534526,0.1833174001878324,0.7774125229604731,0.8863041949554832,1.2651399966093333,-0.2730777593676206,0.7486689101850329,-0.8366303413524403,-0.17369233254594896,-1.3115808072461232,0.001795589052243283,-1.249408897628839,1.3594769581267474,0.04873600847008947,-0.17319800137139235,1.1590103169354722
1.04344278518422,0.6470200907122222,0.2939542319188126,-0.8483864400195356,1.3213916189662644,-0.7262991694298058,-1.654851921186489,0.8863041949554832,1.2651399966093333,1.474619900585151,0.7486689101850329,1.5499152401506648,1.2030621787878295,-0.920897162534512,1.592174463896449,1.1940812981948323,-0.9801444399821413,-1.4637608061188863,1.40196855596486,-0.550041811872147
1.04344278518422,-0.7369801033246186,-0.8559889736315546,0.6814574920234623,-0.3648244304682181,-1.3116176577055025,-1.0873235508855312,-0.2983964833475855,-1.38899985641724,-0.8556436460185445,1.5029952680540837,1.452505216415844,0.3671755111923211,1.5906405534687027,-1.5885832857919624,-1.179594892033877,1.7018605773621946,-0.5674663974735673,-1.5233407648024657,1.016589306201504
1.04344278518422,0.6470200907122222,1.4438974374691798,0.8628871359308272,1.220109161451531,-1.4144438786188007,-1.3305499953002273,-0.8907468224991199,1.2651399966093333,-1.4382095326694684,-0.7599838055530684,1.111570133343972,0.9572131589067976,-0.7534613148009643,-0.767742576194953,-1.0399668808439528,0.9600294023520591,1.1130856187364058,-0.11694205289509763,-0.40762080113817867
-0.9583659154090078,-1.428980200343039,-0.8559889736315546,0.7443652580013936,-0.5555274360590231,-0.4494593438940025,1.5070918562045617,-0.8907468224991199,1.2651399966093333,1.474619900585151,-0.3828206266185431,-1.3723854718939537,-0.8620695882128382,0.6418374163119326,0.10440067775186945,-1.179594892033877,-1.7219756149922767,-1.0716320023365593,0.8394090712019127,1.111536646690816
1.04344278518422,-1.428980200343039,-1.4309605764067381,-0.05428985789232984,-0.965219538978981,0.1595882722847634,1.1017144488467348,0.8863041949554832,-0.504286572075049,1.474619900585151,-1.1371469844875939,1.3550951926810235,0.3671755111923211,0.2511537716003215,-1.0242552979440185,1.3337093093847565,1.2453490850482651,-1.1276504028768917,1.4582245044411546,0.20953691204235048
1.04344278518422,1.3390201877306425,-0.8559889736315546,1.1582801240011078,1.3469403469879992,0.22286594669294696,0.3720351156026461,-0.2983964833475855,-1.38899985641724,0.8920540139342272,1.5029952680540837,-1.2262704362917227,-0.22286213652215534,1.1441449595125757,-1.1781629309934576,0.0770572086754397,0.10407035426344134,-0.2313559942315727,1.1206888135833863,0.8266946252228796
-0.9583659154090078,-1.428980200343039,-0.28101737085637096,-0.9623497841824526,0.7401580564718032,0.0567620513714653,0.5341860785457769,-1.483097161650654,0.38042671226714214,-0.8556436460185445,-1.5143101634221192,-1.6159105312310051,-1.5996166478559337,-1.1999569087570914,-1.1268603866436446,1.7525933429545286,-0.9801444399821413,0.04873600847008947,0.3331055349152602,-0.5025681416274909
-0.9583659154090078,1.3390201877306425,-1.4309605764067381,0.01408814860542042,0.6744613272730572,0.04885234207044253,1.0206389673751692,0.8863041949554832,0.38042671226714214,1.474619900585151,1.1258320891195583,-0.6905153057502094,-0.8128997842366318,-1.4790166549796708,1.5408719195466358,0.42612723665024993,1.4165408946659888,-0.6234847980138998,1.6832482983463335,-0.3126734606488665
1.04344278518422,0.6470200907122222,-0.8559889736315546,0.17637195069341446,-0.932371174379608,0.24659507459601598,0.939563485903604,-0.2983964833475855,-0.504286572075049,1.474619900585151,-1.1371469844875939,-0.8366303413524403,-1.3045978239986955,-0.6976493655564485,-0.3573222213964483,1.5431513261696426,-0.5236329476682118,-0.2313559942315727,-0.6232455891817502,1.586273349137377
-0.9583659154090078,-0.04498000630619821,-1.4309605764067381,-0.8921483641780962,1.2666443446339766,-0.030244750939786576,-1.5737764397149236,0.8863041949554832,1.2651399966093333,0.8920540139342272,1.5029952680540837,0.6732250265372792,-0.2720319404983617,1.5348286042241868,0.6174261212500003,-0.4814548360842566,0.3323261004204061,-0.4554295963929024,0.9519209681545021,1.1590103169354722
-0.9583659154090078,0.6470200907122222,-0.28101737085637096,1.0187889907456973,0.14979994825529314,1.0850242605044478,-0.3576442176414425,-0.2983964833475855,1.2651399966093333,-1.4382095326694684,-1.5143101634221192,-1.1775654244243126,1.1047225708354167,-1.3115808072461232,1.3356617421473835,-0.13238480810944642,0.04700641772420015,0.32882801117175164,-0.2857098983239818,0.5893262739995991
1.04344278518422,0.6470200907122222,1.4438974374691798,1.4108228946661316,-0.44055815996121694,-1.1059652158789064,0.45311059707421153,-0.2983964833475855,1.2651399966093333,0.3094881272833033,1.1258320891195583,0.04005987226094523,0.21966609926370204,1.5348286042241868,1.4895693751968229,0.14687121427040176,-0.35244113805048816,-1.6318160077398836,-0.004430155942508177,-0.07530510942558605
-0.9583659154090078,-1.428980200343039,-1.4309605764067381,0.6659584772173067,-0.44055815996121694,1.3460446674382047,-0.6819461435277041,1.4786545341070174,1.2651399966093333,0.3094881272833033,1.1258320891195583,-1.1288604125569022,0.8097037469781785,-0.7534613148009643,1.643477008246262,1.0544532870049084,-1.7219756149922767,-0.28737439477190513,0.8394090712019127,0.20953691204235048
1.04344278518422,-1.428980200343039,-1.4309605764067381,-0.7845669672883031,-0.9442330838182714,-1.643825448348466,-0.4387196991130079,-0.8907468224991199,1.2651399966093333,-1.4382095326694684,0.7486689101850329,-0.8366303413524403,-0.9112393921890445,-0.8092732640454803,1.643477008246262,1.7525933429545286,-0.8660165669036589,1.67326962413973,1.4582245044411546,0.4469052632656309
1.04344278518422,0.6470200907122222,-0.8559889736315546,1.0880787039967512,-1.3575750050270485,-0.7579380066338969,-1.4927009582433581,-0.8907468224991199,-1.38899985641724,1.474619900585151,1.5029952680540837,0.4296999672002277,-0.9604091961652509,1.1441449595125757,-0.7164400318451399,-0.13238480810944642,-1.208400186139106,-0.06330079261057539,-0.7357574861343397,-1.689409897743893
1.04344278518422,0.6470200907122222,-0.28101737085637096,1.3333278206353487,0.22370876860388272,-1.327437076307549,0.0477331897163845,-0.8907468224991199,0.38042671226714214,1.474619900585151,-0.7599838055530684,-0.5444002701479784,-0.6162205683318063,0.5860254670674168,-0.6138349431455138,-0.20219881370440845,-1.2654641226783472,0.49688321279274894,-0.8482693830869291,0.3994315930209748
1.04344278518422,0.6470200907122222,0.8689258346939962,0.1608729358872576,-0.7380183504999845,-1.0664166693737918,1.4260163747329964,-0.8907468224991199,0.38042671226714214,-0.8556436460185445,1.1258320891195583,-1.274975448159133,-1.7471260597845528,-1.0883330102680597,0.001795589052243283,1.5431513261696426,0.10407035426344134,-0.6795031985542321,-1.5233407648024657,-1.5944625572545807
-0.9583659154090078,-0.04498000630619821,0.2939542319188126,0.39791669174612465,0.3167791349687727,0.16749798158578688,0.7774125229604731,-1.483097161650654,1.2651399966093333,-0.2730777593676206,-1.5143101634221192,0.6732250265372792,-1.5504468438797274,0.02790597462225794,-1.434675652742523,1.0544532870049084,1.2453490850482651,-0.34339279531223754,-0.004430155942508177,1.2064839871801283
-0.9583659154090078,0.6470200907122222,0.8689258346939962,-0.6897494649447554,0.9828709726782816,0.12794943508067164,-0.2765687361698771,-0.8907468224991199,-0.504286572075049,-0.2730777593676206,-0.7599838055530684,0.7219300384046895,1.399741394692655,-1.3115808072461232,1.3869642864971965,-1.109780886438915,-1.151336249599865,1.2251224198170705,1.0081769166307968,-0.12277877967024213
-0.9583659154090078,1.3390201877306425,0.8689258346939962,-0.7289528553367995,-0.931458719807404,-0.5997438206134387,-1.4927009582433581,1.4786545341070174,-1.38899985641724,-0.2730777593676206,-0.3828206266185431,0.5271099909350483,-0.07535272459353622,-1.5906405534687027,-1.1781629309934576,-0.9003388696540289,1.1312212119697826,0.5529016133330814,0.783153122725618,-1.5944625572545807
-0.9583659154090078,-0.04498000630619821,-0.8559889736315546,-0.3907096498612609,0.8980126974632352,-0.5048273090011632,1.2638654117898656,1.4786545341070174,-1.38899985641724,-0.8556436460185445,-0.7599838055530684,1.6960302757528956,-1.6979562558083465,1.5906405534687027,1.2843591977975704,-0.06257080251448437,-0.46656901112897053,-1.1276504028768917,-0.6232455891817502,0.4469052632656309
1.04344278518422,0.6470200907122222,-0.8559889736315546,1.3852951055736396,-1.4141471885037462,0.33360187690726784,-0.1144177732267463,-0.8907468224991199,1.2651399966093333,-0.2730777593676206,0.3715057312505076,-0.5931052820153888,-0.4195413524269808,1.2557688580016073,1.5408719195466358,0.49594124224521197,1.188285148509024,-0.007282392070242962,-1.073293176992108,-1.4520415465206127
-0.9583659154090078,0.6470200907122222,0.8689258346939962,-1.5932508574683626,1.2593447080563382,-0.9398613205574248,-1.4116254767717928,-1.483097161650654,-0.504286572075049,-1.4382095326694684,-0.7599838055530684,0.6732250265372792,0.5638547270971467,-1.5348286042241868,0.7713337542994395,-0.6210828472741807,-1.3225280592175883,-0.9595952012558944,-1.3545729193735816,-0.2651997904042104
-0.9583659154090078,-0.04498000630619821,0.8689258346939962,0.8510349481378842,-0.6339985292686365,1.0059271674942187,0.6963370414889077,0.29395385580394884,0.38042671226714214,-1.4382095326694684,-1.5143101634221192,-0.8853353532198506,1.153892374811623,-1.7022644519577343,-0.0495069552975698,1.4733373205746805,-0.7518886938251765,1.67326962413973,-1.6358526617550553,-0.6924628226061151
-0.9583659154090078,-0.04498000630619821,-0.8559889736315546,0.32771527174176807,0.7292086016053452,0.9505592023870579,0.7774125229604731,0.29395385580394884,0.38042671226714214,-0.2730777593676206,-1.1371469844875939,0.04005987226094523,0.21966609926370204,0.1395298731112897,-0.20341458834700907,0.9148252758149842,0.7888375927343356,-1.3517240050382213,1.626992349870039,-0.36014713089352257
1.04344278518422,0.6470200907122222,0.8689258346939962,-1.4455543634332215,1.5896532631944789,0.8872815279788744,1.1017144488467348,0.29395385580394884,1.2651399966093333,-0.8556436460185445,-1.5143101634221192,-0.7392203176176196,1.2522319827640358,-0.920897162534512,-0.8703476648945792,1.6827793373595668,1.0170933388913004,1.4491960219784004,0.8394090712019127,1.586273349137377
-0.9583659154090078,1.3390201877306425,-0.28101737085637096,0.1626963493938639,0.80402987652614,-0.5760146927103696,-1.5737764397149236,1.4786545341070174,1.2651399966093333,1.474619900585151,-1.5143101634221192,1.2089801570787926,1.153892374811623,1.5348286042241868,0.5661235769001872,-1.249408897628839,1.3594769581267474,0.27280961063141923,-0.6232455891817502,-1.4520415465206127
-0.9583659154090078,-0.7369801033246186,1.4438974374691798,0.9458524504814305,-1.2088449097576648,0.460157225723635,1.2638654117898656,-1.483097161650654,-0.504286572075049,0.8920540139342272,0.3715057312505076,1.5499152401506648,-1.1570884120700764,0.4185896193338691,-0.45992731009607446,-0.4814548360842566,-1.3795919957568297,-1.295705604497889,-0.34196584680027653,0.11458957155303831
1.04344278518422,1.3390201877306425,0.2939542319188126,0.9057373533360839,0.9262987892015832,-0.19634864626126824,-0.19549325469831172,-1.483097161650654,-0.504286572075049,-0.8556436460185445,-1.5143101634221192,0.7706350502720998,1.2030621787878295,0.19534182235580558,-0.8190451205447661,0.007243203080477669,-0.29537720151124697,0.21679121009108676,1.4582245044411546,0.8266946252228796
1.04344278518422,-1.428980200343039,-0.28101737085637096,0.6294902070851728,-1.3968105516318552,-1.4381730065218699,-0.9251725879424003,-0.8907468224991199,-1.38899985641724,-0.2730777593676206,0.7486689101850329,-1.5185005074961846,0.5146849231209403,1.3115808072461232,0.10440067775186945,0.007243203080477669,0.3893900369596473,-0.6795031985542321,0.3331055349152602,-0.6924628226061151
1.04344278518422,0.6470200907122222,-0.8559889736315546,1.3971472933665825,-0.15222251514449822,1.5121485627596858,-1.654851921186489,-0.8907468224991199,-1.38899985641724,-0.8556436460185445,1.5029952680540837,1.3063901808136131,-0.32120174447456806,-1.2557688580016073,0.20700576645149563,-0.13238480810944642,-0.5806968842074529,-0.11931919315090783,-0.9607812800395186,-0.7399364928507712
1.04344278518422,0.6470200907122222,1.4438974374691798,-0.8647971615789963,1.6416631738101521,-1.6121866111443741,-1.1683990323570965,1.4786545341070174,-0.504286572075049,1.474619900585151,-0.3828206266185431,1.0141601096091513,0.9080433549305912,-0.6418374163119326,0.053098133402056366,-0.6210828472741807,-0.8089526303644177,1.4491960219784004,1.3457126074885652,-1.0247785143187078
1.04344278518422,1.3390201877306425,0.2939542319188126,1.5813120575338562,0.8396156048421275,1.472600016254572,1.4260163747329964,-0.8907468224991199,1.2651399966093333,1.474619900585151,-0.7599838055530684,-0.9827453769546712,-0.2720319404983617,-0.4185896193338691,0.7200312099496264,-0.9003388696540289,-1.6078477419137944,0.27280961063141923,-0.7357574861343397,-1.4995152167652686
-0.9583659154090078,-1.428980200343039,-0.28101737085637096,0.7006033338428331,0.38430077331192797,0.6658096675502312,-0.0333422917551809,-0.2983964833475855,0.38042671226714214,-1.4382095326694684,-0.7599838055530684,0.7706350502720998,1.4980810026450677,-1.1999569087570914,0.053098133402056366,-0.9701528752489909,-0.1812493284327646,-0.6234847980138998,-0.6232455891817502,-1.5469888870099247
-0.9583659154090078,0.6470200907122222,-0.28101737085637096,-0.1235795711433839,-0.8502502628811762,-1.7229225413586957,-0.3576442176414425,-0.2983964833475855,-0.504286572075049,0.8920540139342272,0.3715057312505076,1.403800204548434,0.9080433549305912,1.0883330102680597,1.2843591977975704,1.5431513261696426,-1.0942723130606236,1.0570672181960732,-0.6232455891817502,0.2570105822870066
1.04344278518422,1.3390201877306425,-0.8559889736315546,0.13169831978155144,0.3049172255301106,-0.4099107973888879,1.3449408932614308,-1.483097161650654,-0.504286572075049,0.3094881272833033,-1.5143101634221192,-0.2034651870761063,1.3505715907164486,0.30696572084483736,1.4895693751968229,-0.5512688416792186,-0.12418539189352341,-0.9035768007155619,-0.9045253315632238,1.111536646690816
1.04344278518422,-0.04498000630619821,-0.28101737085637096,0.7188374689089001,0.3861256824563372,0.08840088857555707,-1.1683990323570965,1.4786545341070174,-0.504286572075049,1.474619900585151,-1.5143101634221192,0.6732250265372792,0.4163453151685275,-0.6976493655564485,0.6687286655998134,-1.7381069367935733,-0.06712145535428223,1.5052144225187327,1.7395042468226283,-1.167199525052676
-0.9583659154090078,-0.04498000630619821,0.8689258346939962,-0.06158351191875638,-1.0135796313058358,-0.6313826578175304,-1.1683990323570965,-0.2983964833475855,-0.504286572075049,0.8920540139342272,1.1258320891195583,0.28358493159799675,-1.4029374319511083,1.5348286042241868,-1.434675652742523,-1.109780886438915,0.16113429080268254,1.3931776214380678,1.0644328651070916,-0.5025681416274909
-0.9583659154090078,-0.04498000630619821,0.2939542319188126,-0.7426284566363488,-1.6258366492552616,1.2194893186218376,1.5070918562045617,-1.483097161650654,-0.504286572075049,-0.2730777593676206,-1.5143101634221192,1.5499152401506648,0.5146849231209403,-0.4185896193338691,-0.767742576194953,-0.6908968528691427,-0.6948247572859353,-0.9595952012558944,0.8956650196782074,0.20953691204235048
-0.9583659154090078,-0.04498000630619821,-0.28101737085637096,0.08884810237629341,-0.183245970599462,0.8872815279788744,-1.0062480694139657,1.4786545341070174,0.38042671226714214,1.474619900585151,-0.0056574476840177594,0.7219300384046895,-1.2062582160462827,0.8650852132899961,1.4895693751968229,0.3563132310552879,1.47360483120523,1.1691040192767381,0.783153122725618,1.4438523384034088
-0.9583659154090078,-0.04498000630619821,-0.8559889736315546,1.4308804432388063,1.36792680214871,-0.7025700415267367,1.0206389673751692,-1.483097161650654,0.38042671226714214,-0.8556436460185445,0.7486689101850329,0.5271099909350483,-0.17369233254594896,-1.4790166549796708,-1.280768019693084,1.7525933429545286,1.2453490850482651,0.6649384144137462,-0.7920134346106343,-1.4045678762759566
-0.9583659154090078,-0.04498000630619821,0.8689258346939962,-1.5476655198031957,-1.3712618236101204,0.46806693502465774,0.7774125229604731,-1.483097161650654,-1.38899985641724,0.3094881272833033,-1.5143101634221192,-0.78792532948503,1.5964206105974805,-0.2511537716003215,0.9252413873488788,0.7751972646250601,0.8459015292735768,-0.34339279531223754,0.22059363796267073,-0.8823575035847395
1.04344278518422,-0.04498000630619821,-1.4309605764067381,-1.0963706769180444,-1.478019008558083,0.4047892606164742,1.1827899303183,-1.483097161650654,0.38042671226714214,-1.4382095326694684,0.3715057312505076,-0.154760175208696,-0.8620695882128382,0.2511537716003215,-1.5372807414421492,1.5431513261696426,1.4165408946659888,-1.1276504028768917,-0.5107336922291608,-1.167199525052676
1.04344278518422,0.6470200907122222,-0.28101737085637096,0.4489722699311117,0.6927104187171537,0.4364280978205667,0.5341860785457769,0.29395385580394884,1.2651399966093333,0.3094881272833033,1.1258320891195583,0.9167500858743307,-0.6653903723080127,-0.7534613148009643,-0.9216502092443922,-1.249408897628839,0.7888375927343356,0.8329936160347435,1.6832482983463335,0.9691156359568479
1.04344278518422,-0.7369801033246186,-1.4309605764067381,-1.1592784428959744,-0.5327160717539029,0.46806693502465774,0.8584880044320385,0.29395385580394884,-0.504286572075049,1.474619900585151,1.5029952680540837,0.23487991973058645,0.613024531073353,0.08371792386677382,-0.5112298544458875,-0.3418268248943325,-0.12418539189352341,0.04873600847008947,0.10808174101008128,0.7792209549782235
1.04344278518422,0.6470200907122222,1.4438974374691798,-0.43811840103303407,-0.675971439590057,-1.6121866111443741,-1.654851921186489,0.8863041949554832,0.38042671226714214,0.3094881272833033,-1.5143101634221192,1.6960302757528956,-1.2062582160462827,-0.30696572084483736,0.10440067775186945,-1.5984789256036493,0.04700641772420015,1.4491960219784004,-0.454477743752866,1.3963786681587527
1.04344278518422,-1.428980200343039,1.4438974374691798,-0.5903734288346915,0.5001825039819381,-0.3387234136796816,-0.6819461435277041,0.29395385580394884,-0.504286572075049,1.474619900585151,0.7486689101850329,-0.5444002701479784,-0.8128997842366318,-0.6976493655564485,1.592174463896449,0.705383259030098,1.0741572754305415,-0.9035768007155619,-0.6232455891817502,-1.2146731952973322
-0.9583659154090078,-1.428980200343039,-0.8559889736315546,-0.04334937685268938,-0.2763163369643519,-1.6833739948535813,-0.5197951805845733,-0.2983964833475855,1.2651399966093333,1.474619900585151,-0.7599838055530684,-0.5931052820153888,-1.3045978239986955,0.30696572084483736,0.5148210325503741,1.0544532870049084,1.0741572754305415,-0.11931919315090783,-1.4670848163261712,-1.11972585480802
1.04344278518422,-0.7369801033246186,-1.4309605764067381,0.667781890723913,1.541293170867624,1.2669475744279743,0.6152615600173423,1.4786545341070174,-0.504286572075049,-0.8556436460185445,0.7486689101850329,-0.5931052820153888,0.613024531073353,-1.2557688580016073,0.7713337542994395,-0.6908968528691427,1.0741572754305415,-0.34339279531223754,0.051825792533786545,-0.644989152361459
-0.9583659154090078,-0.04498000630619821,-0.8559889736315546,-0.9632614909357565,0.8140668768203928,1.6307942022750301,-0.7630216249992695,-0.8907468224991199,0.38042671226714214,0.3094881272833033,-0.7599838055530684,-1.2262704362917227,-0.2720319404983617,-0.5860254670674168,-0.6138349431455138,1.5431513261696426,-1.0942723130606236,-0.7355215990945646,-0.7920134346106343,0.541852603754943
-0.9583659154090078,-0.04498000630619821,-0.28101737085637096,-0.2995389745309272,-0.9761689938454392,-0.20425835556229172,0.6152615600173423,-1.483097161650654,-0.504286572075049,1.474619900585151,-0.0056574476840177594,-0.6905153057502094,0.022986883358876536,-1.423204705735155,1.592174463896449,-1.0399668808439528,-1.3795919957568297,-1.0156136017962267,-0.22945394984768708,-1.3570942060313005
1.04344278518422,-0.04498000630619821,-0.8559889736315546,-1.4127329203143015,0.16622413055497898,-1.7071031227566495,1.3449408932614308,-0.2983964833475855,1.2651399966093333,0.8920540139342272,-0.7599838055530684,-1.567205519363595,-1.5504468438797274,1.0883330102680597,-0.3573222213964483,0.007243203080477669,-1.4366559322960708,0.7209568149540787,0.7268971742493232,-1.3570942060313005
1.04344278518422,-0.04498000630619821,-0.28101737085637096,-0.5192603020770311,1.3323410738327226,1.1483019349126313,-0.6819461435277041,0.29395385580394884,1.2651399966093333,0.8920540139342272,-0.0056574476840177594,-0.39828523454574755,-1.7471260597845528,0.6418374163119326,-0.5625323987957006,0.9846392814099463,-1.4366559322960708,-0.17533759369124027,0.5581293288204391,-1.3096205357866444
-0.9583659154090078,-0.04498000630619821,0.2939542319188126,-0.7125421337773389,-0.37212406704585643,-0.18052922765922272,-0.3576442176414425,-0.8907468224991199,0.38042671226714214,-0.8556436460185445,-1.1371469844875939,-1.567205519363595,1.0063829628830039,-1.423204705735155,-1.0242552979440185,1.0544532870049084,0.16113429080268254,-0.9595952012558944,-1.4108288678498764,0.7792209549782235
-0.9583659154090078,-0.04498000630619821,0.8689258346939962,0.8492115346312766,1.1690117054080629,1.3618640860402504,-1.0062480694139657,-1.483097161650654,1.2651399966093333,-0.8556436460185445,1.5029952680540837,-1.3723854718939537,0.5638547270971467,-0.7534613148009643,-0.9729527535942053,0.7751972646250601,-0.8660165669036589,1.5612328230590653,0.3893614833915549,1.4438523384034088
-0.9583659154090078,-0.04498000630619821,0.2939542319188126,-1.6853332395519993,1.771231723063235,1.5596068185658238,0.2098841526595153,0.29395385580394884,-1.38899985641724,-0.2730777593676206,0.7486689101850329,-1.567205519363595,-1.5996166478559337,0.6976493655564485,0.8739388429990658,0.9148252758149842,-1.151336249599865,-0.7915399996348971,-1.4108288678498764,0.5893262739995991
1.04344278518422,-1.428980200343039,0.2939542319188126,-0.04334937685268938,-1.1550100899975808,0.1833174001878324,-1.0062480694139657,0.8863041949554832,1.2651399966093333,0.3094881272833033,-1.1371469844875939,-0.154760175208696,1.547250806621274,-0.4185896193338691,0.5661235769001872,1.6827793373595668,0.9600294023520591,-1.1276504028768917,0.27684958643896546,1.016589306201504
-0.9583659154090078,0.6470200907122222,0.2939542319188126,0.4280030146051359,1.771231723063235,-0.9240419019553792,1.1017144488467348,0.8863041949554832,-1.38899985641724,0.8920540139342272,-1.1371469844875939,1.598620252018075,1.2030621787878295,-1.1441449595125757,-1.1781629309934576,-1.109780886438915,-0.23831326497200578,1.4491960219784004,1.0081769166307968,1.4438523384034088
-0.9583659154090078,-0.04498000630619821,0.2939542319188126,0.6887511460498902,-0.8830986274805492,0.8556426907747818,-0.2765687361698771,-0.2983964833475855,0.38042671226714214,-0.2730777593676206,1.5029952680540837,-0.3495802226783372,-0.2720319404983617,-0.8092732640454803,-1.1781629309934576,-0.6210828472741807,0.6747097196558532,0.16077280955075435,-0.2857098983239818,-0.8823575035847395
-0.9583659154090078,0.6470200907122222,1.4438974374691798,-1.4282319351204584,-0.8922231732025967,1.7415301324893517,0.0477331897163845,-0.2983964833475855,0.38042671226714214,-0.8556436460185445,-1.5143101634221192,0.28358493159799675,-1.4029374319511083,0.1395298731112897,1.643477008246262,0.2166852198653638,0.2752621638811649,-1.687834408280216,-0.06068610441880291,0.9216419657121918
1.04344278518422,0.6470200907122222,-1.4309605764067381,0.024116922891757073,-0.3985852496397964,0.6974485047543236,0.6152615600173423,-0.2983964833475855,-0.504286572075049,1.474619900585151,0.7486689101850329,0.3322899434654071,-0.8128997842366318,0.8650852132899961,1.4895693751968229,-0.6210828472741807,1.0741572754305415,-1.295705604497889,-1.4108288678498764,-1.6419362274992368
-0.9583659154090078,-0.04498000630619821,0.8689258346939962,-0.8173884104072231,0.17899849456584635,0.6183514117440946,0.8584880044320385,0.8863041949554832,0.38042671226714214,-0.8556436460185445,-0.3828206266185431,0.13746989599576584,-1.3045978239986955,0.36277767008935324,1.079149020398318,-1.179594892033877,-1.0942723130606236,-0.34339279531223754,1.40196855596486,-1.4995152167652686
-0.9583659154090078,-1.428980200343039,-1.4309605764067381,-1.727271750203953,1.475596441668878,-0.6392923671185532,-0.8440971064708349,-0.8907468224991199,0.38042671226714214,1.474619900585151,0.7486689101850329,1.257685168946203,1.1047225708354167,-1.4790166549796708,-1.1781629309934576,-0.9701528752489909,-0.6377608207466942,0.32882801117175164,-0.5107336922291608,-0.8823575035847395
-0.9583659154090078,-0.04498000630619821,1.4438974374691798,-0.826505477940256,-0.11846169597291994,-1.4381730065218699,-1.0062480694139657,-0.2983964833475855,0.38042671226714214,0.3094881272833033,-1.5143101634221192,-0.78792532948503,-1.6979562558083465,1.0883330102680597,0.5148210325503741,0.635569253435136,-0.12418539189352341,1.1691040192767381,-0.11694205289509763,1.3014313276694405
-0.9583659154090078,-0.04498000630619821,-0.28101737085637096,1.1719557253006583,1.5558924440229005,-0.27544573927149807,-1.249474513828662,-0.8907468224991199,1.2651399966093333,0.8920540139342272,0.7486689101850329,0.38099495533281735,0.8588735509543849,0.8650852132899961,-1.6911883744915885,0.3563132310552879,0.3323261004204061,0.38484641171208406,-1.4670848163261712,1.111536646690816
-0.9583659154090078,0.6470200907122222,1.4438974374691798,0.9093841803492965,-1.227094001201761,-0.14098068115410817,-0.5197951805845733,-0.2983964833475855,-1.38899985641724,0.3094881272833033,-1.5143101634221192,-0.154760175208696,0.6621943350495594,-0.474401568578385,-1.332070564042897,0.007243203080477669,-0.6377608207466942,0.04873600847008947,-0.9607812800395186,0.8266946252228796
1.04344278518422,-0.04498000630619821,1.4438974374691798,-0.8356225454732888,-0.2416430632205697,1.2669475744279743,0.0477331897163845,1.4786545341070174,-0.504286572075049,-0.8556436460185445,-0.7599838055530684,1.0628651214765616,-0.37037154845077447,1.3673927564906392,1.643477008246262,0.28649922546032586,0.902965465812818,1.0010488176557408,-1.5795967132787605,-0.36014713089352257
-0.9583659154090078,1.3390201877306425,0.8689258346939962,-1.2276564493937248,-0.4387332508168077,-1.295798239103457,1.4260163747329964,-1.483097161650654,1.2651399966093333,-0.8556436460185445,-1.1371469844875939,0.23487991973058645,1.2030621787878295,-0.4185896193338691,-0.45992731009607446,1.0544532870049084,0.9600294023520591,1.3371592208977354,-0.22945394984768708,-0.9298311738293956
-0.9583659154090078,0.6470200907122222,0.2939542319188126,1.6879817476703467,-0.6358234384130458,-1.2008817274911818,0.939563485903604,-0.8907468224991199,1.2651399966093333,0.8920540139342272,0.3715057312505076,-1.2262704362917227,1.4489111986688614,0.4185896193338691,1.4895693751968229,-0.4814548360842566,-0.6948247572859353,-1.2396872039575566,1.626992349870039,0.20953691204235048
-0.9583659154090078,-0.7369801033246186,-0.28101737085637096,-1.6698342247458424,-0.7517051690830572,-1.406534169317778,-1.5737764397149236,1.4786545341070174,-0.504286572075049,-0.8556436460185445,1.5029952680540837,-0.39828523454574755,-1.7471260597845528,0.976709111779028,0.4635184882005611,1.4733373205746805,1.0170933388913004,0.27280961063141923,-1.0170372285158134,-0.8348838333400834
-0.9583659154090078,-1.428980200343039,-0.8559889736315546,-0.8255937711869522,0.4664216848103611,-1.0822360879758375,0.939563485903604,-1.483097161650654,-1.38899985641724,0.3094881272833033,-0.7599838055530684,-0.8853353532198506,0.12132649131128928,-0.8650852132899961,-0.9216502092443922,1.2638953037897944,0.8459015292735768,0.49688321279274894,0.10808174101008128,-0.644989152361459
1.04344278518422,0.6470200907122222,-1.4309605764067381,0.03870423094461015,0.706397237300225,-1.1534234716850438,1.5070918562045617,1.4786545341070174,-0.504286572075049,-0.8556436460185445,1.1258320891195583,-1.274975448159133,0.6621943350495594,-0.474401568578385,-0.20341458834700907,0.3563132310552879,1.47360483120523,-1.5757976071995512,0.6706412257730285,1.1590103169354722
-0.9583659154090078,-0.7369801033246186,-0.8559889736315546,0.1052588239357541,-0.3876357947733383,0.1358591443816951,-1.5737764397149236,0.29395385580394884,-0.504286572075049,-0.8556436460185445,1.5029952680540837,0.6732250265372792,-0.37037154845077447,0.8650852132899961,-1.280768019693084,-0.5512688416792186,-0.35244113805048816,-1.5757976071995512,-0.34196584680027653,1.2064839871801283
1.04344278518422,-0.7369801033246186,-1.4309605764067381,1.6989222287099872,-0.22704379006529307,1.2115796093208149,1.5070918562045617,-1.483097161650654,-1.38899985641724,0.3094881272833033,-0.0056574476840177594,0.13746989599576584,1.2522319827640358,0.1395298731112897,-0.9729527535942053,-0.06257080251448437,-0.9801444399821413,1.0570672181960732,-1.0170372285158134,0.06711590130838221
-0.9583659154090078,-0.04498000630619821,1.4438974374691798,0.3678303688871147,-1.3958980970596506,0.28614362110113123,-1.5737764397149236,0.29395385580394884,-1.38899985641724,1.474619900585151,1.5029952680540837,0.624520014669869,0.7605339430019721,-1.1999569087570914,1.592174463896449,-1.4588509144137252,-1.151336249599865,-1.5757976071995512,-1.5795967132787605,-0.2177261201595543
1.04344278518422,-0.7369801033246186,0.8689258346939962,-0.2202204869935365,-0.8657619906086581,-0.32290399507763534,-0.4387196991130079,1.4786545341070174,1.2651399966093333,-0.2730777593676206,-0.0056574476840177594,1.257685168946203,0.613024531073353,-1.3115808072461232,1.027846476048505,-0.6908968528691427,0.4464539734988885,-1.295705604497889,1.5707364013937442,-0.2651997904042104
-0.9583659154090078,-0.04498000630619821,0.8689258346939962,-1.4610533782393784,-1.3666995507490967,0.20704652809090143,-0.1144177732267463,-0.2983964833475855,-0.504286572075049,0.8920540139342272,-0.0056574476840177594,-0.49569525828056815,0.9080433549305912,-1.0883330102680597,1.027846476048505,1.1242672925998702,-0.40950507458972935,0.7769752154944111,1.40196855596486,0.494378933510287
1.04344278518422,1.3390201877306425,1.4438974374691798,-1.4975216483715117,-0.32102661100238833,0.5946222838410249,-1.1683990323570965,-0.2983964833475855,-0.504286572075049,-0.8556436460185445,0.7486689101850329,0.5271099909350483,1.6455904145736868,0.1395298731112897,1.2330566534477574,-1.389036908818763,1.0741572754305415,1.2251224198170705,0.10808174101008128,-0.8348838333400834
-0.9583659154090078,-0.04498000630619821,-0.8559889736315546,-1.739123937996896,1.6945855389980309,0.6420805396471628,0.2098841526595153,1.4786545341070174,-0.504286572075049,0.8920540139342272,0.3715057312505076,-0.2521701989435166,1.5964206105974805,0.02790597462225794,-1.280768019693084,0.3563132310552879,-0.6948247572859353,0.38484641171208406,0.6143852772967338,1.3489049979140966
-0.9583659154090078,-0.04498000630619821,-0.28101737085637096,1.5083755172695894,-1.1668719994362442,-0.33081370437865887,1.4260163747329964,-1.483097161650654,1.2651399966093333,-0.8556436460185445,-1.1371469844875939,-0.8366303413524403,-0.07535272459353622,-0.30696572084483736,-0.15211204399719597,-0.4814548360842566,-0.46656901112897053,-1.295705604497889,-1.0170372285158134,-0.597515482116803
1.04344278518422,1.3390201877306425,0.2939542319188126,0.32224503122194786,0.31951649868538723,-0.7658477159349203,-0.19549325469831172,1.4786545341070174,0.38042671226714214,-0.8556436460185445,1.1258320891195583,-0.934040365087261,1.399741394692655,-1.0325210610235438,1.2330566534477574,0.9846392814099463,0.3893900369596473,0.9450304171154084,1.5707364013937442,1.2539576574247844
-0.9583659154090078,-1.428980200343039,1.4438974374691798,-1.5841337899353292,0.9153493343351263,-1.667554576251535,-0.6819461435277041,0.29395385580394884,0.38042671226714214,1.474619900585151,1.5029952680540837,-0.3495802226783372,0.46551511914473387,-1.3115808072461232,-1.5885832857919624,-0.4814548360842566,-0.8660165669036589,-0.9035768007155619,-0.454477743752866,-1.5944625572545807
-0.9583659154090078,-0.04498000630619821,0.8689258346939962,-1.5075504226578484,1.246570344045471,1.4963291441576403,-0.3576442176414425,0.29395385580394884,-1.38899985641724,1.474619900585151,-1.5143101634221192,-1.713320554965826,0.12132649131128928,1.1999569087570914,1.5408719195466358,1.4733373205746805,-0.9230805034429,0.38484641171208406,-0.22945394984768708,-0.7399364928507712
1.04344278518422,0.6470200907122222,1.4438974374691798,0.9613514652875874,-1.1422357259867146,1.298586411632067,-1.4927009582433581,0.8863041949554832,0.38042671226714214,1.474619900585151,0.7486689101850329,0.3322899434654071,-0.37037154845077447,0.08371792386677382,-1.5885832857919624,-0.6210828472741807,0.617645783116612,-0.28737439477190513,-1.2983169708972868,0.6842736144889113
1.04344278518422,0.6470200907122222,-0.8559889736315546,-0.6833675176716327,-0.6504227115683237,1.4093223418463883,0.1288086711879499,1.4786545341070174,0.38042671226714214,-1.4382095326694684,1.5029952680540837,-1.3723854718939537,-0.2720319404983617,-0.36277767008935324,-0.4086247657462614,1.3337093093847565,0.21819822734192373,-0.7355215990945646,-0.454477743752866,-1.2621468655419883
1.04344278518422,1.3390201877306425,0.8689258346939962,-0.43903010778633783,0.4764586851046139,-1.7071031227566495,0.45311059707421153,-0.2983964833475855,1.2651399966093333,0.8920540139342272,0.3715057312505076,0.9167500858743307,-0.4195413524269808,0.5302135178229008,0.15570322210168253,0.8450112702200222,-0.5806968842074529,-1.407742405578554,-1.0170372285158134,1.2064839871801283
1.04344278518422,-0.7369801033246186,1.4438974374691798,-1.6680108112392362,-0.2635419729534846,-0.006515623036718267,-0.19549325469831172,0.8863041949554832,1.2651399966093333,-1.4382095326694684,-0.3828206266185431,-1.6159105312310051,-0.7145601762842191,-0.920897162534512,0.3609133995009349,-0.4814548360842566,0.6747097196558532,0.49688321279274894,-1.073293176992108,-1.5469888870099247
-0.9583659154090078,0.6470200907122222,-0.8559889736315546,0.20645827355242444,-1.5136047368740706,0.04885234207044253,-1.1683990323570965,0.29395385580394884,1.2651399966093333,-0.2730777593676206,-1.5143101634221192,0.13746989599576584,-0.6162205683318063,0.920897162534512,-1.6911883744915885,-1.4588509144137252,-1.4366559322960708,1.5612328230590653,-1.0170372285158134,-0.07530510942558605
-0.9583659154090078,-1.428980200343039,-1.4309605764067381,1.0434050730848883,0.2720688609307363,1.1641213535146768,-1.4927009582433581,-0.8907468224991199,0.38042671226714214,0.3094881272833033,-0.3828206266185431,1.257685168946203,-0.12452252856974258,1.4790166549796708,-1.38337310839271,-0.20219881370440845,1.3024130215875063,-1.4637608061188863,0.051825792533786545,0.7792209549782235
-0.9583659154090078,-1.428980200343039,1.4438974374691798,-1.3990573190147515,-1.3338511861497238,0.7844553070655755,1.2638654117898656,0.29395385580394884,1.2651399966093333,0.8920540139342272,-1.5143101634221192,1.111570133343972,0.4163453151685275,-0.02790597462225794,1.027846476048505,0.42612723665024993,-0.8089526303644177,-1.183668803417224,1.7395042468226283,1.6337470193820331
1.04344278518422,-1.428980200343039,-0.8559889736315546,0.9759387733404404,-1.3676120053213012,-0.48109818109809427,1.5070918562045617,-0.8907468224991199,-0.504286572075049,1.474619900585151,1.5029952680540837,1.5499152401506648,0.6621943350495594,1.3115808072461232,0.7713337542994395,-0.7607108584641048,0.10407035426344134,-1.687834408280216,-1.4670848163261712,-0.2651997904042104
1.04344278518422,-1.428980200343039,0.8689258346939962,-1.2404203439399715,-0.13671078741701634,1.1008436791064933,-0.1144177732267463,0.29395385580394884,-0.504286572075049,0.3094881272833033,-0.3828206266185431,-1.2262704362917227,-0.12452252856974258,1.5906405534687027,-0.8190451205447661,0.705383259030098,-0.5806968842074529,-1.5197792066592186,-1.5795967132787605,-0.45509447138283476
-0.9583659154090078,-0.7369801033246186,1.4438974374691798,1.3524736624547193,0.9637094266619812,-1.1059652158789064,1.0206389673751692,-1.483097161650654,-0.504286572075049,0.8920540139342272,1.5029952680540837,1.0628651214765616,-1.4521072359273146,0.474401568578385,-1.280768019693084,-1.3192229032238012,-0.9230805034429,-0.5674663974735673,-0.9045253315632238,0.4469052632656309
-0.9583659154090078,-1.428980200343039,0.8689258346939962,1.2840956559569692,-1.1851210908803405,1.6228844929740074,1.0206389673751692,1.4786545341070174,0.38042671226714214,0.8920540139342272,-0.3828206266185431,-0.3495802226783372,0.7113641390257658,-0.2511537716003215,0.41221594385074795,1.1242672925998702,0.04700641772420015,1.2251224198170705,-1.1858050739446975,0.2570105822870066
1.04344278518422,1.3390201877306425,1.4438974374691798,1.2740668816706313,-1.5692644657785637,0.3968795513154514,0.2098841526595153,1.4786545341070174,-0.504286572075049,-0.2730777593676206,1.5029952680540837,0.624520014669869,1.2030621787878295,0.920897162534512,0.41221594385074795,0.7751972646250601,1.530668767744471,-0.11931919315090783,-1.5795967132787605,-0.9298311738293956
-0.9583659154090078,-0.04498000630619821,-0.28101737085637096,1.6843349206571328,0.20180985887096653,1.7257107138873047,0.2909596341310807,0.8863041949554832,0.38042671226714214,0.8920540139342272,-1.5143101634221192,1.257685168946203,-0.17369233254594896,-0.920897162534512,0.15570322210168253,-1.0399668808439528,-0.010057518815041033,0.6649384144137462,0.5018733803441443,1.3014313276694405
1.04344278518422,-0.04498000630619821,1.4438974374691798,-0.006881106720556688,1.1945604334297975,-1.3353467856085717,0.6963370414889077,0.29395385580394884,0.38042671226714214,-0.2730777593676206,-1.1371469844875939,1.0628651214765616,0.2688359032399084,-0.5302135178229008,-0.20341458834700907,0.007243203080477669,0.3893900369596473,-1.0716320023365593,-0.7920134346106343,-1.3570942060313005
1.04344278518422,-0.7369801033246186,-0.8559889736315546,1.2530976263446554,-0.06553933078504129,0.5392543187338641,1.3449408932614308,0.8863041949554832,0.38042671226714214,1.474619900585151,-0.3828206266185431,-1.2262704362917227,0.5638547270971467,-0.5302135178229008,0.4635184882005611,1.7525933429545286,-0.46656901112897053,0.38484641171208406,-0.5669896407054554,-0.2177261201595543
-0.9583659154090078,-0.04498000630619821,1.4438974374691798,-0.2503068098525478,-0.45880725140531337,0.7607261791625073,-0.9251725879424003,-0.2983964833475855,-1.38899985641724,0.8920540139342272,1.1258320891195583,0.9167500858743307,-1.3045978239986955,0.2511537716003215,-0.0495069552975698,-0.9701528752489909,-0.23831326497200578,1.1691040192767381,-0.7920134346106343,0.35195792277631877
-0.9583659154090078,1.3390201877306425,0.8689258346939962,1.1181650268557612,0.5886905974858055,0.3177824583052223,-0.7630216249992695,0.8863041949554832,-1.38899985641724,1.474619900585151,0.3715057312505076,-0.10605516334128569,-1.1570884120700764,1.5348286042241868,-1.280768019693084,0.2166852198653638,-1.0942723130606236,1.0010488176557408,1.1206888135833863,1.4438523384034088
1.04344278518422,-0.7369801033246186,-0.8559889736315546,-0.9723785584687894,-0.8840110820527531,-1.2562496925983426,1.3449408932614308,-0.2983964833475855,-0.504286572075049,0.3094881272833033,-1.5143101634221192,-1.6646155430984155,-0.17369233254594896,-0.08371792386677382,-1.5885832857919624,-1.109780886438915,-0.12418539189352341,0.49688321279274894,-0.11694205289509763,-1.4045678762759566
-0.9583659154090078,0.6470200907122222,-0.8559889736315546,0.7407184309881797,-0.2005826074713531,1.0059271674942187,-1.3305499953002273,-0.8907468224991199,-0.504286572075049,-0.2730777593676206,-1.5143101634221192,-1.421090483761364,0.9572131589067976,0.474401568578385,-1.4859781970923363,-0.13238480810944642,-0.12418539189352341,-0.2313559942315727,0.10808174101008128,0.6842736144889113
1.04344278518422,-0.7369801033246186,1.4438974374691798,-0.4982910467510553,0.48832059454327603,0.4285183885195439,-0.8440971064708349,-0.2983964833475855,-0.504286572075049,0.3094881272833033,-1.1371469844875939,0.7706350502720998,-0.02618292061732984,-1.5348286042241868,1.079149020398318,1.4035233149797184,-1.6649116784530356,1.3371592208977354,-0.22945394984768708,0.494378933510287
1.04344278518422,-1.428980200343039,1.4438974374691798,0.7680696335872795,0.5120444134206015,1.2036699000197921,-1.3305499953002273,-1.483097161650654,1.2651399966093333,1.474619900585151,0.7486689101850329,1.0141601096091513,-1.10791860809387,0.02790597462225794,-0.8703476648945792,1.0544532870049084,0.3323261004204061,-0.6795031985542321,-0.454477743752866,-0.2177261201595543
1.04344278518422,1.3390201877306425,0.2939542319188126,0.16634317640707783,-1.1258115436870275,-1.327437076307549,-0.9251725879424003,0.29395385580394884,-1.38899985641724,1.474619900585151,1.5029952680540837,1.403800204548434,-0.12452252856974258,-0.474401568578385,-0.0495069552975698,1.4733373205746805,-1.3795919957568297,-1.687834408280216,-1.5795967132787605,0.8741682954675357
1.04344278518422,0.6470200907122222,0.8689258346939962,-1.693538600331729,0.6680741452676229,-1.5093603902310762,-0.6819461435277041,1.4786545341070174,-1.38899985641724,-1.4382095326694684,1.5029952680540837,0.28358493159799675,1.0555527668592104,-0.5860254670674168,0.6174261212500003,-1.179594892033877,-1.0372083765213824,0.7209568149540787,-0.5107336922291608,-0.597515482116803
-0.9583659154090078,-0.04498000630619821,0.2939542319188126,-0.05611327139893615,-1.5081300094408416,-1.2087914367922046,-0.9251725879424003,-0.2983964833475855,-1.38899985641724,-0.8556436460185445,-0.0056574476840177594,-1.2262704362917227,-1.5504468438797274,0.5302135178229008,1.5408719195466358,0.28649922546032586,0.3893900369596473,-0.17533759369124027,0.783153122725618,-0.8823575035847395
-0.9583659154090078,-1.428980200343039,-0.8559889736315546,0.19095925874626754,1.2611696172007476,-1.4381730065218699,0.0477331897163845,-0.8907468224991199,-0.504286572075049,-0.8556436460185445,1.1258320891195583,-1.4697954956287742,1.3014017867402423,0.474401568578385,-1.5885832857919624,-0.06257080251448437,0.5035179100381296,-0.6795031985542321,0.164337689486376,-0.40762080113817867
-0.9583659154090078,-1.428980200343039,-1.4309605764067381,0.2793948138166911,-1.6094124669555752,1.3855932139433187,-0.19549325469831172,0.8863041949554832,-0.504286572075049,-1.4382095326694684,-0.7599838055530684,1.0628651214765616,0.4163453151685275,-1.7022644519577343,0.10440067775186945,0.49594124224521197,-0.5806968842074529,-0.06330079261057539,0.3893614833915549,-0.2177261201595543
1.04344278518422,-0.7369801033246186,0.8689258346939962,1.1236352673755814,-1.253555183795701,1.5675165278668466,-1.3305499953002273,0.8863041949554832,-0.504286572075049,0.3094881272833033,0.3715057312505076,-1.0314503888220816,1.4980810026450677,-1.1999569087570914,-0.6138349431455138,0.0770572086754397,1.2453490850482651,0.38484641171208406,-0.454477743752866,-0.40762080113817867
1.04344278518422,0.6470200907122222,-1.4309605764067381,1.464613593111029,0.6890606004283338,-0.05397387884285559,-1.654851921186489,-0.2983964833475855,1.2651399966093333,1.474619900585151,0.3715057312505076,-1.2262704362917227,0.3671755111923211,1.1441449595125757,-0.6651374874953269,0.635569253435136,0.7888375927343356,0.21679121009108676,-1.4108288678498764,-0.7874101630954273
1.04344278518422,-0.7369801033246186,-0.28101737085637096,-1.0626375270458206,0.6005525069244676,-0.4099107973888879,-0.19549325469831172,-1.483097161650654,-1.38899985641724,0.3094881272833033,1.1258320891195583,1.257685168946203,0.7113641390257658,-1.0883330102680597,0.20700576645149563,0.14687121427040176,1.188285148509024,0.38484641171208406,-1.4108288678498764,-1.4520415465206127
-0.9583659154090078,-0.04498000630619821,-0.28101737085637096,-1.728183456957256,0.42262386534453,1.1483019349126313,0.8584880044320385,1.4786545341070174,-1.38899985641724,-0.2730777593676206,-0.0056574476840177594,1.6960302757528956,-1.3045978239986955,-1.423204705735155,-1.0755578422938314,0.635569253435136,-0.6948247572859353,1.2251224198170705,1.2332007105359757,-0.12277877967024213
1.04344278518422,-0.7369801033246186,1.4438974374691798,-0.3697403945352838,1.7420331767526818,-0.014425332337741036,1.5070918562045617,-1.483097161650654,-1.38899985641724,1.474619900585151,-0.3828206266185431,1.598620252018075,1.4980810026450677,1.3115808072461232,-1.1268603866436446,-1.4588509144137252,-0.9230805034429,-1.6318160077398836,0.6706412257730285,1.3014313276694405
1.04344278518422,0.6470200907122222,1.4438974374691798,-0.6049607368875458,0.7930804216596818,-0.32290399507763534,-1.654851921186489,-0.2983964833475855,0.38042671226714214,-0.2730777593676206,0.3715057312505076,-1.2262704362917227,-0.9604091961652509,1.423204705735155,-0.20341458834700907,0.42612723665024993,1.7018605773621946,1.0570672181960732,-0.6795015376580449,0.7317472847335674
1.04344278518422,1.3390201877306425,-0.28101737085637096,-0.6067841503941521,-0.5363658900427227,-0.18052922765922272,1.1017144488467348,0.8863041949554832,1.2651399966093333,-0.8556436460185445,1.1258320891195583,-0.5444002701479784,1.4489111986688614,0.08371792386677382,-1.0755578422938314,0.9846392814099463,0.5035179100381296,-0.34339279531223754,1.3457126074885652,-0.597515482116803
-0.9583659154090078,-0.04498000630619821,-0.8559889736315546,-0.5876383085747814,-0.3556998847461706,1.330225248836158,0.939563485903604,0.29395385580394884,-0.504286572075049,-0.2730777593676206,1.5029952680540837,-0.8853353532198506,-1.3537676279749018,-0.976709111779028,0.8739388429990658,1.1940812981948323,0.6747097196558532,1.281140820357403,0.9519209681545021,0.6367999442442552
1.04344278518422,-0.7369801033246186,-0.8559889736315546,-0.7289528553367995,-1.2517302746512906,-0.14098068115410817,0.939563485903604,-0.8907468224991199,-0.504286572075049,-0.2730777593676206,-0.3828206266185431,-1.1288604125569022,0.6621943350495594,0.4185896193338691,-1.0755578422938314,-1.109780886438915,-1.550783805374553,0.889012016575076,-1.2983169708972868,-0.45509447138283476
1.04344278518422,0.6470200907122222,-0.8559889736315546,0.3933581579796082,1.3095297095276024,-0.014425332337741036,-1.654851921186489,-0.2983964833475855,0.38042671226714214,0.8920540139342272,1.5029952680540837,-0.5931052820153888,-1.0587488041176636,1.5348286042241868,-1.5885832857919624,-1.6682929311986112,-1.2654641226783472,-0.28737439477190513,0.8394090712019127,-1.0247785143187078
-0.9583659154090078,0.6470200907122222,0.8689258346939962,-1.1574550293893668,-0.5363658900427227,1.4014126325453655,-1.249474513828662,-0.8907468224991199,0.38042671226714214,0.8920540139342272,1.5029952680540837,-1.4697954956287742,0.4163453151685275,1.4790166549796708,-1.1781629309934576,-0.8305248640590668,-0.23831326497200578,-1.0156136017962267,1.0081769166307968,0.8741682954675357
-0.9583659154090078,1.3390201877306425,1.4438974374691798,-0.010527933733769309,-1.2900533666838925,-0.4731884717970715,-0.5197951805845733,0.8863041949554832,-1.38899985641724,-0.2730777593676206,1.1258320891195583,0.8680450740069204,-1.7471260597845528,1.5348286042241868,-0.7164400318451399,-0.7607108584641048,0.5605818465773709,1.4491960219784004,0.44561743186784963,0.6367999442442552
-0.9583659154090078,-0.04498000630619821,0.8689258346939962,1.0424933663315845,-1.3949856424874458,0.6816290861522781,-0.9251725879424003,0.8863041949554832,0.38042671226714214,1.474619900585151,1.1258320891195583,1.3063901808136131,1.153892374811623,1.5906405534687027,-0.45992731009607446,0.9846392814099463,1.0741572754305415,0.04873600847008947,1.6832482983463335,-0.07530510942558605
1.04344278518422,0.6470200907122222,1.4438974374691798,-0.640517300266376,-1.1239866345426184,-0.5760146927103696,-0.6819461435277041,-0.2983964833475855,1.2651399966093333,1.474619900585151,-1.5143101634221192,-0.39828523454574755,-0.7637299802604254,1.5348286042241868,0.7200312099496264,-0.3418268248943325,-1.0372083765213824,-0.7355215990945646,-1.3545729193735816,-1.167199525052676
-0.9583659154090078,1.3390201877306425,-0.8559889736315546,0.9257949019087572,-1.5336787374625762,0.7449067605604617,-0.3576442176414425,-0.2983964833475855,-1.38899985641724,-0.2730777593676206,0.7486689101850329,0.23487991973058645,0.9572131589067976,1.3673927564906392,1.5408719195466358,-0.8305248640590668,-0.6377608207466942,-1.5197792066592186,-1.3545729193735816,0.20953691204235048
-0.9583659154090078,-0.04498000630619821,-1.4309605764067381,0.7899505956665605,-0.20605733490458217,0.38896984201442864,-0.19549325469831172,0.29395385580394884,1.2651399966093333,-0.2730777593676206,-0.0056574476840177594,0.04005987226094523,-1.501277039903521,-0.8092732640454803,0.8739388429990658,-0.7607108584641048,-1.493719868835312,1.3931776214380678,-1.073293176992108,1.4438523384034088
-0.9583659154090078,0.6470200907122222,-0.8559889736315546,-1.3534719813495848,0.46094695737713204,-0.5839244020113924,-0.9251725879424003,0.29395385580394884,-0.504286572075049,0.3094881272833033,1.5029952680540837,-1.274975448159133,1.4489111986688614,-0.6418374163119326,0.5661235769001872,0.42612723665024993,-1.6078477419137944,-1.5197792066592186,0.44561743186784963,0.6367999442442552
1.04344278518422,0.6470200907122222,-1.4309605764067381,0.971380239573924,1.58052871747243,-1.715012832057673,-1.5737764397149236,-0.8907468224991199,-1.38899985641724,0.3094881272833033,0.3715057312505076,-0.5444002701479784,-0.2720319404983617,-1.3115808072461232,0.5148210325503741,0.007243203080477669,1.1312212119697826,1.5052144225187327,-0.22945394984768708,-0.8823575035847395
-0.9583659154090078,-1.428980200343039,0.8689258346939962,1.6679241990976734,0.34780259042373646,-0.5127370183021861,-1.0062480694139657,-0.2983964833475855,0.38042671226714214,1.474619900585151,0.3715057312505076,0.9167500858743307,0.17049629528749566,0.8650852132899961,-0.0495069552975698,1.6827793373595668,1.47360483120523,-1.687834408280216,-1.4670848163261712,-0.5025681416274909
1.04344278518422,-0.7369801033246186,-1.4309605764067381,-0.8401810792398066,0.5467176871643837,-0.006515623036718267,-1.249474513828662,1.4786545341070174,-0.504286572075049,0.3094881272833033,1.1258320891195583,-0.30087521081092694,-1.3045978239986955,1.6464525027132184,-0.1008094996473829,1.7525933429545286,-0.5806968842074529,1.4491960219784004,-1.0170372285158134,0.35195792277631877
-0.9583659154090078,-0.04498000630619821,0.2939542319188126,-1.1957467130281072,0.843265423130946,-1.2404302739962962,0.2909596341310807,0.8863041949554832,1.2651399966093333,-0.8556436460185445,1.1258320891195583,0.9654550977417411,-1.64878645183214,-0.5302135178229008,0.3609133995009349,0.3563132310552879,0.3893900369596473,0.6649384144137462,0.164337689486376,-0.597515482116803
-0.9583659154090078,-1.428980200343039,1.4438974374691798,-1.2030403670545338,1.2401831620400379,1.6940718766832137,-0.9251725879424003,-1.483097161650654,-0.504286572075049,1.474619900585151,-0.7599838055530684,-0.9827453769546712,-1.1570884120700764,-0.36277767008935324,0.8226362986492527,1.4035233149797184,-1.6078477419137944,-1.687834408280216,1.2332007105359757,-1.5944625572545807
-0.9583659154090078,-1.428980200343039,0.8689258346939962,-1.0781365418519775,-0.9935056307173302,-0.536466146205255,0.6152615600173423,1.4786545341070174,-1.38899985641724,-0.2730777593676206,-1.1371469844875939,-0.3495802226783372,-1.4029374319511083,0.1395298731112897,-1.6911883744915885,-1.389036908818763,0.21819822734192373,-1.183668803417224,0.8956650196782074,-1.2146731952973322
1.04344278518422,-0.7369801033246186,-0.8559889736315546,0.9877909611333847,0.481933412537843,1.5912456557699148,-0.5197951805845733,-0.8907468224991199,1.2651399966093333,-0.8556436460185445,0.3715057312505076,1.403800204548434,-0.6653903723080127,-0.6976493655564485,0.3609133995009349,-1.5984789256036493,0.5035179100381296,-1.183668803417224,1.1769447620596811,-1.072252184563364
1.04344278518422,1.3390201877306425,0.2939542319188126,0.13169831978155144,1.6434880829545615,-1.3353467856085717,-0.0333422917551809,0.8863041949554832,1.2651399966093333,-1.4382095326694684,-0.3828206266185431,0.9654550977417411,-1.2062582160462827,-0.36277767008935324,0.20700576645149563,0.565755247840174,-1.3795919957568297,-1.1276504028768917,-1.0170372285158134,0.9691156359568479
1.04344278518422,-0.7369801033246186,0.8689258346939962,1.0269943515254276,-0.49530543429350615,-0.4178205066899107,0.6152615600173423,-0.8907468224991199,-0.504286572075049,-1.4382095326694684,1.5029952680540837,-0.49569525828056815,-0.7145601762842191,-1.0883330102680597,1.079149020398318,0.3563132310552879,1.5877327042837122,-0.7915399996348971,0.5581293288204391,0.6842736144889113
1.04344278518422,-1.428980200343039,-1.4309605764067381,-1.6707459314991457,-0.33471342958545963,-0.7104797508277595,-1.4927009582433581,1.4786545341070174,-0.504286572075049,-0.2730777593676206,-1.5143101634221192,0.4296999672002277,-0.17369233254594896,0.4185896193338691,0.9765439316986919,0.9148252758149842,0.04700641772420015,-0.28737439477190513,-0.06068610441880291,1.6337470193820331
-0.9583659154090078,-0.7369801033246186,0.2939542319188126,-1.6260723005872826,-0.5318036171816977,-0.8133059717410576,1.5881673376761272,-1.483097161650654,-1.38899985641724,0.8920540139342272,-1.1371469844875939,0.5271099909350483,0.613024531073353,0.474401568578385,-1.280768019693084,0.3563132310552879,-1.7219756149922767,0.16077280955075435,-1.5795967132787605,0.1620632417976944
1.04344278518422,-0.7369801033246186,-0.8559889736315546,0.2620723855039279,1.5513301711618768,-1.5884574832413059,1.1827899303183,0.29395385580394884,-1.38899985641724,-0.2730777593676206,-0.0056574476840177594,-0.4469902464131578,-0.46871115640318717,1.3673927564906392,0.8739388429990658,-0.9701528752489909,-0.5806968842074529,-0.6795031985542321,1.2332007105359757,-0.12277877967024213
-0.9583659154090078,1.3390201877306425,-1.4309605764067381,-1.2695949600456775,-0.5838135277973724,1.3697737953412732,-1.1683990323570965,-1.483097161650654,1.2651399966093333,0.8920540139342272,-0.7599838055530684,-0.154760175208696,0.9080433549305912,-0.5302135178229008,-0.45992731009607446,1.6129653317646047,-0.35244113805048816,0.6089200138734138,0.8956650196782074,-0.5025681416274909
-0.9583659154090078,-0.04498000630619821,-0.28101737085637096,1.1227235606222776,1.15897470511381,-0.8449448089451493,-1.0873235508855312,-0.2983964833475855,-0.504286572075049,-0.8556436460185445,-1.5143101634221192,-1.5185005074961846,1.3014017867402423,1.4790166549796708,-0.9729527535942053,-0.3418268248943325,0.8459015292735768,0.21679121009108676,-0.39822179527657126,1.111536646690816
-0.9583659154090078,1.3390201877306425,-0.28101737085637096,1.473730660644063,0.06950394590126922,-1.2878885298024343,-1.654851921186489,-0.8907468224991199,-1.38899985641724,-0.2730777593676206,-1.1371469844875939,-1.6159105312310051,-1.7962958637607593,-1.1999569087570914,-1.1268603866436446,0.28649922546032586,1.1312212119697826,-0.11931919315090783,1.4582245044411546,0.5893262739995991
-0.9583659154090078,-0.04498000630619821,1.4438974374691798,-0.5256422493501551,0.5695290514695039,-0.3940913787868417,0.5341860785457769,-0.8907468224991199,-1.38899985641724,0.3094881272833033,0.7486689101850329,0.4296999672002277,-0.37037154845077447,0.7534613148009643,0.7200312099496264,-1.5286649200086873,-0.1812493284327646,-1.183668803417224,-1.2983169708972868,0.4469052632656309
1.04344278518422,-1.428980200343039,0.8689258346939962,0.15631440212074116,-0.9834686304230774,-1.5963671925423286,0.0477331897163845,0.8863041949554832,1.2651399966093333,0.3094881272833033,-0.3828206266185431,1.257685168946203,-0.22286213652215534,1.1441449595125757,-1.2294654753432708,0.9846392814099463,0.2752621638811649,0.9450304171154084,-0.5669896407054554,-0.597515482116803
1.04344278518422,1.3390201877306425,-0.28101737085637096,-0.8620620413190861,0.27754358836396537,1.686162167382191,-0.9251725879424003,-1.483097161650654,0.38042671226714214,1.474619900585151,-1.5143101634221192,-0.934040365087261,0.5146849231209403,0.5860254670674168,-0.0495069552975698,1.1940812981948323,1.5877327042837122,1.1691040192767381,0.6143852772967338,0.3994315930209748
1.04344278518422,1.3390201877306425,0.8689258346939962,-1.7081259083845828,-0.6239615289743836,-1.4223535879198241,1.3449408932614308,-0.8907468224991199,0.38042671226714214,0.3094881272833033,1.5029952680540837,-0.8366303413524403,-1.5504468438797274,-1.3673927564906392,1.3356617421473835,0.8450112702200222,-0.9230805034429,-0.5674663974735673,1.5144804529174494,1.3963786681587527
-0.9583659154090078,0.6470200907122222,-1.4309605764067381,1.037934832565068,0.022968762718824896,1.2590378651269516,1.3449408932614308,0.29395385580394884,-1.38899985641724,-1.4382095326694684,-1.5143101634221192,-0.4469902464131578,-0.8620695882128382,1.4790166549796708,-0.1008094996473829,0.42612723665024993,-0.40950507458972935,-0.28737439477190513,0.783153122725618,-0.8348838333400834
-0.9583659154090078,-0.04498000630619821,-0.8559889736315546,0.1426388008211906,0.015669126141186596,1.069204841902401,-0.2765687361698771,-0.2983964833475855,-1.38899985641724,-0.8556436460185445,-0.0056574476840177594,-1.3236804600265433,1.2030621787878295,-0.6418374163119326,0.8739388429990658,1.4035233149797184,0.16113429080268254,-0.9035768007155619,1.7395042468226283,0.6367999442442552
-0.9583659154090078,0.6470200907122222,-0.28101737085637096,-0.7708913659887525,-0.20514488033237688,1.686162167382191,-0.1144177732267463,-0.2983964833475855,-0.504286572075049,0.8920540139342272,1.5029952680540837,-1.5185005074961846,-0.6653903723080127,-1.1441449595125757,0.001795589052243283,-0.9003388696540289,-0.46656901112897053,0.9450304171154084,0.051825792533786545,1.3014313276694405
1.04344278518422,-1.428980200343039,1.4438974374691798,0.5483483060411757,1.3487652561324097,0.3019630397031768,-0.0333422917551809,0.8863041949554832,1.2651399966093333,1.474619900585151,0.3715057312505076,-1.567205519363595,1.547250806621274,-1.423204705735155,-0.6651374874953269,1.6827793373595668,0.4464539734988885,1.5612328230590653,0.3331055349152602,-1.2621468655419883
-0.9583659154090078,-0.04498000630619821,-0.8559889736315546,1.2923010167366982,-0.9351085380962225,-1.382805041414709,1.4260163747329964,0.8863041949554832,-0.504286572075049,-0.2730777593676206,-1.5143101634221192,-0.3495802226783372,1.0555527668592104,1.1441449595125757,-1.38337310839271,-0.06257080251448437,-0.8089526303644177,1.5612328230590653,-0.11694205289509763,-0.2651997904042104
-0.9583659154090078,-1.428980200343039,-0.28101737085637096,-0.6013139098743319,1.0239314284274983,0.9980174581931945,-0.0333422917551809,1.4786545341070174,-0.504286572075049,-1.4382095326694684,-0.3828206266185431,1.403800204548434,-0.7145601762842191,1.3115808072461232,-0.5112298544458875,-1.4588509144137252,-1.3795919957568297,-0.9035768007155619,-0.34196584680027653,1.3014313276694405
1.04344278518422,1.3390201877306425,-1.4309605764067381,0.048733005230946806,0.0302683992964632,0.9663786209891034,-1.249474513828662,0.8863041949554832,-0.504286572075049,-0.8556436460185445,-0.0056574476840177594,-0.78792532948503,1.2522319827640358,1.6464525027132184,-1.5372807414421492,-1.7381069367935733,-1.6078477419137944,0.21679121009108676,-0.6232455891817502,1.3963786681587527
-0.9583659154090078,1.3390201877306425,-0.8559889736315546,0.3268035649884656,-1.478019008558083,1.551697109264801,0.2098841526595153,-0.2983964833475855,-1.38899985641724,-0.2730777593676206,-0.3828206266185431,-0.78792532948503,-0.5178809603793936,0.2511537716003215,1.1817541090979442,-1.4588509144137252,0.2752621638811649,0.32882801117175164,0.10808174101008128,-0.40762080113817867
1.04344278518422,-1.428980200343039,-0.8559889736315546,0.49729272785618867,-0.40132261335641095,0.7607261791625073,-0.9251725879424003,-0.8907468224991199,1.2651399966093333,1.474619900585151,-1.1371469844875939,-1.421090483761364,-1.3537676279749018,-1.1999569087570914,0.41221594385074795,-0.5512688416792186,-1.208400186139106,-0.5114479969332348,-1.3545729193735816,-1.2146731952973322
-0.9583659154090078,1.3390201877306425,0.8689258346939962,0.7899505956665605,-1.144060635131124,-0.43363992529195694,0.0477331897163845,-0.2983964833475855,-0.504286572075049,-0.8556436460185445,-0.7599838055530684,-0.3495802226783372,0.21966609926370204,1.6464525027132184,1.3356617421473835,-0.13238480810944642,-0.12418539189352341,-0.5674663974735673,-0.454477743752866,-0.2177261201595543
-0.9583659154090078,-0.7369801033246186,1.4438974374691798,0.797244249692987,0.10600212878946204,-0.4969175997001405,-0.6008706620561387,-0.8907468224991199,1.2651399966093333,-1.4382095326694684,-1.1371469844875939,0.38099495533281735,-1.3045978239986955,-1.1441449595125757,-0.6651374874953269,0.42612723665024993,1.0741572754305415,-0.4554295963929024,-0.9045253315632238,-1.0247785143187078
1.04344278518422,-1.428980200343039,-1.4309605764067381,-1.3625890488826176,-0.47888125199381903,-0.006515623036718267,1.4260163747329964,-0.8907468224991199,0.38042671226714214,-0.8556436460185445,1.5029952680540837,0.624520014669869,1.0063829628830039,1.1999569087570914,0.3609133995009349,-1.5984789256036493,-1.6649116784530356,-1.687834408280216,1.626992349870039,0.30448425253166267
-0.9583659154090078,0.6470200907122222,-0.8559889736315546,-0.09166983477776633,-0.07375142193488486,1.4409611790504795,0.8584880044320385,-0.8907468224991199,-1.38899985641724,0.3094881272833033,-0.7599838055530684,-0.9827453769546712,-1.64878645183214,-1.7022644519577343,1.079149020398318,-0.06257080251448437,1.2453490850482651,0.4408648122524165,0.164337689486376,0.8741682954675357
1.04344278518422,-0.04498000630619821,0.2939542319188126,-1.229479862900331,1.7402082676082713,-1.0505972507717456,1.2638654117898656,-0.8907468224991199,-1.38899985641724,-1.4382095326694684,-0.7599838055530684,-1.0314503888220816,1.547250806621274,1.6464525027132184,0.6174261212500003,-0.9701528752489909,-1.3795919957568297,-1.1276504028768917,-0.6795015376580449,-1.2146731952973322
-0.9583659154090078,0.6470200907122222,1.4438974374691798,0.5766112153935794,-0.4058848862174347,1.1641213535146768,0.7774125229604731,-1.483097161650654,1.2651399966093333,-0.2730777593676206,-0.7599838055530684,-1.3236804600265433,1.4980810026450677,1.0325210610235438,0.6174261212500003,0.7751972646250601,0.4464539734988885,-1.2396872039575566,-0.7920134346106343,0.2570105822870066
1.04344278518422,-0.7369801033246186,0.2939542319188126,-1.3744412366755618,1.1233889767978225,-1.0743263786748147,-1.1683990323570965,1.4786545341070174,0.38042671226714214,-1.4382095326694684,-0.0056574476840177594,0.08876488412835554,-0.9112393921890445,-0.1395298731112897,1.4382668308470097,-0.6210828472741807,-1.208400186139106,1.281140820357403,-0.7920134346106343,1.586273349137377
1.04344278518422,1.3390201877306425,1.4438974374691798,-1.0781365418519775,0.8879756971689811,0.2386853652949932,-1.0873235508855312,0.8863041949554832,-0.504286572075049,0.3094881272833033,0.3715057312505076,-0.39828523454574755,1.0555527668592104,-1.423204705735155,1.4382668308470097,-0.6210828472741807,-1.2654641226783472,1.3371592208977354,1.626992349870039,1.6337470193820331
-0.9583659154090078,0.6470200907122222,-0.28101737085637096,0.14628562783440452,-0.8466004445923564,0.5788028652389793,1.5881673376761272,1.4786545341070174,-1.38899985641724,0.3094881272833033,-1.1371469844875939,0.13746989599576584,0.6621943350495594,0.8092732640454803,-1.4859781970923363,-1.3192229032238012,0.16113429080268254,0.04873600847008947,0.164337689486376,-1.689409897743893
-0.9583659154090078,1.3390201877306425,0.2939542319188126,0.9367353829483976,-0.931458719807404,-0.14098068115410817,-0.6008706620561387,-0.2983964833475855,0.38042671226714214,-0.2730777593676206,1.1258320891195583,0.13746989599576584,0.5638547270971467,1.3115808072461232,1.1817541090979442,1.1940812981948323,0.6747097196558532,1.5052144225187327,0.44561743186784963,1.4438523384034088
-0.9583659154090078,-1.428980200343039,-0.8559889736315546,0.037792524191307644,1.4682968050912397,1.6149747836729846,0.939563485903604,-1.483097161650654,0.38042671226714214,0.8920540139342272,-1.5143101634221192,-1.1775654244243126,1.2522319827640358,0.4185896193338691,0.3609133995009349,-1.249408897628839,-0.010057518815041033,1.3931776214380678,1.1206888135833863,-0.3126734606488665
1.04344278518422,-0.7369801033246186,0.8689258346939962,1.6688359058509772,0.22370876860388272,1.3144058302341124,-1.0873235508855312,-0.8907468224991199,-1.38899985641724,-1.4382095326694684,0.3715057312505076,-0.8366303413524403,-0.8620695882128382,-0.8650852132899961,1.027846476048505,1.0544532870049084,1.3024130215875063,0.6089200138734138,-0.5669896407054554,1.4438523384034088
-0.9583659154090078,1.3390201877306425,-0.8559889736315546,0.80909643748593,0.9235614254849687,1.6387039115760529,1.5881673376761272,1.4786545341070174,1.2651399966093333,-0.8556436460185445,1.5029952680540837,-0.9827453769546712,0.2688359032399084,1.4790166549796708,-0.25471713269682217,0.2166852198653638,-0.40950507458972935,-1.0156136017962267,-0.39822179527657126,-0.40762080113817867
1.04344278518422,-0.04498000630619821,-1.4309605764067381,0.7954208361863794,1.7703192684910298,1.456780597652525,-1.5737764397149236,-0.2983964833475855,0.38042671226714214,-0.2730777593676206,-1.1371469844875939,1.598620252018075,1.4980810026450677,0.2511537716003215,0.8739388429990658,0.8450112702200222,1.1312212119697826,0.8329936160347435,-1.4108288678498764,1.3014313276694405
1.04344278518422,0.6470200907122222,-0.28101737085637096,1.2576561601111718,-1.1413232714145094,-0.9794098670625393,-1.4116254767717928,0.29395385580394884,1.2651399966093333,1.474619900585151,1.5029952680540837,1.6473252638854854,-1.5996166478559337,0.7534613148009643,0.4635184882005611,-0.9003388696540289,-0.35244113805048816,0.8329936160347435,-1.5795967132787605,0.01964223106372613
-0.9583659154090078,0.6470200907122222,-0.8559889736315546,1.629632515458933,0.8387031502699223,0.025123214167373512,-0.6819461435277041,1.4786545341070174,-1.38899985641724,0.3094881272833033,-0.0056574476840177594,0.9167500858743307,0.17049629528749566,-0.5302135178229008,-1.5372807414421492,-0.06257080251448437,0.5035179100381296,0.8329936160347435,1.3457126074885652,-1.4995152167652686
-0.9583659154090078,-1.428980200343039,-1.4309605764067381,-1.2094223143276577,0.8387031502699223,1.6782524580811682,-1.5737764397149236,-1.483097161650654,-0.504286572075049,-1.4382095326694684,-1.5143101634221192,-1.6646155430984155,-0.4195413524269808,0.30696572084483736,-0.1008094996473829,-0.5512688416792186,0.3323261004204061,1.1691040192767381,-1.3545729193735816,-0.40762080113817867
1.04344278518422,1.3390201877306425,-0.8559889736315546,1.1181650268557612,0.7702690573545617,-0.06188358814387836,0.45311059707421153,-0.2983964833475855,0.38042671226714214,1.474619900585151,-1.5143101634221192,-0.8366303413524403,-0.12452252856974258,1.423204705735155,-1.6398858301417754,-0.8305248640590668,-0.5236329476682118,1.67326962413973,1.40196855596486,1.1590103169354722
-0.9583659154090078,1.3390201877306425,-1.4309605764067381,1.6104866736395635,1.7484203587581149,1.686162167382191,-1.4927009582433581,1.4786545341070174,0.38042671226714214,-1.4382095326694684,1.5029952680540837,-0.30087521081092694,-0.02618292061732984,-1.1999569087570914,0.7200312099496264,1.2638953037897944,0.902965465812818,1.67326962413973,0.22059363796267073,0.4469052632656309
-0.9583659154090078,1.3390201877306425,1.4438974374691798,-0.6268416989668254,-1.161397272003015,-0.4652787624960487,0.2098841526595153,-0.8907468224991199,0.38042671226714214,0.3094881272833033,-0.7599838055530684,-0.154760175208696,-1.2554280200224892,-1.5906405534687027,0.7200312099496264,-0.6908968528691427,-0.29537720151124697,1.1691040192767381,-1.5233407648024657,0.4469052632656309
1.04344278518422,1.3390201877306425,1.4438974374691798,0.30492260290918466,-0.12302396883394502,1.5200582720607085,0.6963370414889077,-0.8907468224991199,-1.38899985641724,0.3094881272833033,0.7486689101850329,1.403800204548434,0.022986883358876536,0.02790597462225794,-0.5625323987957006,-0.9003388696540289,1.0170933388913004,-1.295705604497889,-1.2983169708972868,-1.2621468655419883
-0.9583659154090078,-1.428980200343039,-1.4309605764067381,1.2840956559569692,-0.6212241652577691,1.298586411632067,0.2909596341310807,-0.2983964833475855,1.2651399966093333,0.8920540139342272,-1.1371469844875939,-0.9827453769546712,-0.22286213652215534,1.4790166549796708,-1.5885832857919624,0.0770572086754397,0.6747097196558532,1.5052144225187327,0.8394090712019127,-0.2177261201595543
-0.9583659154090078,1.3390201877306425,0.2939542319188126,-0.1609595480288204,0.00745703499134302,0.03303292346839699,1.1827899303183,-0.2983964833475855,-1.38899985641724,-1.4382095326694684,1.1258320891195583,0.4296999672002277,1.4489111986688614,0.976709111779028,0.2583083108013087,0.14687121427040176,-0.7518886938251765,1.1130856187364058,0.7268971742493232,-1.4045678762759566
-0.9583659154090078,1.3390201877306425,-0.8559889736315546,-0.567580760002108,1.040355610727184,0.4364280978205667,-0.8440971064708349,0.29395385580394884,-1.38899985641724,0.3094881272833033,-1.1371469844875939,1.0141601096091513,0.9572131589067976,0.474401568578385,-0.6651374874953269,-1.109780886438915,-1.3795919957568297,0.7209568149540787,-0.34196584680027653,-1.3570942060313005
-0.9583659154090078,0.6470200907122222,1.4438974374691798,-0.019645001266803453,0.06767903675685998,-0.17261951835819994,0.2098841526595153,1.4786545341070174,0.38042671226714214,0.8920540139342272,0.3715057312505076,-0.934040365087261,-0.7637299802604254,0.19534182235580558,-1.5885832857919624,-0.9003388696540289,-1.493719868835312,0.04873600847008947,-1.1295491254684027,-1.4520415465206127
1.04344278518422,-0.04498000630619821,0.2939542319188126,-0.43264816051321514,0.8496526051363803,-1.1534234716850438,-0.9251725879424003,-1.483097161650654,-0.504286572075049,-0.8556436460185445,-0.7599838055530684,0.7706350502720998,0.31800570721611476,-0.19534182235580558,-0.6138349431455138,-1.5984789256036493,-0.9230805034429,0.38484641171208406,1.5707364013937442,0.30448425253166267
-0.9583659154090078,-1.428980200343039,-0.8559889736315546,-1.160190149649277,-0.2598921546646661,-1.6280060297464205,-0.4387196991130079,0.8863041949554832,-0.504286572075049,0.3094881272833033,-0.3828206266185431,0.9654550977417411,-0.6653903723080127,-1.423204705735155,-0.30601967704663524,-0.3418268248943325,1.2453490850482651,0.7769752154944111,1.1206888135833863,-1.2146731952973322
1.04344278518422,-0.7369801033246186,-1.4309605764067381,-0.7134538405306426,1.3469403469879992,-1.3432564949095944,0.0477331897163845,-0.2983964833475855,-0.504286572075049,-0.2730777593676206,-1.1371469844875939,1.403800204548434,-0.9604091961652509,-0.6418374163119326,-1.4859781970923363,-1.7381069367935733,1.188285148509024,0.7209568149540787,1.40196855596486,-1.072252184563364
-0.9583659154090078,-1.428980200343039,-1.4309605764067381,0.5410546520147492,1.6690368109762963,-1.058506960072769,-0.3576442176414425,-0.8907468224991199,-0.504286572075049,0.3094881272833033,0.3715057312505076,-0.8366303413524403,-0.5178809603793936,1.4790166549796708,1.5408719195466358,-0.9003388696540289,1.0741572754305415,1.3931776214380678,0.783153122725618,-0.027831439180929955
1.04344278518422,-1.428980200343039,0.8689258346939962,-0.23207267478648078,1.1306886133754608,-0.8133059717410576,1.1827899303183,-1.483097161650654,-0.504286572075049,-1.4382095326694684,0.7486689101850329,1.5499152401506648,-0.8128997842366318,-0.8650852132899961,1.079149020398318,-1.109780886438915,-0.010057518815041033,1.2251224198170705,-1.1858050739446975,1.4438523384034088
-0.9583659154090078,1.3390201877306425,-0.8559889736315546,0.13352173328815775,0.4217114107723247,0.3256921676062451,1.1827899303183,-0.8907468224991199,-1.38899985641724,0.3094881272833033,1.5029952680540837,-0.057350151473875385,-0.7637299802604254,1.0883330102680597,-1.2294654753432708,-0.3418268248943325,1.0741572754305415,-0.6234847980138998,0.5018733803441443,1.111536646690816
-0.9583659154090078,1.3390201877306425,-0.8559889736315546,0.6066975382525893,-1.3630497324602775,-0.3624525415827499,-0.6819461435277041,-0.8907468224991199,-0.504286572075049,-0.2730777593676206,-0.0056574476840177594,0.478404979067638,0.9080433549305912,0.474401568578385,-0.8190451205447661,0.565755247840174,0.617645783116612,1.4491960219784004,-1.6358526617550553,-0.5025681416274909
-0.9583659154090078,0.6470200907122222,1.4438974374691798,0.3094811366757011,1.734733540175042,1.5121485627596858,-1.654851921186489,-0.2983964833475855,1.2651399966093333,0.3094881272833033,-0.0056574476840177594,-1.3236804600265433,0.8588735509543849,-1.3673927564906392,-0.767742576194953,0.14687121427040176,1.1312212119697826,-1.0716320023365593,1.3457126074885652,0.541852603754943
1.04344278518422,1.3390201877306425,-1.4309605764067381,1.1537215902345914,-0.47431897913279525,-1.3116176577055025,0.5341860785457769,1.4786545341070174,1.2651399966093333,-1.4382095326694684,-1.1371469844875939,1.6960302757528956,-0.9112393921890445,-0.976709111779028,1.3356617421473835,1.5431513261696426,-1.2654641226783472,-0.5114479969332348,1.1206888135833863,1.586273349137377
-0.9583659154090078,-0.04498000630619821,-1.4309605764067381,0.013176441852116617,0.1260761293779677,-0.6234729485165069,-1.4116254767717928,1.4786545341070174,0.38042671226714214,0.3094881272833033,-0.3828206266185431,-0.057350151473875385,-0.7637299802604254,1.4790166549796708,-0.6138349431455138,1.5431513261696426,1.6447966408229535,-0.28737439477190513,0.164337689486376,-0.2177261201595543
1.04344278518422,1.3390201877306425,-1.4309605764067381,-0.6086075639007584,-0.42504643223373506,0.5392543187338641,0.0477331897163845,0.8863041949554832,-1.38899985641724,-0.8556436460185445,1.5029952680540837,1.3550951926810235,-1.0095790001414573,1.3673927564906392,0.20700576645149563,-1.109780886438915,-0.35244113805048816,-0.06330079261057539,1.0081769166307968,0.6842736144889113
1.04344278518422,-0.7369801033246186,1.4438974374691798,-0.47185155090525793,0.9883457001115107,0.2149562373919242,0.7774125229604731,-1.483097161650654,-1.38899985641724,-0.8556436460185445,1.5029952680540837,-0.10605516334128569,1.3014017867402423,-1.2557688580016073,-0.767742576194953,-0.8305248640590668,1.7018605773621946,-0.34339279531223754,-1.5795967132787605,-1.6419362274992368
-0.9583659154090078,-1.428980200343039,-1.4309605764067381,-0.8009776888477624,1.2328835254623982,-0.10934184395001638,-0.4387196991130079,0.8863041949554832,-1.38899985641724,-1.4382095326694684,-1.5143101634221192,0.478404979067638,1.1047225708354167,1.423204705735155,-1.280768019693084,-1.249408897628839,0.2752621638811649,0.4408648122524165,-1.3545729193735816,-1.167199525052676
1.04344278518422,1.3390201877306425,-0.8559889736315546,-0.38797452960135076,-0.07101405821827034,0.017213504866350746,0.3720351156026461,1.4786545341070174,0.38042671226714214,-1.4382095326694684,-0.3828206266185431,1.598620252018075,-0.7637299802604254,1.2557688580016073,1.1304515647481312,-1.7381069367935733,1.3594769581267474,-0.2313559942315727,-1.4108288678498764,1.4913260086480649
-0.9583659154090078,0.6470200907122222,-1.4309605764067381,-0.5648456397421979,-0.04637778476874091,-0.8449448089451493,1.0206389673751692,-0.8907468224991199,-1.38899985641724,1.474619900585151,-0.0056574476840177594,0.13746989599576584,0.613024531073353,-1.3673927564906392,-1.6398858301417754,-0.5512688416792186,-1.0942723130606236,-0.6234847980138998,-0.9045253315632238,1.4913260086480649
-0.9583659154090078,-1.428980200343039,0.8689258346939962,0.24474995719116474,1.018456700994269,-1.2720691112003881,0.5341860785457769,-0.8907468224991199,-1.38899985641724,1.474619900585151,-0.3828206266185431,0.08876488412835554,-1.0587488041176636,1.1441449595125757,0.4635184882005611,0.2166852198653638,-1.0372083765213824,-0.6234847980138998,0.051825792533786545,-1.4995152167652686
1.04344278518422,-1.428980200343039,-1.4309605764067381,-0.15731272101560648,-1.5063051002964323,-0.2596263206694518,-1.4116254767717928,-0.2983964833475855,0.38042671226714214,-0.8556436460185445,-0.0056574476840177594,0.8680450740069204,0.9080433549305912,-0.6976493655564485,1.3356617421473835,-1.5984789256036493,-0.7518886938251765,1.1130856187364058,-1.5795967132787605,-1.5469888870099247
1.04344278518422,0.6470200907122222,0.2939542319188126,1.362502436741056,0.5886905974858055,-0.2358971927663835,-0.9251725879424003,0.29395385580394884,0.38042671226714214,-1.4382095326694684,-1.1371469844875939,-1.2262704362917227,1.1047225708354167,1.3115808072461232,1.643477008246262,-0.9003388696540289,-1.6078477419137944,0.49688321279274894,-1.5233407648024657,1.111536646690816
1.04344278518422,-0.7369801033246186,1.4438974374691798,1.4719072471374555,-0.538190799187132,1.069204841902401,-1.0062480694139657,0.29395385580394884,0.38042671226714214,1.474619900585151,1.1258320891195583,0.9654550977417411,-1.2062582160462827,0.6418374163119326,0.6687286655998134,-0.9701528752489909,-0.40950507458972935,1.2251224198170705,-1.2420610224209923,0.9216419657121918
-0.9583659154090078,-1.428980200343039,1.4438974374691798,0.6659584772173067,-0.4651944334107477,-1.4777215530269843,-0.6008706620561387,-0.2983964833475855,-1.38899985641724,-0.2730777593676206,0.3715057312505076,-1.421090483761364,1.153892374811623,0.4185896193338691,1.592174463896449,0.0770572086754397,-1.6078477419137944,1.6172512235993977,0.3331055349152602,-0.6924628226061151
1.04344278518422,-1.428980200343039,0.2939542319188126,0.9358236761950939,-1.2316562740627848,-0.19634864626126824,-1.1683990323570965,0.29395385580394884,-1.38899985641724,1.474619900585151,-0.3828206266185431,-0.78792532948503,0.9080433549305912,0.5860254670674168,-0.5112298544458875,-0.13238480810944642,1.47360483120523,-0.9595952012558944,-0.7920134346106343,-1.4995152167652686
1.04344278518422,-0.7369801033246186,0.2939542319188126,0.7370716039749671,-1.5236417371683235,-0.7895768438379887,1.3449408932614308,-0.8907468224991199,-0.504286572075049,0.3094881272833033,1.5029952680540837,0.4296999672002277,-0.7145601762842191,1.1999569087570914,-1.6911883744915885,0.9148252758149842,0.3893900369596473,-1.407742405578554,0.22059363796267073,0.11458957155303831
1.04344278518422,-0.7369801033246186,-0.28101737085637096,-1.7373005244902897,-0.1640844245831603,0.16749798158578688,0.0477331897163845,1.4786545341070174,-1.38899985641724,-0.8556436460185445,-0.7599838055530684,0.13746989599576584,0.9080433549305912,-0.02790597462225794,1.1304515647481312,-1.5984789256036493,0.2752621638811649,-0.9035768007155619,-1.4670848163261712,1.3963786681587527
1.04344278518422,0.6470200907122222,-0.8559889736315546,1.4308804432388063,0.05490467274599263,0.9901077488921718,0.1288086711879499,-0.8907468224991199,0.38042671226714214,0.3094881272833033,1.5029952680540837,-1.3723854718939537,-1.10791860809387,-1.3115808072461232,1.079149020398318,-1.0399668808439528,-0.40950507458972935,0.38484641171208406,0.783153122725618,1.586273349137377
1.04344278518422,-0.7369801033246186,0.2939542319188126,0.8893266317766232,0.35145240871255495,-1.5568186460372142,0.1288086711879499,-0.8907468224991199,-0.504286572075049,-1.4382095326694684,-1.1371469844875939,-1.274975448159133,-0.6653903723080127,-1.4790166549796708,0.3609133995009349,-0.5512688416792186,0.6747097196558532,-0.7915399996348971,-1.0170372285158134,-0.40762080113817867
-0.9583659154090078,-0.7369801033246186,0.8689258346939962,-1.0899887296449204,1.5595422623117203,1.6307942022750301,0.939563485903604,-0.8907468224991199,0.38042671226714214,-0.8556436460185445,-1.5143101634221192,1.0141601096091513,0.8097037469781785,-1.3673927564906392,1.5408719195466358,-0.4814548360842566,1.530668767744471,0.7209568149540787,-0.5107336922291608,-0.45509447138283476
-0.9583659154090078,-0.7369801033246186,0.2939542319188126,0.8373593468383337,1.6197642640772374,0.7290873419584147,0.2098841526595153,-0.8907468224991199,0.38042671226714214,-1.4382095326694684,0.7486689101850329,0.28358493159799675,-1.3537676279749018,-0.2511537716003215,0.5661235769001872,0.28649922546032586,-0.010057518815041033,-0.11931919315090783,0.164337689486376,0.3994315930209748
1.04344278518422,-0.7369801033246186,0.8689258346939962,0.23654459641143438,-1.3758240964711448,-1.4935409716290304,1.1827899303183,-0.2983964833475855,0.38042671226714214,-0.8556436460185445,-0.3828206266185431,0.7219300384046895,-0.9604091961652509,-0.2511537716003215,1.079149020398318,-1.249408897628839,-0.23831326497200578,1.0010488176557408,0.3893614833915549,1.1590103169354722
1.04344278518422,-1.428980200343039,0.8689258346939962,1.4235867892123786,0.48923304911548127,-0.3940913787868417,-0.9251725879424003,-0.8907468224991199,0.38042671226714214,-0.8556436460185445,1.1258320891195583,-1.0801554006894918,-0.7145601762842191,0.4185896193338691,-1.1781629309934576,0.2166852198653638,0.4464539734988885,0.4408648122524165,1.0081769166307968,-0.36014713089352257
-0.9583659154090078,1.3390201877306425,-0.28101737085637096,1.7144212435161441,-0.7279813502057317,-1.5489089367361906,0.1288086711879499,0.29395385580394884,1.2651399966093333,0.8920540139342272,0.3715057312505076,0.478404979067638,-0.4195413524269808,0.02790597462225794,-1.1268603866436446,0.007243203080477669,0.6747097196558532,0.4408648122524165,-1.4670848163261712,0.2570105822870066
-0.9583659154090078,0.6470200907122222,1.4438974374691798,-1.456494844472862,0.810417058531573,0.9268300744839882,-0.3576442176414425,0.8863041949554832,0.38042671226714214,0.3094881272833033,1.5029952680540837,-0.30087521081092694,1.4980810026450677,0.7534613148009643,-0.4086247657462614,0.9148252758149842,-0.5236329476682118,1.0010488176557408,1.5144804529174494,1.3963786681587527
-0.9583659154090078,-1.428980200343039,0.2939542319188126,1.696187108450077,1.0631669750323043,1.7415301324893517,1.5881673376761272,1.4786545341070174,-0.504286572075049,-1.4382095326694684,-1.1371469844875939,0.5758150028024586,1.4489111986688614,-0.2511537716003215,-0.8190451205447661,0.49594124224521197,1.188285148509024,-1.3517240050382213,0.6706412257730285,-0.40762080113817867
1.04344278518422,1.3390201877306425,0.2939542319188126,-0.7672445389755386,-1.2134071826186885,-1.0664166693737918,-1.5737764397149236,1.4786545341070174,1.2651399966093333,1.474619900585151,0.3715057312505076,1.6960302757528956,0.2688359032399084,0.976709111779028,-1.434675652742523,-0.2720128192993705,0.2752621638811649,1.0010488176557408,1.4582245044411546,0.8741682954675357
1.04344278518422,0.6470200907122222,-1.4309605764067381,0.09887687666263137,-0.7462304416498281,0.8872815279788744,0.1288086711879499,0.29395385580394884,-0.504286572075049,-0.8556436460185445,-1.1371469844875939,0.18617490786317614,1.153892374811623,-1.4790166549796708,-0.8703476648945792,1.5431513261696426,1.0741572754305415,-0.34339279531223754,0.783153122725618,0.494378933510287
1.04344278518422,1.3390201877306425,-0.28101737085637096,0.06605543354370999,-0.7882033519712487,0.7290873419584147,0.2909596341310807,0.29395385580394884,-1.38899985641724,0.8920540139342272,-0.0056574476840177594,1.452505216415844,0.9572131589067976,1.5906405534687027,0.7200312099496264,1.7525933429545286,0.4464539734988885,-0.9035768007155619,-0.454477743752866,-0.07530510942558605
1.04344278518422,0.6470200907122222,0.2939542319188126,1.3096234450494615,-0.8247015348594415,0.25450478389703873,-1.3305499953002273,-1.483097161650654,-0.504286572075049,-0.2730777593676206,-1.5143101634221192,1.257685168946203,-0.02618292061732984,0.08371792386677382,-1.1268603866436446,1.4035233149797184,-1.208400186139106,1.4491960219784004,0.164337689486376,-0.8823575035847395
1.04344278518422,0.6470200907122222,-0.8559889736315546,-0.5648456397421979,1.4308861676308415,-0.8686739368482184,-0.7630216249992695,-1.483097161650654,1.2651399966093333,-0.2730777593676206,0.3715057312505076,-0.6418102938827991,1.2030621787878295,-0.5302135178229008,0.9252413873488788,-1.179594892033877,0.3323261004204061,1.0570672181960732,0.051825792533786545,1.6337470193820331
1.04344278518422,0.6470200907122222,0.2939542319188126,0.1791070709533246,1.6964104481424414,-0.45736905319502524,0.6152615600173423,-0.2983964833475855,0.38042671226714214,-1.4382095326694684,1.5029952680540837,-0.30087521081092694,-0.07535272459353622,-1.3673927564906392,-0.5625323987957006,0.8450112702200222,-0.7518886938251765,0.21679121009108676,0.9519209681545021,-0.8348838333400834
1.04344278518422,1.3390201877306425,1.4438974374691798,1.2284815440054644,1.2821560723614585,-0.022335041638763806,-0.19549325469831172,0.29395385580394884,1.2651399966093333,-0.8556436460185445,1.1258320891195583,-0.39828523454574755,-1.2554280200224892,1.0883330102680597,0.41221594385074795,-0.7607108584641048,-1.2654641226783472,0.6089200138734138,-0.454477743752866,0.9691156359568479
-0.9583659154090078,-0.04498000630619821,-1.4309605764067381,0.41706253356549544,0.5175191408538306,-1.3195273670065262,-1.4927009582433581,-0.8907468224991199,-1.38899985641724,0.3094881272833033,-0.3828206266185431,1.1602751452113822,0.022986883358876536,-0.4185896193338691,1.1304515647481312,1.6129653317646047,1.0741572754305415,-0.06330079261057539,-0.17319800137139235,-0.9773048440740517
-0.9583659154090078,-0.7369801033246186,-1.4309605764067381,-1.5868689101952391,0.9153493343351263,0.9268300744839882,-0.2765687361698771,-1.483097161650654,-0.504286572075049,-0.2730777593676206,0.7486689101850329,0.478404979067638,-1.3045978239986955,0.4185896193338691,-0.30601967704663524,0.42612723665024993,-1.550783805374553,1.6172512235993977,1.1206888135833863,-0.550041811872147
1.04344278518422,-1.428980200343039,-1.4309605764067381,1.3634141434943585,-1.576564102356202,0.5629834466369338,-1.5737764397149236,1.4786545341070174,1.2651399966093333,-0.2730777593676206,1.5029952680540837,-0.008645139606465081,1.6455904145736868,1.0325210610235438,0.10440067775186945,-0.6908968528691427,-0.9801444399821413,0.38484641171208406,0.44561743186784963,-0.8823575035847395
1.04344278518422,1.3390201877306425,-0.28101737085637096,-0.763597711962326,1.6252389915104664,-0.647202076419576,0.8584880044320385,1.4786545341070174,0.38042671226714214,0.3094881272833033,0.3715057312505076,0.8193400621395102,-1.10791860809387,0.474401568578385,-0.8190451205447661,0.8450112702200222,1.188285148509024,0.49688321279274894,-0.8482693830869291,-1.3570942060313005
-0.9583659154090078,-0.04498000630619821,0.2939542319188126,-1.4811109268120517,-1.439695916525481,0.06467176067248806,-1.4116254767717928,1.4786545341070174,-1.38899985641724,1.474619900585151,-1.1371469844875939,0.5271099909350483,-0.22286213652215534,0.474401568578385,-0.6651374874953269,0.42612723665024993,-1.208400186139106,-1.6318160077398836,0.44561743186784963,0.01964223106372613
1.04344278518422,1.3390201877306425,-0.8559889736315546,0.9941729084065074,1.4208491673365888,0.8793718186778516,0.5341860785457769,-0.8907468224991199,1.2651399966093333,0.8920540139342272,-1.1371469844875939,-0.3495802226783372,-1.5504468438797274,1.1999569087570914,-0.4086247657462614,-0.3418268248943325,1.4165408946659888,1.3371592208977354,-1.4670848163261712,1.2064839871801283
1.04344278518422,1.3390201877306425,0.2939542319188126,-0.5156134750638185,0.47280886681579415,0.38896984201442864,-0.3576442176414425,0.29395385580394884,1.2651399966093333,-1.4382095326694684,-0.0056574476840177594,-0.5931052820153888,0.9572131589067976,-1.5906405534687027,-1.0242552979440185,-0.6908968528691427,-0.1812493284327646,1.2251224198170705,-0.5107336922291608,-0.07530510942558605
1.04344278518422,-0.7369801033246186,0.2939542319188126,1.2558327466045656,0.7921679670874766,-0.3703622508837734,-0.2765687361698771,0.29395385580394884,1.2651399966093333,0.3094881272833033,1.1258320891195583,-0.6905153057502094,0.9080433549305912,-0.6976493655564485,-0.6138349431455138,-1.249408897628839,0.9600294023520591,1.281140820357403,1.40196855596486,-0.2177261201595543
1.04344278518422,-1.428980200343039,0.8689258346939962,-0.07981764698482337,-0.38854824934554355,1.5912456557699148,0.1288086711879499,1.4786545341070174,-1.38899985641724,1.474619900585151,1.5029952680540837,1.403800204548434,-1.5504468438797274,-0.5302135178229008,0.9765439316986919,-1.389036908818763,-0.29537720151124697,1.1130856187364058,0.8956650196782074,-1.2621468655419883
1.04344278518422,0.6470200907122222,0.8689258346939962,-0.8164767036539193,1.771231723063235,1.3935029232443414,1.1827899303183,0.29395385580394884,-0.504286572075049,0.8920540139342272,-1.1371469844875939,-1.3723854718939537,-1.501277039903521,0.1395298731112897,-1.1781629309934576,-1.5286649200086873,0.10407035426344134,1.5612328230590653,0.783153122725618,-1.3096205357866444
1.04344278518422,-0.7369801033246186,-0.8559889736315546,0.13352173328815775,-0.9259839923741751,0.721177632657392,0.6152615600173423,1.4786545341070174,-1.38899985641724,-0.2730777593676206,1.5029952680540837,0.38099495533281735,0.3671755111923211,-1.5906405534687027,0.4635184882005611,0.14687121427040176,-1.3795919957568297,0.32882801117175164,0.051825792533786545,1.6337470193820331
-0.9583659154090078,-1.428980200343039,-0.8559889736315546,1.1947483941332417,-1.2033701823244356,-0.5206467276032088,1.0206389673751692,0.8863041949554832,-0.504286572075049,-0.2730777593676206,-1.1371469844875939,-0.6418102938827991,-0.8620695882128382,1.0325210610235438,0.2583083108013087,-1.249408897628839,0.5605818465773709,1.2251224198170705,1.626992349870039,0.1620632417976944
-0.9583659154090078,-0.04498000630619821,1.4438974374691798,-0.026938655293229995,0.8131544222481876,0.11213001647862608,-1.0062480694139657,-0.8907468224991199,-0.504286572075049,1.474619900585151,0.3715057312505076,1.403800204548434,-1.4029374319511083,1.4790166549796708,-0.9216502092443922,0.565755247840174,1.0170933388913004,0.16077280955075435,-1.5233407648024657,0.30448425253166267
1.04344278518422,-0.04498000630619821,-0.28101737085637096,0.8920617520365334,1.6909357207092124,-1.192972018190159,-0.0333422917551809,0.29395385580394884,-0.504286572075049,-1.4382095326694684,1.1258320891195583,-0.6418102938827991,1.153892374811623,-1.4790166549796708,0.5661235769001872,0.7751972646250601,-1.4366559322960708,-1.407742405578554,0.8956650196782074,0.5893262739995991
-0.9583659154090078,1.3390201877306425,1.4438974374691798,1.0142304569791807,0.1251636748057624,0.507615481529773,1.5881673376761272,-0.2983964833475855,-1.38899985641724,-0.2730777593676206,1.1258320891195583,-0.10605516334128569,0.613024531073353,0.5302135178229008,1.2330566534477574,-0.41164083048929456,-1.208400186139106,0.04873600847008947,0.27684958643896546,-1.689409897743893
1.04344278518422,-0.7369801033246186,1.4438974374691798,0.6076092450058931,0.3021798618134961,0.8081844349686452,0.939563485903604,0.29395385580394884,0.38042671226714214,-1.4382095326694684,1.1258320891195583,1.452505216415844,0.6621943350495594,0.8092732640454803,0.3609133995009349,0.49594124224521197,1.5877327042837122,-0.28737439477190513,-0.004430155942508177,-1.167199525052676
-0.9583659154090078,0.6470200907122222,-0.28101737085637096,-1.2559193587461284,1.4573473502247816,-0.17261951835819994,0.45311059707421153,-0.8907468224991199,-0.504286572075049,1.474619900585151,-0.0056574476840177594,-0.2034651870761063,0.46551511914473387,0.08371792386677382,0.15570322210168253,-1.6682929311986112,0.9600294023520591,1.5612328230590653,1.3457126074885652,1.4913260086480649
1.04344278518422,-0.04498000630619821,1.4438974374691798,1.6888934544236505,-0.33836324787427946,0.5867125745400021,1.2638654117898656,0.8863041949554832,0.38042671226714214,-0.8556436460185445,-0.0056574476840177594,1.3550951926810235,0.022986883358876536,0.976709111779028,0.5661235769001872,-0.9003388696540289,0.9600294023520591,1.1691040192767381,-0.5107336922291608,-0.3126734606488665
-0.9583659154090078,-0.04498000630619821,-0.8559889736315546,-0.9167644465172858,-0.8356509897258982,-0.29917486717456704,-0.1144177732267463,-0.2983964833475855,0.38042671226714214,-0.2730777593676206,0.7486689101850329,-0.2521701989435166,0.7605339430019721,-1.5348286042241868,0.9252413873488788,-1.6682929311986112,0.6747097196558532,0.49688321279274894,0.5581293288204391,-0.45509447138283476
1.04344278518422,-1.428980200343039,1.4438974374691798,0.32224503122194786,1.1553248868249901,0.23077565599397043,0.2909596341310807,-0.8907468224991199,0.38042671226714214,0.8920540139342272,-0.0056574476840177594,-1.2262704362917227,0.613024531073353,0.4185896193338691,-1.6398858301417754,-1.5286649200086873,-1.0372083765213824,0.38484641171208406,-1.073293176992108,-0.9298311738293956
-0.9583659154090078,1.3390201877306425,0.2939542319188126,0.5674941478605452,-1.1741716360138825,-0.908222483353333,-1.249474513828662,0.8863041949554832,-1.38899985641724,0.3094881272833033,1.5029952680540837,-1.274975448159133,-0.8620695882128382,0.976709111779028,0.5148210325503741,-0.4814548360842566,-1.6078477419137944,0.38484641171208406,-0.6232455891817502,0.35195792277631877
1.04344278518422,-0.7369801033246186,1.4438974374691798,1.6825115071505266,1.3588022564266626,-0.6155632392154842,0.939563485903604,0.8863041949554832,1.2651399966093333,0.3094881272833033,-0.0056574476840177594,1.403800204548434,0.46551511914473387,-0.6976493655564485,0.20700576645149563,0.2166852198653638,1.3594769581267474,-1.0716320023365593,0.6706412257730285,-1.2621468655419883
-0.9583659154090078,0.6470200907122222,0.2939542319188126,-1.5166674901908819,1.6954979935702361,-1.1296943437819753,0.1288086711879499,1.4786545341070174,0.38042671226714214,1.474619900585151,-0.7599838055530684,0.478404979067638,0.4163453151685275,-1.1999569087570914,-1.4859781970923363,-0.9003388696540289,0.617645783116612,-1.407742405578554,-1.5233407648024657,0.5893262739995991
-0.9583659154090078,-1.428980200343039,-0.28101737085637096,-1.6206020600674624,0.832315968264488,-1.6596448669505122,-0.5197951805845733,1.4786545341070174,-0.504286572075049,-1.4382095326694684,-1.5143101634221192,0.3322899434654071,0.3671755111923211,0.6976493655564485,-0.9729527535942053,1.2638953037897944,-1.3225280592175883,1.6172512235993977,0.6143852772967338,-0.644989152361459
1.04344278518422,0.6470200907122222,-0.8559889736315546,0.7270428296886292,-1.3730867327545304,0.07258146997351153,-0.4387196991130079,0.8863041949554832,0.38042671226714214,1.474619900585151,-0.7599838055530684,-0.49569525828056815,-1.64878645183214,-0.19534182235580558,0.15570322210168253,1.1242672925998702,0.16113429080268254,-0.2313559942315727,-0.6232455891817502,-1.4045678762759566
-0.9583659154090078,-0.7369801033246186,-0.8559889736315546,0.8109198509925363,-0.04546533019653563,0.8398232721727363,-1.3305499953002273,-1.483097161650654,1.2651399966093333,-0.2730777593676206,-0.0056574476840177594,0.38099495533281735,-1.5504468438797274,0.6418374163119326,-1.38337310839271,0.9148252758149842,0.6747097196558532,-0.17533759369124027,-0.7920134346106343,1.06406297644616
1.04344278518422,-0.04498000630619821,1.4438974374691798,-0.5356710236364918,-0.5555274360590231,0.49970577222875023,1.1017144488467348,1.4786545341070174,-0.504286572075049,-0.8556436460185445,1.1258320891195583,-1.4697954956287742,0.5146849231209403,-1.7022644519577343,1.3356617421473835,1.1242672925998702,0.04700641772420015,-0.39941119585257,0.051825792533786545,0.30448425253166267
-0.9583659154090078,1.3390201877306425,0.8689258346939962,-0.5602871059756815,-0.9405832655294516,0.9505592023870579,0.939563485903604,-0.2983964833475855,0.38042671226714214,1.474619900585151,1.1258320891195583,-1.6159105312310051,-1.4029374319511083,1.5348286042241868,1.3356617421473835,-1.109780886438915,0.7317736561950944,-1.5197792066592186,1.2894566590122705,-1.689409897743893
-0.9583659154090078,0.6470200907122222,0.8689258346939962,-1.5312547982437357,0.8752013331581151,0.6974485047543236,-1.0873235508855312,0.29395385580394884,0.38042671226714214,0.8920540139342272,-0.7599838055530684,0.624520014669869,0.6621943350495594,-0.19534182235580558,-0.1008094996473829,1.6129653317646047,0.3893900369596473,0.7209568149540787,1.5707364013937442,1.2064839871801283
1.04344278518422,0.6470200907122222,0.2939542319188126,-0.2202204869935365,1.7913057236517407,1.156211644213654,-1.3305499953002273,0.8863041949554832,-0.504286572075049,0.8920540139342272,-0.3828206266185431,0.6732250265372792,-0.5670507643556,0.30696572084483736,0.10440067775186945,-1.109780886438915,1.3024130215875063,-0.9595952012558944,-0.22945394984768708,0.2570105822870066
-0.9583659154090078,0.6470200907122222,0.8689258346939962,-1.3872051312218079,1.7584573590523676,0.24659507459601598,1.1017144488467348,-1.483097161650654,-1.38899985641724,0.8920540139342272,-0.7599838055530684,-1.274975448159133,-0.22286213652215534,-0.6976493655564485,0.9765439316986919,0.9148252758149842,0.4464539734988885,0.27280961063141923,0.8956650196782074,-0.7399364928507712
-0.9583659154090078,-0.7369801033246186,1.4438974374691798,1.2230113034856454,-0.2562423363758463,-1.3195273670065262,-0.6819461435277041,0.29395385580394884,-1.38899985641724,1.474619900585151,0.3715057312505076,0.7706350502720998,0.613024531073353,-0.6418374163119326,1.592174463896449,0.9148252758149842,1.3024130215875063,1.5612328230590653,0.8956650196782074,-1.3570942060313005
1.04344278518422,1.3390201877306425,-0.8559889736315546,0.26663091927044436,-0.6139245286801308,0.4126989699174983,-0.6008706620561387,-1.483097161650654,-0.504286572075049,0.3094881272833033,1.5029952680540837,1.598620252018075,1.6455904145736868,-1.5906405534687027,0.41221594385074795,-0.9003388696540289,0.16113429080268254,-0.39941119585257,-0.8482693830869291,1.06406297644616
1.04344278518422,-0.04498000630619821,-0.8559889736315546,1.1382225754284345,1.6580873561098395,0.7528164698614844,0.1288086711879499,-0.2983964833475855,0.38042671226714214,0.8920540139342272,-1.5143101634221192,1.3063901808136131,-0.6162205683318063,-0.920897162534512,-1.1268603866436446,0.14687121427040176,0.5035179100381296,0.32882801117175164,0.27684958643896546,-1.2146731952973322
-0.9583659154090078,-0.7369801033246186,-1.4309605764067381,0.4070337592791588,0.20819704087640084,0.28614362110113123,-1.4116254767717928,-0.8907468224991199,1.2651399966093333,0.3094881272833033,-0.7599838055530684,-1.4697954956287742,0.31800570721611476,-0.920897162534512,1.2843591977975704,-0.9003388696540289,-0.12418539189352341,-0.4554295963929024,-0.9045253315632238,-1.3096205357866444
1.04344278518422,-1.428980200343039,-0.28101737085637096,0.37877084992675514,1.541293170867624,1.2590378651269516,-1.1683990323570965,-1.483097161650654,1.2651399966093333,-0.8556436460185445,-1.5143101634221192,-0.934040365087261,-0.46871115640318717,0.36277767008935324,-0.3573222213964483,0.705383259030098,0.3323261004204061,-1.295705604497889,0.783153122725618,-1.072252184563364
1.04344278518422,-0.04498000630619821,-0.28101737085637096,0.21831046134536738,-0.539103253759336,1.5121485627596858,-1.0873235508855312,-0.2983964833475855,1.2651399966093333,-0.2730777593676206,1.1258320891195583,-0.6905153057502094,0.0721566873350829,1.4790166549796708,0.001795589052243283,-1.109780886438915,0.7888375927343356,-0.11931919315090783,-0.9045253315632238,1.2539576574247844
-0.9583659154090078,-0.7369801033246186,-1.4309605764067381,0.24566166394446853,-0.5217666168874449,0.2703242024990843,-0.19549325469831172,-0.8907468224991199,-0.504286572075049,0.8920540139342272,1.1258320891195583,-0.3495802226783372,-0.5670507643556,-1.423204705735155,0.6174261212500003,0.0770572086754397,-1.151336249599865,-1.5197792066592186,1.0644328651070916,-1.689409897743893
-0.9583659154090078,1.3390201877306425,-0.8559889736315546,1.5266096523356565,-0.22521888092088255,-0.7974865531390121,-0.7630216249992695,1.4786545341070174,1.2651399966093333,-0.8556436460185445,1.1258320891195583,1.3063901808136131,-1.7471260597845528,0.36277767008935324,-0.8190451205447661,0.28649922546032586,-1.0942723130606236,1.3371592208977354,0.8956650196782074,1.538799678892721
1.04344278518422,-0.7369801033246186,-0.8559889736315546,-1.7354771109836826,-1.1577474537141954,-0.03815446024081005,-1.5737764397149236,-0.2983964833475855,0.38042671226714214,-0.2730777593676206,-1.5143101634221192,1.452505216415844,-1.501277039903521,0.30696572084483736,0.4635184882005611,-0.9003388696540289,-0.1812493284327646,1.5612328230590653,1.6832482983463335,-0.3126734606488665
-0.9583659154090078,1.3390201877306425,0.2939542319188126,-1.130103826790267,-1.5884260117948648,-1.295798239103457,-0.9251725879424003,1.4786545341070174,1.2651399966093333,1.474619900585151,-0.0056574476840177594,1.452505216415844,-1.6979562558083465,-1.0325210610235438,-1.434675652742523,0.7751972646250601,1.530668767744471,-0.6234847980138998,-1.2420610224209923,0.35195792277631877
-0.9583659154090078,1.3390201877306425,-0.28101737085637096,1.4573199390846023,-1.5355036466069862,-0.04606416954183282,1.2638654117898656,-0.8907468224991199,0.38042671226714214,0.3094881272833033,-1.1371469844875939,1.0141601096091513,0.2688359032399084,0.08371792386677382,-0.3573222213964483,0.9846392814099463,-0.010057518815041033,-1.5197792066592186,-1.6358526617550553,-0.8348838333400834
1.04344278518422,1.3390201877306425,0.8689258346939962,0.8227720387854806,0.22644613232049596,1.4646903069535477,1.1017144488467348,-0.8907468224991199,-1.38899985641724,1.474619900585151,1.5029952680540837,0.23487991973058645,1.3014017867402423,0.976709111779028,1.027846476048505,1.7525933429545286,-0.40950507458972935,1.67326962413973,1.0081769166307968,-1.3096205357866444
1.04344278518422,-0.7369801033246186,-0.8559889736315546,-0.7435401633896527,1.1690117054080629,-1.4223535879198241,1.5070918562045617,-0.2983964833475855,0.38042671226714214,0.3094881272833033,1.5029952680540837,-1.6646155430984155,-1.5504468438797274,-1.1999569087570914,-0.5625323987957006,0.7751972646250601,-0.06712145535428223,-0.9035768007155619,-0.06068610441880291,-0.3126734606488665
-0.9583659154090078,1.3390201877306425,0.8689258346939962,-0.4107671984339342,-0.7818161699658156,-1.3669856228126633,0.2098841526595153,0.29395385580394884,0.38042671226714214,-1.4382095326694684,-0.0056574476840177594,-1.3236804600265433,0.21966609926370204,0.7534613148009643,-0.1008094996473829,-1.7381069367935733,-0.29537720151124697,0.27280961063141923,-0.7920134346106343,-0.5025681416274909
1.04344278518422,-0.04498000630619821,-0.28101737085637096,0.43803178889147254,-1.1705218177250627,-1.3116176577055025,0.2098841526595153,-1.483097161650654,-1.38899985641724,-1.4382095326694684,1.1258320891195583,0.6732250265372792,1.399741394692655,-0.19534182235580558,1.4382668308470097,-0.9701528752489909,1.3594769581267474,1.1130856187364058,1.2894566590122705,-0.644989152361459
1.04344278518422,-1.428980200343039,-1.4309605764067381,-1.364412462389225,-0.4606321605497226,1.5121485627596858,0.2098841526595153,-0.8907468224991199,-1.38899985641724,-1.4382095326694684,1.5029952680540837,-0.5444002701479784,1.3014017867402423,0.1395298731112897,-0.1008094996473829,0.9846392814099463,-1.493719868835312,1.5052144225187327,-0.7357574861343397,0.06711590130838221
1.04344278518422,-1.428980200343039,-0.8559889736315546,-1.0380214447066307,1.7484203587581149,0.8872815279788744,-1.3305499953002273,-0.2983964833475855,-1.38899985641724,0.8920540139342272,-1.1371469844875939,0.08876488412835554,1.0063829628830039,0.08371792386677382,0.001795589052243283,1.3337093093847565,-0.6948247572859353,-0.7355215990945646,-0.2857098983239818,0.01964223106372613
-0.9583659154090078,-0.7369801033246186,-0.28101737085637096,0.3951815714862158,-0.4286962505225549,-0.2833554485725208,0.6152615600173423,1.4786545341070174,1.2651399966093333,-1.4382095326694684,-0.7599838055530684,1.0141601096091513,0.8588735509543849,0.5860254670674168,-0.45992731009607446,-1.109780886438915,-0.06712145535428223,-1.295705604497889,0.7268971742493232,0.35195792277631877
-0.9583659154090078,1.3390201877306425,-1.4309605764067381,-1.7053907881246726,-0.3283262475800266,-0.32290399507763534,0.2098841526595153,1.4786545341070174,0.38042671226714214,1.474619900585151,-0.7599838055530684,-0.30087521081092694,0.5638547270971467,-0.8650852132899961,-1.5885832857919624,0.565755247840174,-1.208400186139106,1.1691040192767381,-0.5669896407054554,0.8741682954675357
1.04344278518422,0.6470200907122222,-1.4309605764067381,1.4427326310317492,-0.5089922528765775,0.3494212955093148,-1.4927009582433581,-0.2983964833475855,1.2651399966093333,-0.2730777593676206,-1.5143101634221192,-1.3723854718939537,-0.46871115640318717,0.4185896193338691,-1.434675652742523,1.2638953037897944,-1.208400186139106,1.0010488176557408,1.626992349870039,-0.3126734606488665
1.04344278518422,-0.04498000630619821,0.2939542319188126,-0.5074081142840882,0.10508967421725676,0.9742883302901262,-0.19549325469831172,-0.2983964833475855,1.2651399966093333,-1.4382095326694684,-0.0056574476840177594,-0.934040365087261,0.022986883358876536,1.1999569087570914,0.15570322210168253,0.9846392814099463,-0.29537720151124697,0.49688321279274894,0.8956650196782074,-0.9773048440740517
-0.9583659154090078,-0.04498000630619821,-1.4309605764067381,0.7078969878692597,0.9828709726782816,-0.3387234136796816,1.1017144488467348,0.8863041949554832,-0.504286572075049,-1.4382095326694684,0.3715057312505076,0.9167500858743307,0.4163453151685275,-1.6464525027132184,-1.0242552979440185,1.4035233149797184,-1.493719868835312,-0.4554295963929024,-1.6358526617550553,-1.4520415465206127
1.04344278518422,-0.7369801033246186,0.2939542319188126,-0.5028495805175717,1.0905406121984496,0.4047892606164742,1.3449408932614308,-0.2983964833475855,0.38042671226714214,-1.4382095326694684,1.5029952680540837,-0.6905153057502094,1.0555527668592104,-0.7534613148009643,1.592174463896449,1.3337093093847565,0.04700641772420015,1.6172512235993977,-1.5233407648024657,-0.45509447138283476
1.04344278518422,-1.428980200343039,1.4438974374691798,-0.1992512316675607,0.1397629479610403,1.504238853458663,1.0206389673751692,-1.483097161650654,0.38042671226714214,-0.8556436460185445,1.1258320891195583,-0.7392203176176196,-0.22286213652215534,1.1441449595125757,-0.8703476648945792,-1.6682929311986112,1.4165408946659888,-1.407742405578554,1.5707364013937442,-0.2651997904042104
-0.9583659154090078,0.6470200907122222,0.2939542319188126,1.3980590001198863,-1.1905958183135683,-0.11725155325103914,0.939563485903604,1.4786545341070174,1.2651399966093333,-1.4382095326694684,1.5029952680540837,-1.5185005074961846,-1.10791860809387,-1.2557688580016073,-1.6911883744915885,1.4733373205746805,-0.9801444399821413,-1.0716320023365593,-0.5669896407054554,-0.8348838333400834
-0.9583659154090078,-0.04498000630619821,-0.28101737085637096,-0.5311124898699753,1.5850909903334538,-0.1568000997561537,-0.9251725879424003,1.4786545341070174,1.2651399966093333,1.474619900585151,1.5029952680540837,-1.2262704362917227,-1.7471260597845528,-0.19534182235580558,0.20700576645149563,-1.7381069367935733,-1.3795919957568297,-1.5197792066592186,1.5144804529174494,0.2570105822870066
-0.9583659154090078,1.3390201877306425,1.4438974374691798,-1.7309185772171662,-0.8073648979875504,-0.09352242534797013,-0.7630216249992695,0.8863041949554832,-1.38899985641724,-0.2730777593676206,-0.7599838055530684,-1.0801554006894918,-0.22286213652215534,1.5906405534687027,1.5408719195466358,-1.0399668808439528,-0.35244113805048816,1.4491960219784004,0.051825792533786545,1.111536646690816
1.04344278518422,-0.7369801033246186,0.2939542319188126,-0.9969946408079804,-0.6029750738136728,0.0013940862643052052,0.8584880044320385,-1.483097161650654,-0.504286572075049,-0.2730777593676206,0.7486689101850329,-0.154760175208696,-1.0095790001414573,0.474401568578385,-1.1781629309934576,-0.9701528752489909,-0.6948247572859353,-1.183668803417224,-1.3545729193735816,-1.4995152167652686
1.04344278518422,-1.428980200343039,1.4438974374691798,1.419939962199166,-1.1066499976707271,0.9031009465809199,0.45311059707421153,-0.8907468224991199,-0.504286572075049,0.3094881272833033,1.1258320891195583,1.403800204548434,1.153892374811623,0.36277767008935324,0.5148210325503741,0.49594124224521197,-0.12418539189352341,0.27280961063141923,-0.17319800137139235,0.494378933510287
1.04344278518422,1.3390201877306425,-0.8559889736315546,0.3532430608342616,1.1078772490703406,-0.3149942857766126,-1.1683990323570965,-1.483097161650654,1.2651399966093333,-0.8556436460185445,0.3715057312505076,-1.6646155430984155,-0.07535272459353622,-1.6464525027132184,-1.1781629309934576,0.7751972646250601,-1.3225280592175883,-0.06330079261057539,0.5018733803441443,-0.2177261201595543
1.04344278518422,-0.04498000630619821,0.2939542319188126,-0.5721392937686257,-1.5665271020619493,0.12794943508067164,0.6963370414889077,0.8863041949554832,1.2651399966093333,-0.8556436460185445,-0.0056574476840177594,-0.5931052820153888,0.17049629528749566,1.5906405534687027,1.2843591977975704,-1.5286649200086873,1.3024130215875063,1.3371592208977354,-0.5107336922291608,-1.2146731952973322
-0.9583659154090078,1.3390201877306425,-0.8559889736315546,-0.3214199366102081,0.5823034154803712,0.2149562373919242,1.5881673376761272,-0.2983964833475855,-1.38899985641724,-0.8556436460185445,0.3715057312505076,0.13746989599576584,-0.2720319404983617,0.8092732640454803,-0.767742576194953,0.42612723665024993,0.5035179100381296,0.6089200138734138,-1.4108288678498764,0.494378933510287
-0.9583659154090078,-1.428980200343039,-1.4309605764067381,-0.534759316883188,-1.5364161011791908,-1.1138749251799291,-0.2765687361698771,-1.483097161650654,-0.504286572075049,1.474619900585151,-0.7599838055530684,1.111570133343972,-0.6162205683318063,0.02790597462225794,-0.9729527535942053,-0.6908968528691427,0.2752621638811649,-0.5674663974735673,-1.073293176992108,1.4913260086480649
1.04344278518422,0.6470200907122222,1.4438974374691798,-0.26489411790540085,-0.6631970755791909,-0.45736905319502524,1.5881673376761272,1.4786545341070174,0.38042671226714214,0.8920540139342272,-0.7599838055530684,0.04005987226094523,0.5638547270971467,1.5348286042241868,0.6687286655998134,-0.9003388696540289,0.8459015292735768,-0.4554295963929024,0.9519209681545021,-0.8823575035847395
-0.9583659154090078,-0.04498000630619821,-0.8559889736315546,-0.15184248049578625,-0.9433206292460662,1.686162167382191,-1.3305499953002273,0.29395385580394884,0.38042671226714214,0.8920540139342272,0.7486689101850329,0.08876488412835554,1.2030621787878295,0.36277767008935324,-0.8703476648945792,0.9846392814099463,-1.493719868835312,1.1130856187364058,-0.8482693830869291,0.5893262739995991
1.04344278518422,-1.428980200343039,1.4438974374691798,-0.6095192706540622,-1.455207644252963,-0.22007777416433727,0.45311059707421153,-0.2983964833475855,-1.38899985641724,-0.8556436460185445,-0.0056574476840177594,0.9654550977417411,1.0555527668592104,-0.8650852132899961,0.7200312099496264,-1.5286649200086873,-1.6078477419137944,0.1047544090104219,1.40196855596486,-1.3570942060313005
1.04344278518422,-1.428980200343039,1.4438974374691798,-0.22933755452657065,-1.3803863693321687,1.5754262371678693,-1.249474513828662,-1.483097161650654,-1.38899985641724,1.474619900585151,-1.1371469844875939,0.8680450740069204,-1.0587488041176636,0.6418374163119326,1.2843591977975704,-0.4814548360842566,1.0170933388913004,-0.34339279531223754,-0.2857098983239818,1.586273349137377
1.04344278518422,-1.428980200343039,-0.8559889736315546,1.3916770528467621,1.082328521048606,-1.145513762384021,-0.19549325469831172,0.29395385580394884,-1.38899985641724,1.474619900585151,0.3715057312505076,0.624520014669869,-1.0587488041176636,-0.6976493655564485,-1.1781629309934576,-0.06257080251448437,-0.06712145535428223,0.32882801117175164,-0.6795015376580449,-0.2651997904042104
1.04344278518422,-0.7369801033246186,-0.8559889736315546,-0.9231463937904099,-0.09382542252339052,1.5675165278668466,-1.4116254767717928,0.29395385580394884,-0.504286572075049,-0.2730777593676206,-1.1371469844875939,-0.5444002701479784,0.8097037469781785,-1.6464525027132184,-1.0755578422938314,-1.3192229032238012,0.7888375927343356,1.0570672181960732,1.4582245044411546,-1.11972585480802
1.04344278518422,-0.04498000630619821,0.2939542319188126,-0.1399902927028433,-0.22886869920970232,-0.8607642275471956,1.5881673376761272,-0.2983964833475855,-0.504286572075049,0.8920540139342272,-0.7599838055530684,-1.6159105312310051,-1.7962958637607593,-0.8650852132899961,-0.7164400318451399,1.4035233149797184,0.7888375927343356,-1.2396872039575566,1.6832482983463335,-0.40762080113817867
1.04344278518422,0.6470200907122222,0.8689258346939962,1.0516104338646173,1.7903932690795354,0.4285183885195439,-1.3305499953002273,0.8863041949554832,0.38042671226714214,0.8920540139342272,0.3715057312505076,1.111570133343972,1.3014017867402423,-0.8650852132899961,0.41221594385074795,-0.06257080251448437,-0.1812493284327646,-0.8475584001752294,0.8956650196782074,0.8266946252228796
-0.9583659154090078,1.3390201877306425,-0.28101737085637096,1.4153814284326494,-0.189633152604895,-0.26753602997047526,1.4260163747329964,-1.483097161650654,1.2651399966093333,1.474619900585151,-0.3828206266185431,-0.30087521081092694,-1.5504468438797274,-0.4185896193338691,-1.2294654753432708,-0.4814548360842566,0.16113429080268254,-0.6234847980138998,0.22059363796267073,1.111536646690816
1.04344278518422,-1.428980200343039,0.2939542319188126,-0.8347108387199863,-1.09022581537104,-0.11725155325103914,-0.4387196991130079,-0.8907468224991199,1.2651399966093333,-1.4382095326694684,0.3715057312505076,-1.1775654244243126,0.3671755111923211,-1.1999569087570914,-0.3573222213964483,-1.5984789256036493,0.04700641772420015,0.21679121009108676,0.10808174101008128,0.2570105822870066
1.04344278518422,1.3390201877306425,0.8689258346939962,1.5840471777937661,0.718259146738887,-0.27544573927149807,1.4260163747329964,-0.2983964833475855,0.38042671226714214,-0.8556436460185445,-0.7599838055530684,1.452505216415844,-1.6979562558083465,-0.36277767008935324,-1.0242552979440185,-0.3418268248943325,-1.2654641226783472,-1.1276504028768917,1.626992349870039,0.9216419657121918
-0.9583659154090078,-0.7369801033246186,-0.28101737085637096,-1.4008807325213586,1.044005429016004,0.025123214167373512,-1.1683990323570965,-1.483097161650654,0.38042671226714214,0.8920540139342272,-0.0056574476840177594,-1.0314503888220816,-0.22286213652215534,-0.7534613148009643,0.3609133995009349,0.8450112702200222,0.3893900369596473,-1.6318160077398836,-1.2420610224209923,0.30448425253166267
1.04344278518422,1.3390201877306425,-0.28101737085637096,1.3798248650538192,-1.4132347339315416,1.3223155395351351,-1.0062480694139657,-0.8907468224991199,0.38042671226714214,-0.2730777593676206,-0.7599838055530684,0.28358493159799675,-1.4029374319511083,1.1999569087570914,1.2843591977975704,0.8450112702200222,0.10407035426344134,1.281140820357403,1.1769447620596811,-0.5025681416274909
1.04344278518422,0.6470200907122222,1.4438974374691798,1.485582848437006,-0.6403857112740708,0.36524071411136033,-0.1144177732267463,-0.8907468224991199,1.2651399966093333,1.474619900585151,0.3715057312505076,0.23487991973058645,-1.5504468438797274,-1.1999569087570914,-1.4859781970923363,-1.179594892033877,0.10407035426344134,-0.6234847980138998,1.40196855596486,-0.8348838333400834
1.04344278518422,-0.7369801033246186,-0.8559889736315546,0.03505740393139753,-1.5911633755114793,1.077114551203425,1.5881673376761272,-1.483097161650654,0.38042671226714214,-0.8556436460185445,-0.0056574476840177594,0.9654550977417411,0.17049629528749566,1.6464525027132184,-0.0495069552975698,1.4733373205746805,-1.6649116784530356,0.38484641171208406,0.7268971742493232,-1.2146731952973322
1.04344278518422,-1.428980200343039,0.8689258346939962,-0.552993451949255,1.4500477136471432,1.6703427487801454,-0.0333422917551809,-0.2983964833475855,1.2651399966093333,0.8920540139342272,-0.0056574476840177594,0.4296999672002277,-1.64878645183214,-1.4790166549796708,-0.6651374874953269,1.1940812981948323,-1.0942723130606236,1.0570672181960732,-0.9607812800395186,0.9216419657121918
1.04344278518422,0.6470200907122222,-1.4309605764067381,0.09431834289611364,1.055867338454666,0.2386853652949932,1.1017144488467348,0.29395385580394884,-1.38899985641724,0.3094881272833033,1.5029952680540837,-0.9827453769546712,-1.4029374319511083,0.6418374163119326,0.6687286655998134,1.6827793373595668,-1.4366559322960708,1.3931776214380678,1.6832482983463335,-0.6924628226061151
-0.9583659154090078,-0.7369801033246186,-0.8559889736315546,1.230304957512072,1.0704666116099426,-0.24380690206740627,1.1017144488467348,-0.8907468224991199,-1.38899985641724,1.474619900585151,1.5029952680540837,1.2089801570787926,1.1047225708354167,-0.920897162534512,1.027846476048505,-0.9003388696540289,1.6447966408229535,-1.5197792066592186,-1.4670848163261712,-0.9298311738293956
1.04344278518422,1.3390201877306425,-1.4309605764067381,-0.2576004638789743,1.3369033466937463,1.0059271674942187,1.5881673376761272,-0.2983964833475855,1.2651399966093333,0.3094881272833033,-1.5143101634221192,-0.8366303413524403,-0.17369233254594896,-1.5348286042241868,-0.6651374874953269,-1.109780886438915,1.4165408946659888,0.32882801117175164,-1.0170372285158134,0.7317472847335674
1.04344278518422,0.6470200907122222,0.2939542319188126,-1.276888614072104,0.4518224116550845,-0.3149942857766126,1.1827899303183,-1.483097161650654,1.2651399966093333,-0.8556436460185445,-0.3828206266185431,1.5499152401506648,0.613024531073353,1.3115808072461232,0.3609133995009349,-0.06257080251448437,0.21819822734192373,-0.11931919315090783,-0.004430155942508177,0.7317472847335674
1.04344278518422,-1.428980200343039,-0.8559889736315546,-1.0699311810722472,-0.09382542252339052,-1.5014506809300534,1.0206389673751692,-1.483097161650654,-0.504286572075049,-1.4382095326694684,-1.5143101634221192,1.2089801570787926,-0.02618292061732984,-1.423204705735155,-1.0755578422938314,-0.2720128192993705,0.7888375927343356,-1.1276504028768917,-0.6795015376580449,1.3963786681587527
1.04344278518422,-1.428980200343039,0.8689258346939962,-0.07617081997160946,-0.8776239000473202,-1.667554576251535,-1.1683990323570965,-0.2983964833475855,-0.504286572075049,1.474619900585151,-0.7599838055530684,-0.7392203176176196,1.0555527668592104,1.0883330102680597,1.5408719195466358,-0.5512688416792186,0.5035179100381296,1.4491960219784004,-0.8482693830869291,-1.5469888870099247
-0.9583659154090078,1.3390201877306425,-0.28101737085637096,0.9959963219131137,0.00015739841370471927,-1.2008817274911818,-1.0062480694139657,0.29395385580394884,-0.504286572075049,1.474619900585151,-1.1371469844875939,0.9654550977417411,1.3014017867402423,1.1999569087570914,1.1817541090979442,0.3563132310552879,0.5605818465773709,1.5052144225187327,1.40196855596486,-1.3096205357866444
1.04344278518422,1.3390201877306425,0.8689258346939962,1.52205111856914,-0.3985852496397964,-0.6234729485165069,1.5881673376761272,-1.483097161650654,-0.504286572075049,-1.4382095326694684,-0.7599838055530684,0.478404979067638,-0.7637299802604254,-0.2511537716003215,-0.1008094996473829,-0.8305248640590668,1.47360483120523,0.8329936160347435,1.5144804529174494,-1.5944625572545807
-0.9583659154090078,0.6470200907122222,1.4438974374691798,0.060585193023891065,1.2228465251681455,0.5313446094328413,1.0206389673751692,0.8863041949554832,-0.504286572075049,0.3094881272833033,0.7486689101850329,-0.30087521081092694,-0.22286213652215534,0.19534182235580558,0.20700576645149563,-1.179594892033877,1.188285148509024,1.5052144225187327,0.783153122725618,-0.027831439180929955
-0.9583659154090078,-0.04498000630619821,0.2939542319188126,-1.6452181424066528,-0.40132261335641095,0.23077565599397043,0.3720351156026461,-0.2983964833475855,-1.38899985641724,-0.8556436460185445,-1.5143101634221192,1.0628651214765616,-1.7962958637607593,-0.19534182235580558,-1.0755578422938314,-0.41164083048929456,-0.35244113805048816,-1.5197792066592186,-1.5233407648024657,0.1620632417976944
1.04344278518422,-0.7369801033246186,0.8689258346939962,0.2848650543365113,1.0905406121984496,0.8872815279788744,0.939563485903604,0.29395385580394884,1.2651399966093333,0.3094881272833033,-1.5143101634221192,1.5012102282832545,1.3505715907164486,-1.0325210610235438,0.7200312099496264,-0.13238480810944642,-0.9230805034429,-1.183668803417224,-0.004430155942508177,1.3014313276694405
-0.9583659154090078,0.6470200907122222,1.4438974374691798,0.6869277325432825,0.30947949839113437,-0.7895768438379887,-0.6819461435277041,0.29395385580394884,1.2651399966093333,1.474619900585151,1.5029952680540837,-0.934040365087261,-1.7471260597845528,1.4790166549796708,0.2583083108013087,-1.5984789256036493,0.3323261004204061,0.38484641171208406,0.3893614833915549,1.06406297644616
-0.9583659154090078,-0.7369801033246186,0.8689258346939962,-0.3660935675220712,0.3523648632847602,-0.7342088787308285,1.3449408932614308,1.4786545341070174,-0.504286572075049,1.474619900585151,-0.7599838055530684,-0.5931052820153888,-1.5996166478559337,-0.08371792386677382,0.7713337542994395,1.2638953037897944,-0.46656901112897053,0.27280961063141923,0.22059363796267073,0.7792209549782235
-0.9583659154090078,0.6470200907122222,0.2939542319188126,0.1590495223806513,-0.4177467956560968,-1.1850623088891354,-0.9251725879424003,1.4786545341070174,-0.504286572075049,0.3094881272833033,1.5029952680540837,0.9167500858743307,-0.07535272459353622,-1.2557688580016073,0.001795589052243283,0.28649922546032586,0.5605818465773709,-0.4554295963929024,-0.7920134346106343,1.06406297644616
-0.9583659154090078,1.3390201877306425,1.4438974374691798,-1.223097915627207,-0.6066248921024925,-1.0980555065778836,0.3720351156026461,0.29395385580394884,1.2651399966093333,-0.8556436460185445,-1.5143101634221192,1.5499152401506648,-1.3537676279749018,-0.19534182235580558,-1.4859781970923363,0.9148252758149842,1.3594769581267474,0.8329936160347435,1.2332007105359757,-1.689409897743893
-0.9583659154090078,-1.428980200343039,-0.28101737085637096,-0.763597711962326,-0.10933715025087239,-1.2878885298024343,0.1288086711879499,-1.483097161650654,1.2651399966093333,0.8920540139342272,1.1258320891195583,1.5012102282832545,0.5638547270971467,-1.3673927564906392,1.027846476048505,-0.6908968528691427,-1.0942723130606236,0.49688321279274894,-0.39822179527657126,-0.027831439180929955
1.04344278518422,-0.7369801033246186,-1.4309605764067381,1.1090479593227283,0.7520199659104653,-1.018958413567654,-1.0062480694139657,0.29395385580394884,1.2651399966093333,1.474619900585151,-1.5143101634221192,1.5499152401506648,-1.5504468438797274,-0.920897162534512,0.8226362986492527,-1.0399668808439528,-1.493719868835312,-0.7355215990945646,0.7268971742493232,0.3994315930209748
-0.9583659154090078,1.3390201877306425,-1.4309605764067381,-1.2550076519928246,-0.07922614936811391,0.9742883302901262,0.939563485903604,0.29395385580394884,1.2651399966093333,1.474619900585151,0.3715057312505076,0.6732250265372792,0.3671755111923211,-1.5348286042241868,1.4895693751968229,0.42612723665024993,1.5877327042837122,1.67326962413973,0.3331055349152602,-0.7874101630954273
-0.9583659154090078,-0.7369801033246186,1.4438974374691798,0.5574653735742086,0.49927004940973413,-1.2878885298024343,-1.5737764397149236,1.4786545341070174,-0.504286572075049,-0.8556436460185445,0.7486689101850329,0.3322899434654071,-1.6979562558083465,-0.08371792386677382,-0.20341458834700907,-0.13238480810944642,-1.3795919957568297,0.7769752154944111,-0.5669896407054554,-1.4045678762759566
1.04344278518422,-0.04498000630619821,-0.28101737085637096,0.13261002653485393,-0.9396708109572464,-1.6042769018433514,1.1017144488467348,-1.483097161650654,0.38042671226714214,-1.4382095326694684,-0.0056574476840177594,-1.4697954956287742,-1.4521072359273146,-1.1999569087570914,1.592174463896449,1.1242672925998702,0.4464539734988885,-1.5757976071995512,-1.4108288678498764,0.8266946252228796
-0.9583659154090078,-1.428980200343039,-0.8559889736315546,-0.4827920319448984,-0.5208541623152408,-0.6551117857205987,-0.19549325469831172,0.8863041949554832,0.38042671226714214,-0.2730777593676206,0.7486689101850329,-0.6418102938827991,-1.2554280200224892,-1.4790166549796708,1.1817541090979442,0.28649922546032586,0.10407035426344134,-0.34339279531223754,-0.39822179527657126,-0.9773048440740517
-0.9583659154090078,-0.7369801033246186,1.4438974374691798,0.28760017459642145,-0.5482277994813848,-0.5997438206134387,0.3720351156026461,-0.8907468224991199,-1.38899985641724,0.8920540139342272,-0.0056574476840177594,-0.8366303413524403,0.7113641390257658,-0.2511537716003215,-1.332070564042897,1.2638953037897944,-0.010057518815041033,1.3931776214380678,-0.454477743752866,-0.644989152361459
-0.9583659154090078,-1.428980200343039,1.4438974374691798,-0.2594238773855806,1.1972977971464107,-0.20425835556229172,-1.3305499953002273,-1.483097161650654,-1.38899985641724,-0.2730777593676206,0.7486689101850329,-1.6159105312310051,1.5964206105974805,1.3673927564906392,-1.5372807414421492,-0.41164083048929456,-0.1812493284327646,-1.4637608061188863,-1.5233407648024657,-1.2621468655419883
-0.9583659154090078,0.6470200907122222,0.8689258346939962,-0.0023225729540402628,0.7164342375944778,-1.1059652158789064,-0.7630216249992695,0.29395385580394884,-1.38899985641724,1.474619900585151,-0.7599838055530684,0.7219300384046895,1.4489111986688614,-0.6976493655564485,0.41221594385074795,1.4733373205746805,1.188285148509024,0.21679121009108676,-0.17319800137139235,-0.6924628226061151
1.04344278518422,1.3390201877306425,0.8689258346939962,1.58222376428716,1.291280618083506,-0.45736905319502524,0.3720351156026461,-1.483097161650654,1.2651399966093333,-1.4382095326694684,-1.1371469844875939,1.5012102282832545,-0.6653903723080127,1.3115808072461232,-0.4086247657462614,-0.8305248640590668,1.3024130215875063,1.3371592208977354,1.0081769166307968,-0.027831439180929955
-0.9583659154090078,-1.428980200343039,-0.28101737085637096,-1.627895714093889,-0.3119020652803395,-0.12516126255206192,-1.654851921186489,-1.483097161650654,-0.504286572075049,-0.8556436460185445,-1.1371469844875939,0.624520014669869,0.8588735509543849,-1.5906405534687027,-1.434675652742523,-1.3192229032238012,-1.550783805374553,0.6649384144137462,-0.2857098983239818,1.4913260086480649
1.04344278518422,1.3390201877306425,1.4438974374691798,-1.4017924392746617,-0.6239615289743836,0.49179606292772743,1.2638654117898656,0.8863041949554832,-1.38899985641724,0.8920540139342272,-1.5143101634221192,0.6732250265372792,-0.37037154845077447,-0.5860254670674168,1.592174463896449,1.3337093093847565,0.5605818465773709,-0.34339279531223754,-1.3545729193735816,-0.7399364928507712
-0.9583659154090078,0.6470200907122222,-0.28101737085637096,-1.2249213291338146,0.38247586416751866,0.42060867921852113,-0.5197951805845733,-0.8907468224991199,1.2651399966093333,-0.2730777593676206,0.7486689101850329,0.5271099909350483,0.0721566873350829,-1.5348286042241868,1.027846476048505,-1.6682929311986112,0.5605818465773709,-0.007282392070242962,-0.7920134346106343,-0.2177261201595543
1.04344278518422,0.6470200907122222,0.8689258346939962,-0.47823349817838195,-1.6240117401108523,-0.44154963459297975,-0.8440971064708349,1.4786545341070174,0.38042671226714214,0.3094881272833033,1.1258320891195583,-0.5444002701479784,1.5964206105974805,-1.0325210610235438,0.6687286655998134,1.6827793373595668,0.3323261004204061,0.889012016575076,0.22059363796267073,-0.6924628226061151
-0.9583659154090078,-1.428980200343039,-0.28101737085637096,1.031552885291944,-1.5902509209392748,0.2386853652949932,1.1827899303183,-0.2983964833475855,-0.504286572075049,0.3094881272833033,-1.5143101634221192,1.2089801570787926,-0.8620695882128382,0.7534613148009643,-0.6138349431455138,0.2166852198653638,-1.550783805374553,-0.28737439477190513,1.2332007105359757,0.6842736144889113
1.04344278518422,-1.428980200343039,-1.4309605764067381,1.019700697499001,-0.9004352643524404,0.9584689116880807,-0.5197951805845733,1.4786545341070174,1.2651399966093333,0.8920540139342272,1.5029952680540837,1.3063901808136131,-0.02618292061732984,0.2511537716003215,-0.45992731009607446,-0.13238480810944642,-0.46656901112897053,-0.5674663974735673,1.40196855596486,0.1620632417976944
-0.9583659154090078,-1.428980200343039,0.8689258346939962,-1.7099493218911892,0.9883457001115107,1.7019815859842364,0.2098841526595153,-0.2983964833475855,0.38042671226714214,-0.2730777593676206,-0.3828206266185431,-0.4469902464131578,1.2030621787878295,-0.6418374163119326,1.4895693751968229,0.9846392814099463,1.1312212119697826,-0.9035768007155619,1.2332007105359757,0.06711590130838221
-0.9583659154090078,-0.04498000630619821,0.8689258346939962,-1.5294313847371288,1.0814160664764005,1.2669475744279743,-1.3305499953002273,-1.483097161650654,-1.38899985641724,-0.2730777593676206,-0.3828206266185431,0.08876488412835554,1.3014017867402423,1.0325210610235438,-0.8190451205447661,-1.7381069367935733,0.9600294023520591,-0.9035768007155619,0.8394090712019127,-0.5025681416274909
-0.9583659154090078,1.3390201877306425,1.4438974374691798,0.5073215021425254,1.291280618083506,-1.6042769018433514,1.3449408932614308,-0.2983964833475855,-0.504286572075049,0.8920540139342272,-0.0056574476840177594,1.0628651214765616,1.4489111986688614,1.6464525027132184,-1.2294654753432708,0.49594124224521197,1.3594769581267474,-1.4637608061188863,-1.5795967132787605,-0.597515482116803
1.04344278518422,-0.04498000630619821,-0.28101737085637096,0.3887996242130918,-0.7152069861948643,1.2590378651269516,1.3449408932614308,0.8863041949554832,-0.504286572075049,0.8920540139342272,-0.3828206266185431,0.13746989599576584,-0.12452252856974258,-0.19534182235580558,1.3356617421473835,1.4035233149797184,1.6447966408229535,-0.11931919315090783,-1.6358526617550553,1.016589306201504
-0.9583659154090078,1.3390201877306425,0.2939542319188126,1.281360535697059,0.03300576301307772,0.8081844349686452,-0.0333422917551809,1.4786545341070174,-1.38899985641724,-0.8556436460185445,1.1258320891195583,0.5271099909350483,0.17049629528749566,1.3673927564906392,-0.6138349431455138,0.0770572086754397,-0.5236329476682118,0.1047544090104219,-1.2983169708972868,1.2064839871801283
1.04344278518422,1.3390201877306425,-1.4309605764067381,-1.5576942940895324,1.7894808145073313,-1.1850623088891354,-0.6819461435277041,-0.2983964833475855,0.38042671226714214,-0.8556436460185445,-1.1371469844875939,-0.8366303413524403,0.6621943350495594,-0.02790597462225794,0.15570322210168253,-0.6908968528691427,1.4165408946659888,-0.7915399996348971,-0.7920134346106343,0.7792209549782235
-0.9583659154090078,0.6470200907122222,1.4438974374691798,0.6158146057856222,-1.586601102650455,-1.3353467856085717,-1.4927009582433581,-0.2983964833475855,0.38042671226714214,-0.8556436460185445,-0.3828206266185431,1.403800204548434,0.46551511914473387,-0.1395298731112897,-1.434675652742523,0.28649922546032586,0.617645783116612,-0.06330079261057539,0.3331055349152602,1.4913260086480649
-0.9583659154090078,-1.428980200343039,-1.4309605764067381,-0.019645001266803453,-0.8475128991645616,0.555073737335911,0.939563485903604,-0.8907468224991199,-1.38899985641724,-0.2730777593676206,0.7486689101850329,-0.30087521081092694,0.7605339430019721,0.08371792386677382,1.2330566534477574,0.42612723665024993,0.5605818465773709,-0.4554295963929024,-1.5233407648024657,1.6337470193820331
1.04344278518422,-0.04498000630619821,-0.8559889736315546,-0.6459875407861949,-0.48526843399925335,-0.14889039045513092,-0.0333422917551809,-0.8907468224991199,0.38042671226714214,1.474619900585151,-0.0056574476840177594,-0.008645139606465081,-1.0095790001414573,-0.30696572084483736,-1.1781629309934576,0.14687121427040176,-0.8089526303644177,1.281140820357403,1.5707364013937442,-0.9773048440740517
1.04344278518422,1.3390201877306425,1.4438974374691798,-0.9112942059974669,-1.3858610967653977,0.19913681878987866,-0.6008706620561387,1.4786545341070174,0.38042671226714214,1.474619900585151,1.1258320891195583,0.478404979067638,0.9572131589067976,0.2511537716003215,-1.434675652742523,0.49594124224521197,-1.208400186139106,0.21679121009108676,0.783153122725618,0.1620632417976944
1.04344278518422,-0.04498000630619821,0.8689258346939962,-1.181159404975254,-0.6294362564076127,-0.24380690206740627,-1.1683990323570965,0.8863041949554832,0.38042671226714214,1.474619900585151,-0.7599838055530684,-0.8853353532198506,-1.5504468438797274,0.920897162534512,-0.8190451205447661,1.2638953037897944,0.10407035426344134,1.4491960219784004,-0.7357574861343397,1.3489049979140966
-0.9583659154090078,1.3390201877306425,0.2939542319188126,-0.8456513197596268,1.5011451696906126,1.3223155395351351,-0.1144177732267463,1.4786545341070174,-0.504286572075049,0.8920540139342272,-1.1371469844875939,0.624520014669869,0.31800570721611476,1.2557688580016073,0.8739388429990658,0.3563132310552879,1.1312212119697826,0.1047544090104219,-0.7920134346106343,0.11458957155303831
-0.9583659154090078,0.6470200907122222,1.4438974374691798,-0.8438279062530192,0.1844732219990754,1.2273990279228604,0.5341860785457769,0.8863041949554832,-0.504286572075049,-1.4382095326694684,-1.5143101634221192,0.9654550977417411,-0.6162205683318063,0.2511537716003215,1.079149020398318,-1.389036908818763,-0.46656901112897053,1.0570672181960732,0.8394090712019127,0.9691156359568479
-0.9583659154090078,-0.04498000630619821,0.2939542319188126,-1.0434916852264497,1.6772489021261399,0.8477329814737591,0.6152615600173423,-0.2983964833475855,-0.504286572075049,0.3094881272833033,-1.5143101634221192,0.7706350502720998,0.17049629528749566,0.30696572084483736,0.3609133995009349,0.0770572086754397,1.1312212119697826,-1.0716320023365593,0.164337689486376,-1.11972585480802
1.04344278518422,-0.7369801033246186,-1.4309605764067381,-0.7398933363764387,-1.051902723338438,0.8081844349686452,-0.0333422917551809,0.29395385580394884,1.2651399966093333,0.3094881272833033,1.5029952680540837,1.3063901808136131,0.0721566873350829,-1.423204705735155,1.2843591977975704,0.14687121427040176,-0.23831326497200578,-1.407742405578554,0.164337689486376,-0.2651997904042104
1.04344278518422,1.3390201877306425,1.4438974374691798,0.9185012478823307,1.0622545204601002,-0.5206467276032088,1.1827899303183,-0.8907468224991199,-1.38899985641724,1.474619900585151,0.3715057312505076,-0.8366303413524403,0.12132649131128928,1.1441449595125757,0.2583083108013087,-0.9003388696540289,1.3024130215875063,1.0570672181960732,1.0081769166307968,-0.3126734606488665
1.04344278518422,1.3390201877306425,0.8689258346939962,-1.7154195624110093,0.10235231050064224,0.507615481529773,0.6963370414889077,0.8863041949554832,-0.504286572075049,-0.2730777593676206,0.3715057312505076,0.08876488412835554,1.2522319827640358,-0.8650852132899961,-1.5885832857919624,0.42612723665024993,-1.3795919957568297,-0.9595952012558944,0.051825792533786545,-0.550041811872147
-0.9583659154090078,0.6470200907122222,-0.28101737085637096,0.6586648231908789,-0.690570712745335,-1.5726380646392597,0.3720351156026461,-1.483097161650654,0.38042671226714214,0.3094881272833033,1.1258320891195583,-0.008645139606465081,-1.0587488041176636,-0.08371792386677382,-0.45992731009607446,0.42612723665024993,-0.6377608207466942,-1.295705604497889,-0.06068610441880291,0.4469052632656309
-0.9583659154090078,0.6470200907122222,1.4438974374691798,1.0634626216575616,0.8131544222481876,1.4093223418463883,0.8584880044320385,-0.8907468224991199,0.38042671226714214,-1.4382095326694684,-0.3828206266185431,1.403800204548434,1.2522319827640358,1.5906405534687027,0.9765439316986919,-0.41164083048929456,-0.06712145535428223,-0.5674663974735673,-0.39822179527657126,0.7792209549782235
-0.9583659154090078,-0.7369801033246186,-1.4309605764067381,0.6386072746182055,0.47828359424902317,0.10422030717760332,-1.5737764397149236,-0.2983964833475855,0.38042671226714214,-1.4382095326694684,1.1258320891195583,1.452505216415844,-0.6653903723080127,-1.423204705735155,-0.3573222213964483,-1.249408897628839,-1.6649116784530356,-1.5757976071995512,0.5581293288204391,-0.2651997904042104
1.04344278518422,-1.428980200343039,-0.28101737085637096,0.0870246888696871,-1.0044550855837884,0.5313446094328413,-0.8440971064708349,-0.8907468224991199,-1.38899985641724,1.474619900585151,0.3715057312505076,-0.8853353532198506,-1.7471260597845528,1.6464525027132184,-0.15211204399719597,0.705383259030098,0.5605818465773709,1.5612328230590653,1.1206888135833863,0.35195792277631877
-0.9583659154090078,1.3390201877306425,0.2939542319188126,1.1601035375077142,-1.1084749068151365,-0.18052922765922272,-1.249474513828662,0.8863041949554832,-1.38899985641724,-1.4382095326694684,-1.5143101634221192,-0.6418102938827991,0.31800570721611476,-1.5348286042241868,-1.1268603866436446,-1.179594892033877,1.188285148509024,-0.8475584001752294,1.626992349870039,-0.7399364928507712
1.04344278518422,-0.04498000630619821,-1.4309605764067381,0.43620837538486495,0.2939677706636525,-0.8607642275471956,-1.3305499953002273,-0.8907468224991199,-1.38899985641724,-0.8556436460185445,1.5029952680540837,-0.8366303413524403,1.0063829628830039,-1.2557688580016073,0.3609133995009349,0.9148252758149842,0.5605818465773709,-1.407742405578554,-1.0170372285158134,-0.5025681416274909
-0.9583659154090078,-0.04498000630619821,-0.8559889736315546,-0.48735056571141483,0.11603912908371486,1.5596068185658238,1.0206389673751692,0.8863041949554832,0.38042671226714214,-0.2730777593676206,-0.7599838055530684,0.23487991973058645,1.0555527668592104,-0.30696572084483736,-0.6651374874953269,1.6129653317646047,-0.5806968842074529,-0.7355215990945646,-0.6795015376580449,0.4469052632656309
-0.9583659154090078,-1.428980200343039,-1.4309605764067381,0.15540269536743737,-1.4962681000021794,-1.327437076307549,-0.19549325469831172,0.29395385580394884,-1.38899985641724,0.3094881272833033,1.1258320891195583,0.04005987226094523,-0.02618292061732984,0.7534613148009643,0.7713337542994395,0.3563132310552879,0.5605818465773709,0.16077280955075435,-1.1858050739446975,-1.3570942060313005
1.04344278518422,0.6470200907122222,1.4438974374691798,0.32498015148185794,-1.1896833637413644,-0.647202076419576,1.5070918562045617,-0.8907468224991199,1.2651399966093333,0.8920540139342272,-0.3828206266185431,1.452505216415844,-0.9604091961652509,0.7534613148009643,-0.1008094996473829,-0.6210828472741807,1.4165408946659888,1.3931776214380678,0.164337689486376,1.3963786681587527
1.04344278518422,-0.04498000630619821,0.2939542319188126,-0.312302869077174,0.6698990544120335,0.27823391180010704,1.2638654117898656,-0.2983964833475855,-1.38899985641724,0.3094881272833033,1.5029952680540837,1.0141601096091513,0.6621943350495594,0.7534613148009643,0.10440067775186945,-1.3192229032238012,-1.6078477419137944,1.4491960219784004,0.44561743186784963,-0.5025681416274909
1.04344278518422,-0.04498000630619821,0.8689258346939962,-0.24210144907281742,0.014756671568981321,-0.34663312298070437,1.0206389673751692,0.8863041949554832,-0.504286572075049,1.474619900585151,1.1258320891195583,-1.421090483761364,0.21966609926370204,-0.19534182235580558,-1.5372807414421492,0.9148252758149842,1.188285148509024,0.38484641171208406,1.0081769166307968,-0.36014713089352257
1.04344278518422,-1.428980200343039,-0.8559889736315546,0.5264673439618961,1.0321435195773419,-1.564728355338237,-0.8440971064708349,-0.2983964833475855,0.38042671226714214,-0.8556436460185445,-1.1371469844875939,0.478404979067638,0.5146849231209403,-0.474401568578385,-0.45992731009607446,0.565755247840174,-0.5806968842074529,-0.7355215990945646,1.2894566590122705,0.9691156359568479
1.04344278518422,0.6470200907122222,-0.8559889736315546,1.1564567104945016,0.09049040106198016,-0.37827196018479614,0.45311059707421153,1.4786545341070174,-0.504286572075049,-0.8556436460185445,1.5029952680540837,1.6960302757528956,-0.12452252856974258,0.920897162534512,0.6687286655998134,-0.20219881370440845,1.0170933388913004,-1.0716320023365593,-1.073293176992108,1.2064839871801283
1.04344278518422,0.6470200907122222,-1.4309605764067381,-0.5830797748082649,-0.7663044422383338,-1.4302632972208469,1.1017144488467348,-1.483097161650654,0.38042671226714214,-0.8556436460185445,1.1258320891195583,0.5758150028024586,0.613024531073353,0.1395298731112897,-0.9729527535942053,-0.13238480810944642,-0.06712145535428223,-1.4637608061188863,1.0081769166307968,-1.2146731952973322
1.04344278518422,-1.428980200343039,1.4438974374691798,-1.6880683598119095,-0.11846169597291994,1.0375660046983097,-0.6819461435277041,-0.2983964833475855,1.2651399966093333,1.474619900585151,0.7486689101850329,-1.0314503888220816,1.547250806621274,-1.423204705735155,-0.0495069552975698,-1.179594892033877,-0.06712145535428223,1.5612328230590653,-0.22945394984768708,-0.3126734606488665
-0.9583659154090078,-0.04498000630619821,-0.28101737085637096,1.136399161921828,-0.8721491726140911,1.377683504642296,0.45311059707421153,-1.483097161650654,-1.38899985641724,1.474619900585151,0.3715057312505076,-0.008645139606465081,-1.7471260597845528,-0.8650852132899961,0.9252413873488788,-0.6908968528691427,-0.7518886938251765,1.1691040192767381,1.626992349870039,-0.8348838333400834
-0.9583659154090078,-0.04498000630619821,-1.4309605764067381,0.3286269784950719,0.4335733202109881,0.025123214167373512,-1.5737764397149236,0.29395385580394884,1.2651399966093333,-0.8556436460185445,1.5029952680540837,-0.008645139606465081,-1.1570884120700764,-1.3115808072461232,-1.1268603866436446,-0.8305248640590668,-0.23831326497200578,-1.5757976071995512,-0.06068610441880291,0.2570105822870066
1.04344278518422,1.3390201877306425,-0.28101737085637096,1.5247862388290487,1.5111821699848655,-0.9556807391594703,-1.4927009582433581,1.4786545341070174,-1.38899985641724,-1.4382095326694684,-0.0056574476840177594,1.1602751452113822,0.8097037469781785,0.4185896193338691,0.7713337542994395,1.1242672925998702,0.5605818465773709,-0.4554295963929024,-1.4670848163261712,-0.40762080113817867
-0.9583659154090078,0.6470200907122222,-1.4309605764067381,-1.6105732857811257,1.4463978953583234,0.4285183885195439,1.1017144488467348,-0.8907468224991199,0.38042671226714214,-0.2730777593676206,-1.1371469844875939,-0.39828523454574755,0.6621943350495594,0.08371792386677382,0.5148210325503741,1.5431513261696426,1.530668767744471,-0.6795031985542321,-0.5107336922291608,-0.5025681416274909
1.04344278518422,1.3390201877306425,-1.4309605764067381,0.4863522468165495,0.44634768422185545,-1.1138749251799291,1.5881673376761272,0.8863041949554832,0.38042671226714214,-1.4382095326694684,-0.0056574476840177594,-0.057350151473875385,0.9080433549305912,1.423204705735155,-0.45992731009607446,-0.6908968528691427,1.6447966408229535,-0.17533759369124027,1.6832482983463335,0.8741682954675357
1.04344278518422,-0.04498000630619821,0.2939542319188126,-0.5292890763633677,-1.5291164646015525,0.6578999582492084,0.0477331897163845,0.8863041949554832,1.2651399966093333,0.8920540139342272,-1.1371469844875939,1.1602751452113822,0.7605339430019721,-0.8650852132899961,1.3869642864971965,0.28649922546032586,1.0741572754305415,-1.295705604497889,0.8956650196782074,1.1590103169354722
-0.9583659154090078,1.3390201877306425,-1.4309605764067381,1.437262390511929,1.0266687921441127,-0.22007777416433727,0.1288086711879499,-0.8907468224991199,-0.504286572075049,-0.8556436460185445,0.7486689101850329,-1.5185005074961846,0.3671755111923211,-1.7022644519577343,-0.45992731009607446,1.2638953037897944,-0.5806968842074529,-1.0156136017962267,1.7395042468226283,-1.2146731952973322
-0.9583659154090078,1.3390201877306425,-0.28101737085637096,-0.9623497841824526,0.5740913243305277,-0.06979329744490183,-1.0873235508855312,-0.2983964833475855,1.2651399966093333,0.8920540139342272,-1.1371469844875939,-1.0801554006894918,0.12132649131128928,-0.8650852132899961,-0.9216502092443922,0.14687121427040176,1.188285148509024,-0.28737439477190513,1.626992349870039,-1.5469888870099247
1.04344278518422,-0.04498000630619821,-0.28101737085637096,0.7471003782613037,0.667161690695419,1.2511281558259288,-1.249474513828662,0.8863041949554832,1.2651399966093333,1.474619900585151,0.7486689101850329,-0.49569525828056815,-1.10791860809387,-1.1441449595125757,-0.8190451205447661,0.0770572086754397,-1.6649116784530356,1.5052144225187327,-1.6358526617550553,-0.2651997904042104
1.04344278518422,-1.428980200343039,-0.28101737085637096,-0.324155056870117,0.8861507880245718,1.7415301324893517,1.4260163747329964,1.4786545341070174,-1.38899985641724,-1.4382095326694684,0.3715057312505076,1.111570133343972,1.3014017867402423,-1.0883330102680597,0.3609133995009349,0.007243203080477669,1.5877327042837122,-1.1276504028768917,-0.2857098983239818,1.586273349137377
-0.9583659154090078,1.3390201877306425,0.8689258346939962,-1.175689164455434,0.1370255842444258,-0.30708457647558984,0.5341860785457769,1.4786545341070174,-0.504286572075049,0.8920540139342272,-1.1371469844875939,-0.8366303413524403,-0.37037154845077447,-0.08371792386677382,-1.38337310839271,-0.20219881370440845,-0.23831326497200578,1.6172512235993977,-0.6795015376580449,0.8266946252228796
-0.9583659154090078,1.3390201877306425,-0.8559889736315546,-1.1027526241911672,0.7593196024881036,0.460157225723635,1.1827899303183,1.4786545341070174,-0.504286572075049,0.3094881272833033,1.1258320891195583,1.0628651214765616,1.3505715907164486,0.5302135178229008,1.027846476048505,-0.4814548360842566,-0.9801444399821413,1.4491960219784004,1.1206888135833863,1.4438523384034088
1.04344278518422,-0.04498000630619821,1.4438974374691798,0.3568898878474755,-1.2553800929401104,0.0567620513714653,0.939563485903604,0.8863041949554832,-0.504286572075049,0.8920540139342272,-0.3828206266185431,1.598620252018075,-1.0587488041176636,-1.0883330102680597,-0.8190451205447661,-0.2720128192993705,1.1312212119697826,-1.6318160077398836,-0.6795015376580449,0.20953691204235048
1.04344278518422,1.3390201877306425,0.8689258346939962,-1.1237218795171442,-0.9433206292460662,0.6895387954533009,-0.5197951805845733,0.29395385580394884,0.38042671226714214,0.3094881272833033,-0.0056574476840177594,0.4296999672002277,0.5146849231209403,-1.423204705735155,0.5148210325503741,1.5431513261696426,1.0170933388913004,-0.17533759369124027,-1.1858050739446975,1.4438523384034088
-0.9583659154090078,0.6470200907122222,0.8689258346939962,1.239422025045105,-0.6376483475574563,-1.5172700995320996,-0.9251725879424003,-0.8907468224991199,0.38042671226714214,1.474619900585151,-0.7599838055530684,1.3063901808136131,0.2688359032399084,-1.423204705735155,-0.5112298544458875,-0.5512688416792186,1.47360483120523,-0.11931919315090783,1.6832482983463335,0.2570105822870066
-0.9583659154090078,1.3390201877306425,0.2939542319188126,1.4901413822035225,0.6635118724065991,-0.7895768438379887,-1.654851921186489,-0.2983964833475855,-1.38899985641724,-0.2730777593676206,0.7486689101850329,-0.39828523454574755,-1.1570884120700764,0.02790597462225794,-1.1268603866436446,1.1242672925998702,-1.6649116784530356,1.1691040192767381,0.051825792533786545,-1.6419362274992368
-0.9583659154090078,-0.04498000630619821,1.4438974374691798,-1.6552469166929895,0.7419829656162125,-0.14098068115410817,-1.5737764397149236,0.8863041949554832,-0.504286572075049,0.8920540139342272,-1.1371469844875939,-0.49569525828056815,-0.17369233254594896,-1.6464525027132184,1.3869642864971965,0.42612723665024993,-0.5806968842074529,-1.0156136017962267,-1.5795967132787605,0.9216419657121918
-0.9583659154090078,0.6470200907122222,-0.8559889736315546,0.05237983224416072,-1.321989276711061,0.7369970512594375,0.5341860785457769,1.4786545341070174,-1.38899985641724,-1.4382095326694684,1.5029952680540837,-1.0801554006894918,-1.2554280200224892,0.8650852132899961,0.8739388429990658,-0.06257080251448437,0.4464539734988885,0.6089200138734138,-1.4108288678498764,0.541852603754943
-0.9583659154090078,-1.428980200343039,0.8689258346939962,-0.083464473998036,1.2556948897675184,0.6974485047543236,0.2098841526595153,0.29395385580394884,1.2651399966093333,-1.4382095326694684,-1.1371469844875939,0.4296999672002277,0.9080433549305912,0.6418374163119326,-0.8703476648945792,-1.109780886438915,-0.7518886938251765,0.38484641171208406,-0.8482693830869291,0.7317472847335674
-0.9583659154090078,0.6470200907122222,-0.28101737085637096,-1.2075989008210515,-1.1969830003190027,1.4330514697494567,0.6152615600173423,-1.483097161650654,-0.504286572075049,-0.8556436460185445,-0.0056574476840177594,0.04005987226094523,-1.7471260597845528,-0.5302135178229008,-0.767742576194953,0.9148252758149842,-1.2654641226783472,1.0010488176557408,-0.11694205289509763,-0.8348838333400834
-0.9583659154090078,-1.428980200343039,-0.8559889736315546,1.4427326310317492,1.175398887413496,1.108753388407516,-1.249474513828662,-0.2983964833475855,1.2651399966093333,1.474619900585151,-1.5143101634221192,1.403800204548434,1.0063829628830039,0.6976493655564485,1.4382668308470097,1.4035233149797184,0.7888375927343356,-0.2313559942315727,0.6706412257730285,1.3963786681587527
1.04344278518422,-0.7369801033246186,1.4438974374691798,-1.5276079712305217,0.804942331098344,0.6737193768512539,-0.19549325469831172,-0.2983964833475855,-1.38899985641724,0.3094881272833033,-1.1371469844875939,-0.8853353532198506,1.1047225708354167,0.1395298731112897,-0.9729527535942053,-0.3418268248943325,1.530668767744471,0.889012016575076,0.3893614833915549,-1.167199525052676
1.04344278518422,0.6470200907122222,-1.4309605764067381,0.18822413848635744,0.804942331098344,-1.564728355338237,-0.4387196991130079,1.4786545341070174,-0.504286572075049,0.8920540139342272,1.5029952680540837,1.6473252638854854,-0.4195413524269808,-1.0325210610235438,0.5661235769001872,-0.7607108584641048,-0.6948247572859353,0.5529016133330814,1.2894566590122705,1.4913260086480649
-0.9583659154090078,-1.428980200343039,-0.28101737085637096,0.4316498416183485,-1.4314838253756381,-0.694660332225714,-1.654851921186489,-1.483097161650654,-1.38899985641724,0.8920540139342272,-0.7599838055530684,-1.1775654244243126,-1.2062582160462827,0.8092732640454803,1.1817541090979442,1.1242672925998702,1.188285148509024,0.5529016133330814,-0.2857098983239818,-0.2177261201595543
-0.9583659154090078,-1.428980200343039,0.8689258346939962,-0.9012654317111303,-0.5190292531708304,0.15167856298374063,0.45311059707421153,0.8863041949554832,-1.38899985641724,0.3094881272833033,1.1258320891195583,-1.567205519363595,1.5964206105974805,0.8650852132899961,0.4635184882005611,0.14687121427040176,-0.06712145535428223,-0.17533759369124027,1.7395042468226283,0.494378933510287
-0.9583659154090078,-0.04498000630619821,-0.28101737085637096,0.9431173302215203,1.744770540469295,0.7290873419584147,0.7774125229604731,-0.8907468224991199,-1.38899985641724,0.8920540139342272,0.7486689101850329,1.2089801570787926,0.8588735509543849,0.976709111779028,-1.6911883744915885,1.7525933429545286,-0.23831326497200578,-0.11931919315090783,-1.5795967132787605,0.20953691204235048
1.04344278518422,-0.7369801033246186,-1.4309605764067381,-1.0571672865260002,0.45638468451610825,0.12794943508067164,0.2098841526595153,-0.2983964833475855,-1.38899985641724,1.474619900585151,-1.5143101634221192,-0.8366303413524403,1.399741394692655,1.1999569087570914,0.4635184882005611,-0.13238480810944642,-1.3225280592175883,-1.4637608061188863,-0.22945394984768708,1.586273349137377
-0.9583659154090078,-1.428980200343039,0.8689258346939962,1.5202277050625324,-0.012616965597162633,-1.0347778321697,1.1017144488467348,-0.8907468224991199,0.38042671226714214,0.8920540139342272,0.7486689101850329,0.624520014669869,1.399741394692655,0.19534182235580558,-1.6911883744915885,0.49594124224521197,-1.550783805374553,0.49688321279274894,-0.2857098983239818,-0.644989152361459
-0.9583659154090078,-0.7369801033246186,-1.4309605764067381,-0.23389608829308708,1.1717490691246775,1.5437873999637783,0.2098841526595153,-1.483097161650654,-1.38899985641724,1.474619900585151,-0.0056574476840177594,-0.154760175208696,1.4980810026450677,0.5302135178229008,0.8739388429990658,1.1940812981948323,0.21819822734192373,1.4491960219784004,1.5144804529174494,-0.9298311738293956
1.04344278518422,-0.7369801033246186,1.4438974374691798,1.0716679824372906,-1.1805588180193154,0.6895387954533009,1.3449408932614308,-0.2983964833475855,-1.38899985641724,-0.2730777593676206,-1.1371469844875939,-1.0801554006894918,-0.5178809603793936,-0.7534613148009643,1.4895693751968229,0.9148252758149842,0.16113429080268254,-1.5757976071995512,-0.9045253315632238,-1.11972585480802
-0.9583659154090078,-0.04498000630619821,0.8689258346939962,-0.8666205750856026,-0.9670444481233916,1.686162167382191,-1.4927009582433581,-0.2983964833475855,1.2651399966093333,1.474619900585151,-1.1371469844875939,-0.2034651870761063,-0.37037154845077447,-0.2511537716003215,0.20700576645149563,1.4733373205746805,0.21819822734192373,-0.6234847980138998,1.2894566590122705,1.3014313276694405
1.04344278518422,0.6470200907122222,1.4438974374691798,-1.6506883829264722,1.471034168807853,-0.5048273090011632,1.4260163747329964,-0.8907468224991199,1.2651399966093333,0.3094881272833033,1.5029952680540837,-0.39828523454574755,1.0063829628830039,0.19534182235580558,-1.6398858301417754,0.705383259030098,-0.40950507458972935,0.38484641171208406,-0.6795015376580449,1.1590103169354722
-0.9583659154090078,1.3390201877306425,0.8689258346939962,-0.3706521012885876,-1.0017177218671738,0.294053330402154,0.45311059707421153,0.8863041949554832,1.2651399966093333,-1.4382095326694684,-0.0056574476840177594,0.6732250265372792,0.3671755111923211,0.2511537716003215,1.027846476048505,0.14687121427040176,1.3594769581267474,-0.28737439477190513,-0.06068610441880291,-0.2651997904042104
-0.9583659154090078,0.6470200907122222,1.4438974374691798,0.2958055353761518,0.6534748721123463,-0.16470980905717647,0.2909596341310807,-0.2983964833475855,1.2651399966093333,-0.8556436460185445,-0.7599838055530684,0.8193400621395102,-0.8620695882128382,-1.6464525027132184,1.3356617421473835,-1.3192229032238012,0.7888375927343356,-0.5114479969332348,-1.1295491254684027,0.494378933510287
1.04344278518422,1.3390201877306425,-1.4309605764067381,-0.2986272677776247,-0.7882033519712487,1.6703427487801454,-1.4116254767717928,-1.483097161650654,-1.38899985641724,1.474619900585151,0.3715057312505076,0.08876488412835554,1.2522319827640358,1.1441449595125757,1.3356617421473835,1.6827793373595668,0.3323261004204061,-0.5114479969332348,-1.4108288678498764,0.5893262739995991
-0.9583659154090078,0.6470200907122222,-0.8559889736315546,-0.9450273558696896,-0.6458604387072986,-0.7183894601287822,-0.6008706620561387,-0.2983964833475855,1.2651399966093333,-0.2730777593676206,-1.5143101634221192,-1.713320554965826,-0.9604091961652509,-1.0883330102680597,1.2843591977975704,0.565755247840174,-1.3795919957568297,-1.5197792066592186,-0.9045253315632238,-1.689409897743893
1.04344278518422,-0.04498000630619821,-0.8559889736315546,-0.2776580124516476,-0.9223341740853552,-0.5839244020113924,-1.654851921186489,1.4786545341070174,1.2651399966093333,0.8920540139342272,0.7486689101850329,-0.9827453769546712,-1.5996166478559337,-0.4185896193338691,0.9252413873488788,0.9846392814099463,0.4464539734988885,-1.687834408280216,-1.0170372285158134,1.111536646690816
-0.9583659154090078,-0.04498000630619821,0.8689258346939962,-1.2148925548474778,-0.696957894750768,0.816094144269668,1.1827899303183,0.8863041949554832,-1.38899985641724,-1.4382095326694684,0.7486689101850329,0.7219300384046895,-0.8620695882128382,-0.6976493655564485,-0.9729527535942053,-1.179594892033877,-0.1812493284327646,-1.4637608061188863,-1.4108288678498764,-0.2177261201595543
-0.9583659154090078,-1.428980200343039,0.2939542319188126,1.2129825291993088,-0.636735892985251,-1.5251798088331223,1.5881673376761272,0.29395385580394884,-0.504286572075049,-0.8556436460185445,0.7486689101850329,1.0628651214765616,0.31800570721611476,0.8650852132899961,-1.38337310839271,1.1940812981948323,-1.550783805374553,-1.5757976071995512,-0.454477743752866,0.30448425253166267
1.04344278518422,-0.7369801033246186,-0.8559889736315546,-1.2367735169267575,0.47280886681579415,-0.1330709718530854,-0.4387196991130079,1.4786545341070174,-1.38899985641724,-0.8556436460185445,0.3715057312505076,1.3550951926810235,-0.8620695882128382,0.5860254670674168,-0.8190451205447661,-0.9003388696540289,1.7018605773621946,1.6172512235993977,0.6706412257730285,0.35195792277631877
-0.9583659154090078,1.3390201877306425,-0.28101737085637096,1.494699915970039,-1.4488204622475291,0.6658096675502312,1.4260163747329964,0.29395385580394884,1.2651399966093333,1.474619900585151,-1.1371469844875939,0.7219300384046895,1.6455904145736868,0.7534613148009643,-1.280768019693084,1.2638953037897944,1.3594769581267474,1.5052144225187327,0.164337689486376,-0.5025681416274909
1.04344278518422,-0.04498000630619821,0.8689258346939962,-1.000641467821193,-0.4925680705768916,1.3064961209330896,1.5070918562045617,0.8863041949554832,1.2651399966093333,0.8920540139342272,0.7486689101850329,0.5271099909350483,0.12132649131128928,-0.8650852132899961,0.4635184882005611,-1.4588509144137252,0.7317736561950944,-1.4637608061188863,1.1206888135833863,0.6842736144889113
1.04344278518422,-0.04498000630619821,0.8689258346939962,-0.24392486257942372,0.619714052940768,-0.8370350996441266,1.3449408932614308,-0.2983964833475855,-1.38899985641724,0.3094881272833033,0.7486689101850329,-0.78792532948503,0.022986883358876536,-1.7022644519577343,-0.0495069552975698,0.9148252758149842,-1.6078477419137944,-1.1276504028768917,0.8394090712019127,0.8741682954675357
-0.9583659154090078,1.3390201877306425,-0.8559889736315546,1.130928921402008,0.8916255154578009,-0.29917486717456704,-0.4387196991130079,1.4786545341070174,-0.504286572075049,0.8920540139342272,-1.5143101634221192,-0.10605516334128569,-1.0095790001414573,1.2557688580016073,0.2583083108013087,-0.6908968528691427,-0.12418539189352341,1.2251224198170705,-0.7357574861343397,0.2570105822870066
1.04344278518422,1.3390201877306425,1.4438974374691798,-1.7044790813713695,0.6863232367117194,0.5708931559379565,0.5341860785457769,1.4786545341070174,-1.38899985641724,-1.4382095326694684,1.5029952680540837,0.08876488412835554,-0.2720319404983617,0.474401568578385,-1.1781629309934576,1.3337093093847565,-0.35244113805048816,-0.5114479969332348,-1.4670848163261712,-0.36014713089352257
1.04344278518422,-0.7369801033246186,-0.8559889736315546,0.3550664743408679,-0.3794237036234947,-0.014425332337741036,0.1288086711879499,-0.2983964833475855,-0.504286572075049,0.3094881272833033,-1.1371469844875939,-0.10605516334128569,-1.2554280200224892,0.1395298731112897,0.9765439316986919,-0.3418268248943325,0.3893900369596473,1.4491960219784004,0.7268971742493232,1.4913260086480649
-0.9583659154090078,1.3390201877306425,0.2939542319188126,-1.3142685909575407,0.6279261440906116,0.5708931559379565,0.6963370414889077,-0.8907468224991199,-0.504286572075049,0.8920540139342272,-1.1371469844875939,1.452505216415844,-1.2554280200224892,0.6418374163119326,1.4895693751968229,-1.109780886438915,1.2453490850482651,-0.06330079261057539,0.783153122725618,-0.644989152361459
1.04344278518422,1.3390201877306425,-0.8559889736315546,-1.1127813984775037,1.263906980917362,1.717801004586282,-1.1683990323570965,-0.8907468224991199,1.2651399966093333,-0.2730777593676206,-0.3828206266185431,0.7219300384046895,-0.12452252856974258,-0.8650852132899961,-0.30601967704663524,0.705383259030098,0.7317736561950944,1.6172512235993977,-1.6358526617550553,-1.5469888870099247
1.04344278518422,-0.04498000630619821,1.4438974374691798,1.3916770528467621,0.20363476801537578,0.12003972577964886,-1.1683990323570965,-1.483097161650654,0.38042671226714214,-0.8556436460185445,1.5029952680540837,-1.5185005074961846,0.7605339430019721,1.1441449595125757,-0.4086247657462614,1.0544532870049084,1.47360483120523,-0.28737439477190513,0.27684958643896546,-1.0247785143187078
-0.9583659154090078,-0.04498000630619821,0.8689258346939962,0.025028629645060876,-1.3758240964711448,0.3177824583052223,0.6152615600173423,0.8863041949554832,1.2651399966093333,-0.2730777593676206,-0.3828206266185431,-1.5185005074961846,1.5964206105974805,-1.0883330102680597,-1.5372807414421492,-1.179594892033877,-0.7518886938251765,-1.3517240050382213,1.2894566590122705,-0.027831439180929955
-0.9583659154090078,-1.428980200343039,0.2939542319188126,0.6304019138384765,-0.446032887394446,-0.27544573927149807,0.7774125229604731,1.4786545341070174,1.2651399966093333,0.3094881272833033,0.7486689101850329,-0.78792532948503,1.2522319827640358,-0.5302135178229008,1.2330566534477574,-1.249408897628839,0.3893900369596473,1.0010488176557408,-1.2420610224209923,1.4438523384034088
-0.9583659154090078,-1.428980200343039,0.8689258346939962,0.9321768491818799,0.487408139971072,-0.5681049834093469,0.6152615600173423,1.4786545341070174,-1.38899985641724,0.3094881272833033,-0.7599838055530684,1.5499152401506648,0.7605339430019721,-0.2511537716003215,1.027846476048505,-1.3192229032238012,-1.6649116784530356,0.04873600847008947,-0.06068610441880291,0.20953691204235048
-0.9583659154090078,1.3390201877306425,-1.4309605764067381,-0.03423230931965653,-1.365787096176892,1.3539543767392277,1.4260163747329964,-0.2983964833475855,-0.504286572075049,-0.8556436460185445,-0.7599838055530684,1.1602751452113822,1.5964206105974805,0.4185896193338691,-0.9729527535942053,0.635569253435136,0.7317736561950944,-0.39941119585257,-0.6795015376580449,1.3014313276694405
1.04344278518422,-1.428980200343039,1.4438974374691798,1.4755540741506694,-1.393160733343036,-0.04606416954183282,1.0206389673751692,-0.8907468224991199,-1.38899985641724,-0.2730777593676206,-0.0056574476840177594,0.5271099909350483,0.3671755111923211,1.6464525027132184,1.4382668308470097,1.5431513261696426,-1.7219756149922767,0.7769752154944111,-1.073293176992108,0.11458957155303831
-0.9583659154090078,1.3390201877306425,-1.4309605764067381,0.7780984078736162,1.2748564357838201,-1.2087914367922046,1.2638654117898656,1.4786545341070174,0.38042671226714214,-0.8556436460185445,1.1258320891195583,-0.057350151473875385,0.2688359032399084,0.7534613148009643,-0.20341458834700907,-0.2720128192993705,1.3594769581267474,-1.1276504028768917,-1.073293176992108,-0.550041811872147
-0.9583659154090078,1.3390201877306425,0.2939542319188126,1.2840956559569692,0.26659413349750855,0.16749798158578688,0.2909596341310807,-1.483097161650654,1.2651399966093333,-0.8556436460185445,-0.0056574476840177594,-1.2262704362917227,0.17049629528749566,1.0883330102680597,1.3356617421473835,1.3337093093847565,0.21819822734192373,-0.06330079261057539,1.2894566590122705,-1.4995152167652686
1.04344278518422,0.6470200907122222,0.8689258346939962,-0.49646763324444765,-0.696045440178564,-1.4619021344249388,1.5070918562045617,0.29395385580394884,1.2651399966093333,-0.2730777593676206,-0.3828206266185431,0.38099495533281735,-0.9112393921890445,0.5302135178229008,0.20700576645149563,-0.20219881370440845,-0.1812493284327646,-1.0156136017962267,1.6832482983463335,0.7317472847335674
-0.9583659154090078,-0.04498000630619821,0.2939542319188126,0.7033384541027432,1.2493077077620856,-1.1534234716850438,0.2098841526595153,1.4786545341070174,-0.504286572075049,0.8920540139342272,1.5029952680540837,0.04005987226094523,-1.2554280200224892,0.976709111779028,1.1817541090979442,-1.6682929311986112,1.0170933388913004,-0.6795031985542321,-0.34196584680027653,1.3963786681587527
-0.9583659154090078,-0.7369801033246186,-1.4309605764067381,0.7024267473494394,-0.7854659882546341,-0.8686739368482184,-0.1144177732267463,1.4786545341070174,-0.504286572075049,-0.8556436460185445,-0.0056574476840177594,-0.30087521081092694,-0.9112393921890445,-0.08371792386677382,-1.280768019693084,1.6827793373595668,-0.5236329476682118,-0.39941119585257,0.27684958643896546,0.06711590130838221
-0.9583659154090078,-1.428980200343039,-0.28101737085637096,-0.8465630265129293,0.14158785710544955,1.0138368767952415,1.2638654117898656,0.29395385580394884,1.2651399966093333,-1.4382095326694684,0.3715057312505076,0.04005987226094523,-0.8620695882128382,-1.423204705735155,0.7713337542994395,1.1242672925998702,-1.0942723130606236,-1.0156136017962267,-0.5107336922291608,0.494378933510287
1.04344278518422,0.6470200907122222,-0.8559889736315546,0.030498870164881106,-1.2727167298120015,-0.773757425235943,0.939563485903604,0.8863041949554832,-0.504286572075049,-1.4382095326694684,-0.7599838055530684,1.5012102282832545,1.4980810026450677,-1.6464525027132184,-0.4086247657462614,1.0544532870049084,-1.6078477419137944,-0.6795031985542321,1.2332007105359757,0.541852603754943
1.04344278518422,1.3390201877306425,-1.4309605764067381,1.5439320806484196,0.7264712378887306,-0.750028297332874,-1.3305499953002273,0.8863041949554832,1.2651399966093333,-1.4382095326694684,-1.5143101634221192,-1.274975448159133,0.8097037469781785,0.5860254670674168,0.7200312099496264,-0.7607108584641048,-1.550783805374553,-1.183668803417224,-1.3545729193735816,-0.9773048440740517
1.04344278518422,1.3390201877306425,-1.4309605764067381,0.14993245484761714,-0.09382542252339052,1.2115796093208149,-0.8440971064708349,-1.483097161650654,0.38042671226714214,1.474619900585151,1.1258320891195583,-1.713320554965826,1.0063829628830039,-0.30696572084483736,-0.1008094996473829,-1.4588509144137252,-1.4366559322960708,-0.34339279531223754,-1.5795967132787605,-0.3126734606488665
1.04344278518422,-0.04498000630619821,-1.4309605764067381,0.6367838611115992,0.19724758600994274,0.1358591443816951,1.5881673376761272,0.29395385580394884,1.2651399966093333,0.3094881272833033,0.7486689101850329,0.3322899434654071,1.547250806621274,-0.6418374163119326,-1.4859781970923363,1.2638953037897944,1.7018605773621946,1.5052144225187327,-0.8482693830869291,1.2064839871801283
-0.9583659154090078,-0.7369801033246186,-0.8559889736315546,-0.2694526516719173,-1.493530736285565,1.3223155395351351,-0.5197951805845733,0.8863041949554832,-1.38899985641724,-0.8556436460185445,1.5029952680540837,-1.6159105312310051,1.5964206105974805,-0.08371792386677382,-0.9216502092443922,-1.179594892033877,-1.4366559322960708,1.281140820357403,1.0081769166307968,0.11458957155303831
-0.9583659154090078,-1.428980200343039,0.8689258346939962,-0.24757168959263764,-1.6085000123833704,-1.4856312623280077,0.7774125229604731,-0.8907468224991199,0.38042671226714214,-0.2730777593676206,0.7486689101850329,-1.3236804600265433,-1.2062582160462827,-1.423204705735155,0.8739388429990658,0.705383259030098,-1.4366559322960708,0.5529016133330814,-0.34196584680027653,-1.0247785143187078
-0.9583659154090078,0.6470200907122222,-1.4309605764067381,-0.9085590857375568,0.44634768422185545,0.507615481529773,0.2098841526595153,0.8863041949554832,-0.504286572075049,-0.8556436460185445,1.1258320891195583,-0.8366303413524403,0.31800570721611476,-1.3673927564906392,-0.6651374874953269,-0.9003388696540289,-1.151336249599865,1.5052144225187327,0.6143852772967338,1.3963786681587527
-0.9583659154090078,-0.7369801033246186,-0.8559889736315546,0.7534823255344265,-0.17412142487741314,-0.9398613205574248,-1.249474513828662,1.4786545341070174,0.38042671226714214,-0.2730777593676206,1.5029952680540837,-0.7392203176176196,0.5638547270971467,1.1441449595125757,1.2843591977975704,0.28649922546032586,-0.40950507458972935,-0.4554295963929024,0.27684958643896546,0.5893262739995991
-0.9583659154090078,0.6470200907122222,-1.4309605764067381,0.9768504800937443,-1.1312862711202567,0.5788028652389793,-0.19549325469831172,0.29395385580394884,-0.504286572075049,-0.8556436460185445,0.7486689101850329,0.9654550977417411,0.7605339430019721,-1.6464525027132184,1.2330566534477574,-1.5286649200086873,-0.06712145535428223,-0.7915399996348971,0.8394090712019127,1.06406297644616
1.04344278518422,-0.04498000630619821,-0.28101737085637096,0.1617846426405614,-0.05002760305755941,-0.38618166948581895,0.5341860785457769,-1.483097161650654,-0.504286572075049,-1.4382095326694684,-0.3828206266185431,-0.49569525828056815,-1.10791860809387,1.3673927564906392,1.592174463896449,-1.5984789256036493,0.9600294023520591,-1.1276504028768917,-0.6795015376580449,0.5893262739995991
-0.9583659154090078,-1.428980200343039,-1.4309605764067381,1.7107744165029302,1.0640794296045095,-0.3703622508837734,-0.1144177732267463,-0.2983964833475855,0.38042671226714214,-0.2730777593676206,-0.0056574476840177594,0.38099495533281735,1.399741394692655,-1.1999569087570914,0.3096108551511218,-0.5512688416792186,-1.7219756149922767,1.4491960219784004,-0.7920134346106343,0.541852603754943
-0.9583659154090078,-0.7369801033246186,0.8689258346939962,-0.40529695791411396,0.5841283246247805,0.017213504866350746,0.0477331897163845,0.8863041949554832,0.38042671226714214,-0.2730777593676206,1.1258320891195583,-0.934040365087261,1.2522319827640358,-0.08371792386677382,0.9765439316986919,0.8450112702200222,0.3323261004204061,-0.11931919315090783,-1.1858050739446975,1.4438523384034088
-0.9583659154090078,0.6470200907122222,-0.28101737085637096,0.3751240229135412,1.6197642640772374,-1.4777215530269843,0.7774125229604731,-0.2983964833475855,1.2651399966093333,0.8920540139342272,-0.0056574476840177594,-0.8853353532198506,-1.501277039903521,-0.7534613148009643,0.8739388429990658,0.28649922546032586,-0.7518886938251765,-1.1276504028768917,-0.9607812800395186,1.3489049979140966
-0.9583659154090078,1.3390201877306425,0.8689258346939962,-1.6297191276004959,-0.9816437212786682,-1.2799788205014109,1.4260163747329964,0.29395385580394884,-0.504286572075049,0.3094881272833033,0.3715057312505076,1.111570133343972,-1.501277039903521,-0.8092732640454803,1.079149020398318,0.42612723665024993,-0.06712145535428223,1.5052144225187327,0.3331055349152602,1.3963786681587527
1.04344278518422,0.6470200907122222,0.2939542319188126,-0.2621589976454907,0.6698990544120335,-0.750028297332874,0.0477331897163845,0.29395385580394884,-0.504286572075049,0.8920540139342272,-1.5143101634221192,1.111570133343972,-1.3537676279749018,-0.474401568578385,0.5661235769001872,-0.4814548360842566,0.04700641772420015,1.6172512235993977,-0.06068610441880291,-0.3126734606488665
-0.9583659154090078,-0.7369801033246186,-0.28101737085637096,0.8100081442392338,-1.4168845522203608,-0.5443758555062779,0.3720351156026461,-0.2983964833475855,0.38042671226714214,-1.4382095326694684,0.3715057312505076,-1.5185005074961846,1.6455904145736868,-0.1395298731112897,1.4382668308470097,-0.2720128192993705,-1.151336249599865,-1.0156136017962267,0.10808174101008128,-1.5944625572545807
1.04344278518422,-0.7369801033246186,0.2939542319188126,-0.3834159958348344,-1.2179694554797136,0.9110106558819426,-1.249474513828662,-0.8907468224991199,1.2651399966093333,0.3094881272833033,0.3715057312505076,0.478404979067638,1.399741394692655,-1.5348286042241868,1.643477008246262,0.3563132310552879,0.5605818465773709,1.5052144225187327,-0.11694205289509763,-1.072252184563364
1.04344278518422,0.6470200907122222,-0.8559889736315546,1.293212723490002,-1.3958980970596506,-1.1059652158789064,-0.7630216249992695,-0.8907468224991199,0.38042671226714214,-0.8556436460185445,-0.7599838055530684,0.7219300384046895,-0.07535272459353622,1.5906405534687027,1.027846476048505,0.8450112702200222,-1.151336249599865,0.6649384144137462,-0.17319800137139235,-1.3570942060313005
1.04344278518422,1.3390201877306425,-0.8559889736315546,0.7762749943670099,-1.3511878230216148,-1.7229225413586957,0.5341860785457769,0.8863041949554832,0.38042671226714214,0.8920540139342272,0.3715057312505076,0.9654550977417411,-0.12452252856974258,-0.5302135178229008,0.15570322210168253,1.5431513261696426,-0.7518886938251765,-0.5114479969332348,0.5581293288204391,0.35195792277631877
-0.9583659154090078,-1.428980200343039,-1.4309605764067381,1.431792149992109,-1.647735558988177,1.069204841902401,0.0477331897163845,0.29395385580394884,0.38042671226714214,-0.2730777593676206,-0.7599838055530684,-0.9827453769546712,1.2522319827640358,-0.8650852132899961,-1.434675652742523,-0.4814548360842566,-0.6377608207466942,-1.2396872039575566,1.0644328651070916,-0.644989152361459
1.04344278518422,-0.04498000630619821,-0.28101737085637096,1.2913893099833957,1.1954728880020016,-0.908222483353333,0.6152615600173423,0.29395385580394884,1.2651399966093333,1.474619900585151,0.3715057312505076,-0.39828523454574755,1.0063829628830039,0.36277767008935324,0.001795589052243283,-0.6908968528691427,0.4464539734988885,-0.9035768007155619,1.1769447620596811,0.7317472847335674
-0.9583659154090078,0.6470200907122222,0.2939542319188126,1.1929249806266355,-1.6230992855386477,1.3539543767392277,1.2638654117898656,-1.483097161650654,1.2651399966093333,0.8920540139342272,-0.3828206266185431,1.3550951926810235,1.6455904145736868,0.1395298731112897,-1.1781629309934576,-0.20219881370440845,-1.3795919957568297,-1.6318160077398836,-0.6232455891817502,-0.597515482116803
-0.9583659154090078,0.6470200907122222,1.4438974374691798,0.5747878018869731,0.8003800582373202,-0.43363992529195694,-0.4387196991130079,-1.483097161650654,-1.38899985641724,-0.8556436460185445,0.7486689101850329,0.7219300384046895,-0.02618292061732984,1.1441449595125757,1.027846476048505,1.1940812981948323,0.16113429080268254,-0.39941119585257,-0.7920134346106343,-0.1702524499148982
-0.9583659154090078,1.3390201877306425,-0.28101737085637096,0.5884634031865223,1.0923655213428587,-0.6867506229246905,-1.654851921186489,-0.8907468224991199,1.2651399966093333,0.8920540139342272,1.5029952680540837,0.624520014669869,-1.1570884120700764,-1.5906405534687027,-0.25471713269682217,0.14687121427040176,0.5605818465773709,-0.6234847980138998,-1.2983169708972868,0.30448425253166267
1.04344278518422,-0.04498000630619821,0.2939542319188126,0.7051618676093495,1.0093321552722216,0.30987274900419953,1.4260163747329964,1.4786545341070174,-1.38899985641724,0.8920540139342272,0.3715057312505076,0.18617490786317614,-0.02618292061732984,0.5860254670674168,1.079149020398318,0.007243203080477669,-0.46656901112897053,0.7209568149540787,0.3331055349152602,0.8741682954675357
1.04344278518422,-0.04498000630619821,-0.8559889736315546,1.4244984959656823,-0.7790788062492011,0.7923650163665983,1.5881673376761272,0.29395385580394884,1.2651399966093333,-0.8556436460185445,-1.5143101634221192,-0.8366303413524403,1.399741394692655,-0.08371792386677382,-1.1781629309934576,-1.3192229032238012,-1.493719868835312,-0.7355215990945646,-0.06068610441880291,0.7317472847335674
-0.9583659154090078,0.6470200907122222,0.2939542319188126,0.45717763071084205,0.8359657865533077,0.6737193768512539,-1.1683990323570965,-1.483097161650654,0.38042671226714214,-0.8556436460185445,0.7486689101850329,-0.5444002701479784,-0.6162205683318063,-0.6418374163119326,1.2330566534477574,-0.9701528752489909,1.7018605773621946,-1.5757976071995512,-0.9045253315632238,1.3489049979140966
-0.9583659154090078,1.3390201877306425,-0.28101737085637096,0.556553666820906,-1.5136047368740706,-0.10934184395001638,-1.654851921186489,-0.8907468224991199,0.38042671226714214,0.8920540139342272,0.7486689101850329,0.28358493159799675,0.8097037469781785,0.02790597462225794,-1.0242552979440185,-1.4588509144137252,-0.06712145535428223,-0.6795031985542321,0.6706412257730285,0.01964223106372613
-0.9583659154090078,0.6470200907122222,1.4438974374691798,0.4270913078518321,0.23374576889813556,1.3697737953412732,-1.249474513828662,1.4786545341070174,0.38042671226714214,-0.8556436460185445,-0.7599838055530684,-0.5931052820153888,1.3014017867402423,-0.6418374163119326,-0.4086247657462614,0.7751972646250601,-0.8660165669036589,1.2251224198170705,1.1769447620596811,1.3014313276694405
1.04344278518422,1.3390201877306425,0.2939542319188126,0.7288662431952367,1.006594791555607,-0.908222483353333,1.0206389673751692,0.29395385580394884,-0.504286572075049,0.3094881272833033,0.3715057312505076,-0.5931052820153888,-0.5670507643556,-1.5348286042241868,0.10440067775186945,-0.6908968528691427,-0.35244113805048816,1.3371592208977354,0.6706412257730285,0.2570105822870066
-0.9583659154090078,0.6470200907122222,-1.4309605764067381,-0.36518186076876735,-0.7425806233610083,-0.14098068115410817,1.5070918562045617,-0.2983964833475855,1.2651399966093333,-1.4382095326694684,-0.3828206266185431,-1.1775654244243126,1.6455904145736868,-0.8650852132899961,0.10440067775186945,1.6827793373595668,-1.7219756149922767,-1.5757976071995512,-1.2420610224209923,1.4913260086480649
1.04344278518422,-0.7369801033246186,0.2939542319188126,-0.6915728784513617,0.2684190426419178,0.33360187690726784,1.1827899303183,-0.2983964833475855,-1.38899985641724,0.8920540139342272,0.3715057312505076,-1.713320554965826,0.7113641390257658,-0.36277767008935324,-0.8190451205447661,0.2166852198653638,-0.6377608207466942,1.0570672181960732,1.5144804529174494,-1.689409897743893
1.04344278518422,-1.428980200343039,0.8689258346939962,1.294124430243306,1.526693897712346,1.5358776906627556,1.0206389673751692,1.4786545341070174,-1.38899985641724,0.3094881272833033,-0.7599838055530684,-0.8366303413524403,0.46551511914473387,-0.02790597462225794,-1.6911883744915885,1.2638953037897944,1.3024130215875063,0.49688321279274894,1.626992349870039,-0.8823575035847395
-0.9583659154090078,1.3390201877306425,-0.28101737085637096,0.9732036530805304,-1.449732916819734,1.551697109264801,-1.4927009582433581,1.4786545341070174,0.38042671226714214,0.3094881272833033,-0.0056574476840177594,0.9654550977417411,-0.37037154845077447,1.1999569087570914,-1.1268603866436446,0.635569253435136,-0.010057518815041033,0.6649384144137462,0.164337689486376,0.9691156359568479
1.04344278518422,-0.7369801033246186,-1.4309605764067381,0.941293916714914,-0.5518776177702033,0.76863588846353,0.939563485903604,-0.8907468224991199,0.38042671226714214,-0.2730777593676206,1.1258320891195583,1.3063901808136131,-0.7637299802604254,0.6418374163119326,1.3869642864971965,-0.5512688416792186,0.4464539734988885,-1.3517240050382213,-1.4670848163261712,-1.2146731952973322
1.04344278518422,-1.428980200343039,-0.28101737085637096,1.6970988152033795,-1.2188819100519175,-0.29126515787354357,-1.0062480694139657,-1.483097161650654,-1.38899985641724,0.8920540139342272,0.3715057312505076,0.23487991973058645,-1.6979562558083465,1.5906405534687027,1.1304515647481312,-0.20219881370440845,0.6747097196558532,0.49688321279274894,0.44561743186784963,-1.5944625572545807
1.04344278518422,-0.7369801033246186,0.8689258346939962,1.265861520890902,1.7621071773411874,-0.9952292856645856,-1.0873235508855312,0.29395385580394884,0.38042671226714214,0.8920540139342272,0.3715057312505076,0.38099495533281735,0.3671755111923211,-0.976709111779028,-1.2294654753432708,0.14687121427040176,1.6447966408229535,1.5612328230590653,-0.9607812800395186,1.586273349137377
1.04344278518422,0.6470200907122222,-0.28101737085637096,-0.6350470597465557,1.2976678000889403,0.6025319931420476,-1.249474513828662,-0.8907468224991199,1.2651399966093333,-0.8556436460185445,-1.5143101634221192,0.4296999672002277,1.6455904145736868,0.920897162534512,1.2843591977975704,-1.5984789256036493,0.8459015292735768,-1.1276504028768917,1.6832482983463335,0.2570105822870066
1.04344278518422,0.6470200907122222,0.2939542319188126,1.4399975107718392,0.23283331432593027,-1.4381730065218699,0.45311059707421153,-1.483097161650654,1.2651399966093333,-1.4382095326694684,-1.5143101634221192,0.3322899434654071,0.8588735509543849,1.3673927564906392,-0.6138349431455138,-0.6210828472741807,-1.0942723130606236,-1.5197792066592186,0.5581293288204391,-0.9298311738293956
-0.9583659154090078,1.3390201877306425,0.2939542319188126,1.0835201702302348,-1.5628772837731302,-0.987319576363562,1.0206389673751692,1.4786545341070174,0.38042671226714214,-0.8556436460185445,1.1258320891195583,1.598620252018075,1.2522319827640358,-1.1441449595125757,0.4635184882005611,1.1242672925998702,-1.3795919957568297,-0.5114479969332348,-0.39822179527657126,-1.6419362274992368
1.04344278518422,1.3390201877306425,-0.8559889736315546,0.6358721543582955,0.7191716013110923,-1.5093603902310762,-1.3305499953002273,1.4786545341070174,-0.504286572075049,0.8920540139342272,-1.5143101634221192,-1.6646155430984155,1.3505715907164486,1.3673927564906392,0.41221594385074795,-1.7381069367935733,-0.29537720151124697,-0.5114479969332348,0.6143852772967338,0.8266946252228796
-0.9583659154090078,-0.7369801033246186,0.8689258346939962,0.9804973071069569,1.8150295425290661,-1.5568186460372142,0.6152615600173423,-1.483097161650654,-1.38899985641724,-0.8556436460185445,1.5029952680540837,1.2089801570787926,-0.8128997842366318,0.2511537716003215,-1.0755578422938314,-0.6210828472741807,-1.6078477419137944,0.7209568149540787,-1.4108288678498764,1.538799678892721
-0.9583659154090078,1.3390201877306425,-1.4309605764067381,-0.3888862363546546,-1.0592023599160763,1.2827669930300212,0.6963370414889077,1.4786545341070174,-0.504286572075049,-1.4382095326694684,1.5029952680540837,0.13746989599576584,-0.32120174447456806,1.4790166549796708,0.8739388429990658,-0.41164083048929456,-1.0942723130606236,1.3931776214380678,-0.39822179527657126,1.016589306201504
-0.9583659154090078,-1.428980200343039,1.4438974374691798,-1.6999205476048524,0.5823034154803712,0.9268300744839882,0.45311059707421153,1.4786545341070174,1.2651399966093333,-0.2730777593676206,-0.7599838055530684,-1.6159105312310051,-1.1570884120700764,0.1395298731112897,-0.8703476648945792,-0.06257080251448437,-0.6377608207466942,1.0570672181960732,-0.11694205289509763,-1.6419362274992368
1.04344278518422,-0.04498000630619821,0.2939542319188126,-0.9997297610678905,-1.3822112784765785,0.6183514117440946,-0.0333422917551809,-0.8907468224991199,1.2651399966093333,-0.2730777593676206,-1.5143101634221192,1.0141601096091513,-1.6979562558083465,0.920897162534512,1.2843591977975704,0.9846392814099463,-0.35244113805048816,-0.007282392070242962,0.9519209681545021,-0.6924628226061151
-0.9583659154090078,-0.04498000630619821,1.4438974374691798,-0.511054941297302,0.717346692166683,-1.0822360879758375,-0.7630216249992695,-0.8907468224991199,-0.504286572075049,0.3094881272833033,0.3715057312505076,-0.934040365087261,0.8097037469781785,0.976709111779028,0.7713337542994395,0.007243203080477669,-1.550783805374553,0.27280961063141923,-0.8482693830869291,1.538799678892721
1.04344278518422,-0.7369801033246186,0.2939542319188126,-0.10261031581740679,-0.8110147162763689,-1.1534234716850438,-0.8440971064708349,-1.483097161650654,-0.504286572075049,-0.8556436460185445,1.5029952680540837,1.598620252018075,0.9080433549305912,0.19534182235580558,1.5408719195466358,-0.20219881370440845,0.5035179100381296,-0.06330079261057539,1.626992349870039,-1.4995152167652686
1.04344278518422,-0.7369801033246186,0.8689258346939962,-0.11355079685704725,-1.483493735991312,0.6895387954533009,-0.8440971064708349,-0.8907468224991199,-1.38899985641724,0.3094881272833033,-1.1371469844875939,0.8680450740069204,0.31800570721611476,1.5906405534687027,1.1817541090979442,0.3563132310552879,1.1312212119697826,1.2251224198170705,1.40196855596486,-0.2651997904042104
1.04344278518422,-1.428980200343039,0.2939542319188126,-0.9340868748300504,0.0521673090293781,1.4884194348566175,0.5341860785457769,0.29395385580394884,1.2651399966093333,-0.8556436460185445,1.1258320891195583,0.04005987226094523,-0.6162205683318063,0.2511537716003215,-0.25471713269682217,-0.9701528752489909,1.1312212119697826,-1.407742405578554,1.3457126074885652,-1.4995152167652686
-0.9583659154090078,-0.04498000630619821,-0.28101737085637096,-1.1164282254907176,-0.898610355208031,-0.6788409136236677,-0.6008706620561387,-1.483097161650654,-1.38899985641724,-1.4382095326694684,0.3715057312505076,-0.7392203176176196,0.9572131589067976,-1.7022644519577343,-1.0242552979440185,0.705383259030098,-0.23831326497200578,-0.6234847980138998,-1.5233407648024657,1.2539576574247844
-0.9583659154090078,-1.428980200343039,-0.8559889736315546,1.722626604295873,0.9126119706185118,-0.44154963459297975,0.939563485903604,0.8863041949554832,0.38042671226714214,-1.4382095326694684,-0.0056574476840177594,-0.78792532948503,-0.5178809603793936,-0.976709111779028,-0.20341458834700907,-1.179594892033877,0.902965465812818,0.04873600847008947,0.164337689486376,0.2570105822870066
1.04344278518422,-0.7369801033246186,0.2939542319188126,0.45717763071084205,-0.800977715982116,-1.295798239103457,0.45311059707421153,0.29395385580394884,1.2651399966093333,-0.2730777593676206,-1.5143101634221192,-0.10605516334128569,-1.1570884120700764,-0.02790597462225794,1.2843591977975704,1.2638953037897944,-1.3795919957568297,-1.1276504028768917,-1.073293176992108,0.9216419657121918
-0.9583659154090078,0.6470200907122222,1.4438974374691798,-0.9669083179489704,1.774881541352055,0.5946222838410249,-1.4927009582433581,-1.483097161650654,-1.38899985641724,0.3094881272833033,-1.1371469844875939,1.111570133343972,0.7113641390257658,-0.7534613148009643,0.41221594385074795,1.0544532870049084,0.10407035426344134,-0.5114479969332348,0.44561743186784963,0.30448425253166267
1.04344278518422,0.6470200907122222,1.4438974374691798,-1.2686832532923737,-0.2699291549589189,0.9901077488921718,-1.1683990323570965,-0.8907468224991199,1.2651399966093333,-1.4382095326694684,1.5029952680540837,1.3550951926810235,0.21966609926370204,1.3115808072461232,-0.9216502092443922,0.8450112702200222,-0.7518886938251765,1.0570672181960732,0.3893614833915549,1.1590103169354722
1.04344278518422,-1.428980200343039,-0.28101737085637096,-0.1427254129627534,-1.4871435542801312,0.8872815279788744,-0.6008706620561387,1.4786545341070174,-1.38899985641724,0.8920540139342272,0.7486689101850329,-1.713320554965826,0.4163453151685275,-1.3115808072461232,1.643477008246262,0.0770572086754397,-1.6078477419137944,-0.2313559942315727,-1.5795967132787605,1.2539576574247844
1.04344278518422,0.6470200907122222,-1.4309605764067381,0.9431173302215203,0.5731788697583237,0.9505592023870579,0.5341860785457769,1.4786545341070174,-1.38899985641724,0.8920540139342272,-0.3828206266185431,0.7706350502720998,-0.4195413524269808,0.6976493655564485,0.3609133995009349,0.3563132310552879,0.9600294023520591,1.281140820357403,0.051825792533786545,-1.4520415465206127
-0.9583659154090078,1.3390201877306425,0.8689258346939962,-1.5941625642216657,-0.9843810849952828,0.15167856298374063,-1.5737764397149236,-1.483097161650654,-1.38899985641724,0.8920540139342272,1.1258320891195583,1.403800204548434,-0.07535272459353622,1.3673927564906392,0.6174261212500003,-1.0399668808439528,0.6747097196558532,1.4491960219784004,-0.9607812800395186,-1.5469888870099247
1.04344278518422,-0.04498000630619821,-0.28101737085637096,0.10252370367584399,1.192735524285387,-1.6042769018433514,1.5881673376761272,-0.2983964833475855,-1.38899985641724,0.8920540139342272,-1.1371469844875939,-0.39828523454574755,-0.17369233254594896,-0.8092732640454803,-1.434675652742523,0.3563132310552879,1.3594769581267474,-1.0716320023365593,-1.5795967132787605,-0.644989152361459
-0.9583659154090078,1.3390201877306425,-1.4309605764067381,1.4728189538907592,-0.04272796647992111,0.7528164698614844,-0.0333422917551809,1.4786545341070174,1.2651399966093333,-1.4382095326694684,1.5029952680540837,0.6732250265372792,-0.6653903723080127,-1.0325210610235438,-0.1008094996473829,-0.9003388696540289,-0.23831326497200578,0.32882801117175164,1.0644328651070916,1.6337470193820331
1.04344278518422,-0.04498000630619821,0.2939542319188126,1.0671094486707742,1.3113546186720118,0.1358591443816951,0.1288086711879499,-0.8907468224991199,1.2651399966093333,1.474619900585151,-1.1371469844875939,-0.78792532948503,1.2522319827640358,0.920897162534512,-1.5885832857919624,1.3337093093847565,-1.3795919957568297,-1.183668803417224,1.1206888135833863,0.6842736144889113
-0.9583659154090078,-0.04498000630619821,-0.8559889736315546,-1.7208898029308295,-0.3064273378471104,-1.2246108553942507,0.3720351156026461,-0.2983964833475855,0.38042671226714214,-0.2730777593676206,-1.1371469844875939,1.6960302757528956,-1.2554280200224892,1.2557688580016073,-0.9729527535942053,1.3337093093847565,-0.5806968842074529,1.0570672181960732,-1.4670848163261712,-0.36014713089352257
-0.9583659154090078,-0.7369801033246186,-0.8559889736315546,-1.5285196779838255,1.8086423605236317,1.0138368767952415,0.6963370414889077,0.29395385580394884,0.38042671226714214,1.474619900585151,-1.5143101634221192,-1.1288604125569022,-1.5996166478559337,-0.5302135178229008,0.5148210325503741,-1.249408897628839,1.188285148509024,1.3931776214380678,-1.6358526617550553,1.3489049979140966
-0.9583659154090078,-1.428980200343039,-1.4309605764067381,-0.4025618376542039,-0.09291296795118655,1.0217465860962642,0.939563485903604,0.29395385580394884,-0.504286572075049,-0.8556436460185445,-1.1371469844875939,-1.1288604125569022,-1.5996166478559337,-1.1999569087570914,0.6174261212500003,1.4035233149797184,0.5035179100381296,1.0010488176557408,-0.34196584680027653,1.4913260086480649
1.04344278518422,-0.7369801033246186,-1.4309605764067381,-0.5174368885704248,-0.21335697148222046,-0.35454283228172717,-0.4387196991130079,0.8863041949554832,0.38042671226714214,1.474619900585151,0.3715057312505076,0.08876488412835554,1.3014017867402423,0.30696572084483736,-0.20341458834700907,0.007243203080477669,1.530668767744471,-0.7355215990945646,1.0644328651070916,1.6337470193820331
-0.9583659154090078,0.6470200907122222,-1.4309605764067381,-1.1784242847153439,1.7100972667255128,-1.0031389949656082,-0.6008706620561387,-1.483097161650654,-1.38899985641724,0.3094881272833033,-0.0056574476840177594,-0.49569525828056815,0.9572131589067976,-0.4185896193338691,-1.5372807414421492,-1.5286649200086873,0.3323261004204061,0.32882801117175164,0.44561743186784963,1.3489049979140966
-0.9583659154090078,-1.428980200343039,1.4438974374691798,-1.3325027260236075,0.12242631108914918,-0.26753602997047526,-1.4116254767717928,0.8863041949554832,-1.38899985641724,1.474619900585151,0.3715057312505076,0.9654550977417411,-1.2554280200224892,-0.920897162534512,-0.1008094996473829,-0.13238480810944642,-0.9801444399821413,0.6649384144137462,-0.6232455891817502,1.016589306201504
-0.9583659154090078,1.3390201877306425,0.8689258346939962,0.6158146057856222,1.1662743416914483,0.5155251908307957,-1.4116254767717928,0.8863041949554832,-0.504286572075049,-1.4382095326694684,-0.0056574476840177594,-0.8366303413524403,0.9572131589067976,1.6464525027132184,-1.1781629309934576,1.0544532870049084,-0.7518886938251765,-1.1276504028768917,-1.1295491254684027,0.06711590130838221
-0.9583659154090078,-0.7369801033246186,-0.28101737085637096,-0.46273448337222506,0.4627718665215413,0.44433780712158943,-0.1144177732267463,-0.2983964833475855,-1.38899985641724,-0.8556436460185445,-1.5143101634221192,-1.4697954956287742,0.17049629528749566,-0.7534613148009643,-0.15211204399719597,0.9846392814099463,0.6747097196558532,-1.407742405578554,0.7268971742493232,1.3489049979140966
1.04344278518422,-0.7369801033246186,0.2939542319188126,-0.6468992475394988,0.9427229715012703,-1.3432564949095944,-0.9251725879424003,-0.2983964833475855,-1.38899985641724,0.3094881272833033,-0.7599838055530684,0.8193400621395102,-0.5178809603793936,0.6418374163119326,-0.767742576194953,-0.8305248640590668,0.04700641772420015,-0.9035768007155619,-0.34196584680027653,-1.4520415465206127
1.04344278518422,0.6470200907122222,-0.8559889736315546,1.608663260132956,1.3095297095276024,-1.0980555065778836,0.939563485903604,-0.2983964833475855,-1.38899985641724,0.8920540139342272,-0.0056574476840177594,1.452505216415844,-0.9604091961652509,0.8650852132899961,1.3869642864971965,0.7751972646250601,-1.151336249599865,1.2251224198170705,1.626992349870039,0.9691156359568479
-0.9583659154090078,-1.428980200343039,1.4438974374691798,1.3634141434943585,1.4454854407861195,-0.3940913787868417,-1.5737764397149236,-0.8907468224991199,-1.38899985641724,-1.4382095326694684,1.5029952680540837,-0.154760175208696,-0.46871115640318717,0.6976493655564485,-0.9216502092443922,-1.109780886438915,-1.0942723130606236,1.0570672181960732,0.3331055349152602,-1.5944625572545807
-0.9583659154090078,-1.428980200343039,-1.4309605764067381,0.4507956834377193,-0.893135627774802,0.0013940862643052052,0.8584880044320385,0.8863041949554832,-1.38899985641724,0.8920540139342272,0.3715057312505076,-0.10605516334128569,-0.37037154845077447,-1.3115808072461232,0.9765439316986919,-0.9003388696540289,1.530668767744471,1.3931776214380678,1.6832482983463335,0.494378933510287
-0.9583659154090078,0.6470200907122222,0.2939542319188126,-0.13543175893632686,-1.373999187326735,-1.4302632972208469,-0.9251725879424003,-1.483097161650654,-1.38899985641724,0.3094881272833033,1.5029952680540837,0.13746989599576584,-0.7637299802604254,0.08371792386677382,-0.6651374874953269,-1.4588509144137252,-0.9230805034429,0.04873600847008947,-0.9045253315632238,-0.12277877967024213
-0.9583659154090078,1.3390201877306425,-1.4309605764067381,-1.1282804132836606,0.48923304911548127,0.7132679233563692,1.1827899303183,-0.2983964833475855,-1.38899985641724,-1.4382095326694684,0.7486689101850329,0.08876488412835554,1.3505715907164486,0.5302135178229008,-0.4086247657462614,1.6129653317646047,-0.1812493284327646,-1.6318160077398836,1.1769447620596811,-1.6419362274992368
1.04344278518422,0.6470200907122222,1.4438974374691798,-1.6452181424066528,0.8277536954034641,0.07258146997351153,1.1017144488467348,0.29395385580394884,-0.504286572075049,0.8920540139342272,-1.5143101634221192,0.3322899434654071,-1.7962958637607593,-0.36277767008935324,-0.0495069552975698,0.7751972646250601,-1.151336249599865,1.4491960219784004,0.3893614833915549,1.3014313276694405
1.04344278518422,-0.7369801033246186,0.8689258346939962,-1.6698342247458424,-1.5519278289066727,-1.3353467856085717,-1.5737764397149236,-0.2983964833475855,-1.38899985641724,-0.2730777593676206,-0.7599838055530684,-0.154760175208696,0.21966609926370204,-1.0325210610235438,-1.5372807414421492,-1.179594892033877,0.16113429080268254,0.5529016133330814,0.051825792533786545,-0.5025681416274909
-0.9583659154090078,-0.04498000630619821,-0.8559889736315546,-0.2585121706322768,1.2949304363723257,1.290676702331044,1.1017144488467348,-0.8907468224991199,1.2651399966093333,0.8920540139342272,1.1258320891195583,-0.8853353532198506,1.6455904145736868,-0.02790597462225794,0.8739388429990658,0.2166852198653638,1.0741572754305415,1.1691040192767381,-1.3545729193735816,0.7792209549782235
1.04344278518422,-0.7369801033246186,0.2939542319188126,-1.1255452930237506,-0.7371058959277793,1.108753388407516,-0.5197951805845733,0.29395385580394884,-0.504286572075049,-1.4382095326694684,-1.1371469844875939,-0.057350151473875385,1.1047225708354167,1.0883330102680597,1.643477008246262,-1.249408897628839,-0.40950507458972935,0.49688321279274894,1.0081769166307968,0.6367999442442552
1.04344278518422,-0.04498000630619821,-0.28101737085637096,-1.139220894323301,-1.557402556339901,-0.22007777416433727,-1.249474513828662,-0.2983964833475855,-1.38899985641724,-0.8556436460185445,1.5029952680540837,0.28358493159799675,-0.9112393921890445,-0.19534182235580558,1.643477008246262,0.49594124224521197,-1.4366559322960708,1.0010488176557408,-0.06068610441880291,1.6337470193820331
1.04344278518422,-1.428980200343039,0.8689258346939962,0.8373593468383337,-0.5162918894542158,1.1641213535146768,-1.0873235508855312,-0.8907468224991199,1.2651399966093333,-1.4382095326694684,-0.7599838055530684,-1.6159105312310051,1.4980810026450677,-0.920897162534512,1.4895693751968229,-0.41164083048929456,-1.493719868835312,1.0010488176557408,0.22059363796267073,-1.0247785143187078
1.04344278518422,-1.428980200343039,-1.4309605764067381,-0.36427015401546486,0.6261012349462023,-1.090145797276861,1.5070918562045617,-0.2983964833475855,-0.504286572075049,1.474619900585151,1.1258320891195583,0.4296999672002277,0.12132649131128928,0.36277767008935324,0.5148210325503741,0.8450112702200222,0.16113429080268254,-1.4637608061188863,-1.4108288678498764,0.30448425253166267
-0.9583659154090078,1.3390201877306425,-1.4309605764067381,-1.0380214447066307,-0.9214217195131512,-1.7071031227566495,0.2909596341310807,-0.8907468224991199,-1.38899985641724,-0.8556436460185445,0.7486689101850329,-0.154760175208696,-0.32120174447456806,1.1441449595125757,1.2330566534477574,1.3337093093847565,0.5605818465773709,1.3931776214380678,-1.2983169708972868,-1.0247785143187078
1.04344278518422,-0.7369801033246186,-1.4309605764067381,-0.7736264862486626,0.6443503263902988,0.4126989699174983,0.3720351156026461,0.29395385580394884,1.2651399966093333,-0.2730777593676206,-0.0056574476840177594,1.5499152401506648,1.547250806621274,-1.1999569087570914,1.027846476048505,1.3337093093847565,1.530668767744471,-0.8475584001752294,0.051825792533786545,0.6842736144889113
-0.9583659154090078,0.6470200907122222,-0.8559889736315546,-1.259566185759341,1.377963802442963,-1.4223535879198241,-0.6819461435277041,-0.8907468224991199,-0.504286572075049,-1.4382095326694684,-0.0056574476840177594,0.624520014669869,1.3014017867402423,0.8092732640454803,-0.5112298544458875,1.5431513261696426,-0.9801444399821413,0.5529016133330814,1.5707364013937442,-0.40762080113817867
-0.9583659154090078,0.6470200907122222,1.4438974374691798,-1.4838460470719619,-0.8210517165706217,-0.7974865531390121,0.2098841526595153,-0.8907468224991199,1.2651399966093333,-0.8556436460185445,1.1258320891195583,-1.2262704362917227,1.2522319827640358,0.08371792386677382,-0.9729527535942053,0.8450112702200222,-1.0372083765213824,-0.11931919315090783,0.8956650196782074,0.01964223106372613
-0.9583659154090078,-0.04498000630619821,-1.4309605764067381,-0.7873020875482132,1.0503926110214368,0.08049117927453431,-0.8440971064708349,-0.2983964833475855,0.38042671226714214,0.8920540139342272,-0.3828206266185431,0.5758150028024586,-0.12452252856974258,0.7534613148009643,0.8226362986492527,1.0544532870049084,-0.46656901112897053,-1.2396872039575566,-0.6795015376580449,-1.6419362274992368
-0.9583659154090078,1.3390201877306425,1.4438974374691798,-1.0289043771735966,-1.5446281923290344,0.460157225723635,0.5341860785457769,1.4786545341070174,0.38042671226714214,-1.4382095326694684,1.5029952680540837,-0.30087521081092694,-1.7962958637607593,-0.8650852132899961,1.592174463896449,1.1242672925998702,-0.9801444399821413,-0.06330079261057539,-0.34196584680027653,0.8266946252228796
-0.9583659154090078,-0.04498000630619821,-0.8559889736315546,-0.28951020024459057,-1.3630497324602775,-1.0664166693737918,0.1288086711879499,-1.483097161650654,0.38042671226714214,1.474619900585151,1.1258320891195583,1.5012102282832545,-1.4029374319511083,0.4185896193338691,-0.1008094996473829,0.0770572086754397,-1.550783805374553,-1.3517240050382213,-0.6795015376580449,0.6842736144889113
-0.9583659154090078,-1.428980200343039,-0.28101737085637096,1.425410202718986,0.012019307852366797,0.6499902489481857,-0.3576442176414425,1.4786545341070174,-1.38899985641724,-1.4382095326694684,1.5029952680540837,1.5012102282832545,0.613024531073353,0.19534182235580558,-1.5372807414421492,-1.389036908818763,-0.6377608207466942,1.1130856187364058,-0.7920134346106343,1.6337470193820331
1.04344278518422,-1.428980200343039,-1.4309605764067381,-0.9295283410635327,1.1361633408086897,-0.19634864626126824,-0.6819461435277041,-0.2983964833475855,0.38042671226714214,-0.8556436460185445,0.3715057312505076,0.5271099909350483,0.022986883358876536,-0.7534613148009643,-0.5625323987957006,-1.6682929311986112,1.7018605773621946,0.6649384144137462,-0.22945394984768708,1.3963786681587527
-0.9583659154090078,1.3390201877306425,0.2939542319188126,1.1619269510143218,-0.5756014366475288,1.6149747836729846,-0.8440971064708349,-0.8907468224991199,1.2651399966093333,1.474619900585151,-0.7599838055530684,-1.4697954956287742,0.12132649131128928,-1.5906405534687027,-0.25471713269682217,1.3337093093847565,0.7888375927343356,-1.5197792066592186,-1.1858050739446975,0.8266946252228796
-0.9583659154090078,-0.04498000630619821,-0.8559889736315546,1.4746423673973656,1.3250414372550843,1.3144058302341124,1.5070918562045617,-0.2983964833475855,-0.504286572075049,1.474619900585151,-1.1371469844875939,0.6732250265372792,-1.3537676279749018,1.5906405534687027,0.8739388429990658,-0.41164083048929456,-0.5236329476682118,-0.9035768007155619,0.5018733803441443,1.538799678892721
-0.9583659154090078,0.6470200907122222,0.2939542319188126,0.2730128665435684,1.7192218124475616,0.6104417024430718,1.5070918562045617,-1.483097161650654,-0.504286572075049,-0.8556436460185445,-1.5143101634221192,-0.5931052820153888,-1.2062582160462827,-0.36277767008935324,1.4895693751968229,-0.3418268248943325,0.8459015292735768,1.0010488176557408,1.0081769166307968,-0.9298311738293956
1.04344278518422,-0.04498000630619821,-1.4309605764067381,0.39609327823951834,1.0604296113156897,-1.0268681228686773,1.1017144488467348,-0.2983964833475855,-0.504286572075049,-0.8556436460185445,-0.7599838055530684,0.9167500858743307,-0.7145601762842191,-1.0883330102680597,-1.0242552979440185,0.14687121427040176,1.0741572754305415,0.49688321279274894,-0.9607812800395186,1.2539576574247844
1.04344278518422,-0.7369801033246186,0.8689258346939962,0.7270428296886292,-0.3073397924193157,0.3177824583052223,-0.5197951805845733,0.8863041949554832,1.2651399966093333,-0.2730777593676206,1.5029952680540837,0.9167500858743307,-1.64878645183214,-0.4185896193338691,0.20700576645149563,1.0544532870049084,-1.6078477419137944,0.49688321279274894,0.3331055349152602,-1.6419362274992368
-0.9583659154090078,1.3390201877306425,0.8689258346939962,1.0880787039967512,-0.7845535336824302,-1.6833739948535813,1.0206389673751692,-0.2983964833475855,-0.504286572075049,1.474619900585151,-0.0056574476840177594,0.4296999672002277,-0.32120174447456806,-1.3673927564906392,-1.332070564042897,0.0770572086754397,0.8459015292735768,-1.5197792066592186,0.22059363796267073,-1.0247785143187078
1.04344278518422,1.3390201877306425,0.2939542319188126,0.7379833107282696,-0.8055399888431398,1.4409611790504795,-0.1144177732267463,0.29395385580394884,-0.504286572075049,1.474619900585151,-1.5143101634221192,-0.5444002701479784,-0.32120174447456806,1.1999569087570914,-1.38337310839271,1.6129653317646047,0.5605818465773709,0.7209568149540787,-1.4670848163261712,-0.07530510942558605
1.04344278518422,-1.428980200343039,-0.28101737085637096,-1.097282383671347,0.18629813114348465,-0.33081370437865887,-0.8440971064708349,-0.8907468224991199,0.38042671226714214,-1.4382095326694684,-1.5143101634221192,-0.49569525828056815,-1.5996166478559337,-0.5860254670674168,-1.38337310839271,0.14687121427040176,0.7317736561950944,0.38484641171208406,0.6706412257730285,0.6367999442442552
-0.9583659154090078,-0.04498000630619821,1.4438974374691798,-1.004288294834407,-1.4168845522203608,1.4409611790504795,-1.4927009582433581,0.8863041949554832,0.38042671226714214,-0.2730777593676206,0.7486689101850329,-1.0801554006894918,0.2688359032399084,-1.3673927564906392,0.8739388429990658,-1.389036908818763,-1.208400186139106,1.6172512235993977,0.5018733803441443,-1.4995152167652686
1.04344278518422,0.6470200907122222,-0.8559889736315546,-0.07070057945179052,0.5896030520580096,-1.5568186460372142,-0.19549325469831172,-0.8907468224991199,1.2651399966093333,-1.4382095326694684,-0.0056574476840177594,-0.78792532948503,0.3671755111923211,1.423204705735155,1.643477008246262,-0.6908968528691427,-1.0942723130606236,-0.6234847980138998,-1.4108288678498764,0.9216419657121918
1.04344278518422,1.3390201877306425,-0.8559889736315546,-0.0032342797073427704,-0.9478829021070899,-1.4460827158228926,1.0206389673751692,0.29395385580394884,0.38042671226714214,-1.4382095326694684,-0.7599838055530684,1.111570133343972,-0.6162205683318063,-1.6464525027132184,-1.38337310839271,-0.5512688416792186,0.4464539734988885,-1.5197792066592186,0.22059363796267073,1.06406297644616
-0.9583659154090078,-0.7369801033246186,0.2939542319188126,-0.5785212410417485,0.6817609638506955,-1.011048704266631,-1.654851921186489,0.29395385580394884,0.38042671226714214,-0.8556436460185445,-0.0056574476840177594,-0.5931052820153888,-0.46871115640318717,1.6464525027132184,0.053098133402056366,-0.9003388696540289,0.7888375927343356,1.3371592208977354,0.10808174101008128,-0.8823575035847395
1.04344278518422,-0.7369801033246186,1.4438974374691798,0.442590322657989,0.04669258159614905,-0.5997438206134387,0.45311059707421153,-0.2983964833475855,-1.38899985641724,-1.4382095326694684,1.1258320891195583,1.3063901808136131,-0.2720319404983617,-1.0883330102680597,0.8226362986492527,-1.7381069367935733,0.21819822734192373,0.4408648122524165,-1.5233407648024657,-1.6419362274992368
-0.9583659154090078,-0.7369801033246186,0.2939542319188126,0.7507472052745163,-0.9542700841125242,0.5234349001318185,1.1017144488467348,0.8863041949554832,0.38042671226714214,-1.4382095326694684,-1.1371469844875939,-0.78792532948503,0.46551511914473387,1.5906405534687027,-0.5112298544458875,0.28649922546032586,1.6447966408229535,-0.7355215990945646,-0.06068610441880291,-0.5025681416274909
-0.9583659154090078,-1.428980200343039,-0.28101737085637096,-1.0352863244467208,-0.5518776177702033,-1.1613331809860672,0.6152615600173423,-0.2983964833475855,1.2651399966093333,-0.2730777593676206,-1.5143101634221192,-1.274975448159133,-1.4029374319511083,0.30696572084483736,0.6174261212500003,0.28649922546032586,-1.493719868835312,-0.9595952012558944,1.7395042468226283,1.538799678892721
-0.9583659154090078,0.6470200907122222,-0.8559889736315546,-0.47276325765856175,1.1243014313700264,-0.8291253903431038,0.939563485903604,-0.2983964833475855,-0.504286572075049,1.474619900585151,-1.5143101634221192,1.5499152401506648,-1.10791860809387,-1.3673927564906392,0.4635184882005611,1.7525933429545286,-0.9801444399821413,0.16077280955075435,-1.2420610224209923,0.6842736144889113
1.04344278518422,-0.7369801033246186,1.4438974374691798,1.0661977419174715,-1.0391283593275706,-1.2878885298024343,-1.0873235508855312,1.4786545341070174,1.2651399966093333,-0.2730777593676206,-1.5143101634221192,-1.274975448159133,0.21966609926370204,-0.7534613148009643,0.7200312099496264,-0.9701528752489909,0.8459015292735768,-0.2313559942315727,-0.2857098983239818,1.6337470193820331
-0.9583659154090078,-1.428980200343039,0.2939542319188126,-1.7373005244902897,-1.5564901017676964,-1.3195273670065262,-0.7630216249992695,-0.2983964833475855,-1.38899985641724,0.3094881272833033,1.1258320891195583,-0.5444002701479784,0.8097037469781785,-0.30696572084483736,0.3096108551511218,1.0544532870049084,-0.35244113805048816,-0.9035768007155619,-1.3545729193735816,-0.12277877967024213
1.04344278518422,-0.7369801033246186,1.4438974374691798,-0.9887892800282501,1.6115521729273938,-1.3986244600167552,0.2909596341310807,-0.8907468224991199,0.38042671226714214,0.3094881272833033,-0.7599838055530684,-0.8853353532198506,1.3014017867402423,-0.7534613148009643,1.079149020398318,1.0544532870049084,-0.1812493284327646,-1.4637608061188863,1.5144804529174494,-1.689409897743893
-0.9583659154090078,0.6470200907122222,0.8689258346939962,-1.340708086803338,-1.4825812814191068,-0.5522855648073006,0.2098841526595153,0.8863041949554832,0.38042671226714214,0.3094881272833033,0.3715057312505076,0.7219300384046895,-0.6653903723080127,0.6418374163119326,0.7200312099496264,0.565755247840174,1.188285148509024,-1.4637608061188863,0.051825792533786545,-0.8823575035847395
1.04344278518422,-1.428980200343039,0.8689258346939962,0.6012272977327691,1.5787038083280207,0.6025319931420476,-1.3305499953002273,-0.8907468224991199,0.38042671226714214,0.3094881272833033,1.1258320891195583,1.452505216415844,1.2522319827640358,-0.8092732640454803,0.2583083108013087,-1.4588509144137252,1.188285148509024,0.32882801117175164,-0.5669896407054554,0.7792209549782235
1.04344278518422,-0.04498000630619821,0.8689258346939962,0.6139911922790159,-1.1513602717087623,1.6782524580811682,-1.654851921186489,1.4786545341070174,1.2651399966093333,-1.4382095326694684,1.1258320891195583,0.18617490786317614,-1.2062582160462827,1.5906405534687027,1.643477008246262,1.4035233149797184,-1.2654641226783472,1.3371592208977354,1.0644328651070916,-0.45509447138283476
1.04344278518422,-1.428980200343039,0.2939542319188126,-0.09622836854428275,0.7200840558832976,-1.667554576251535,-1.4927009582433581,-0.2983964833475855,0.38042671226714214,-0.2730777593676206,1.5029952680540837,-0.008645139606465081,-0.9604091961652509,-0.6976493655564485,-1.1268603866436446,1.1242672925998702,-1.6078477419137944,-0.06330079261057539,-0.454477743752866,0.7317472847335674
1.04344278518422,-1.428980200343039,-0.28101737085637096,-1.0909004363982242,-1.3420632772995666,1.6703427487801454,0.8584880044320385,-1.483097161650654,1.2651399966093333,-0.2730777593676206,-1.5143101634221192,0.23487991973058645,-0.9112393921890445,1.2557688580016073,-0.30601967704663524,0.49594124224521197,-0.010057518815041033,-0.007282392070242962,-0.6232455891817502,1.4438523384034088
-0.9583659154090078,0.6470200907122222,-1.4309605764067381,1.151898176727985,0.18173585828246086,-1.2641594018993654,-1.0062480694139657,0.8863041949554832,1.2651399966093333,0.3094881272833033,1.5029952680540837,0.9167500858743307,-0.07535272459353622,-1.1999569087570914,-0.25471713269682217,-0.13238480810944642,-1.2654641226783472,0.7209568149540787,-0.17319800137139235,-0.9773048440740517
-0.9583659154090078,-0.7369801033246186,-0.8559889736315546,-0.03423230931965653,-0.012616965597162633,-1.6754642855525577,-1.0062480694139657,-1.483097161650654,0.38042671226714214,0.8920540139342272,1.1258320891195583,0.13746989599576584,0.6621943350495594,-0.8650852132899961,-1.0242552979440185,-0.7607108584641048,0.9600294023520591,0.32882801117175164,0.8956650196782074,1.3014313276694405
-0.9583659154090078,-0.7369801033246186,-0.8559889736315546,0.22651582212509774,0.4965326856931196,1.1720310628156996,0.8584880044320385,0.8863041949554832,0.38042671226714214,-0.2730777593676206,0.3715057312505076,0.8193400621395102,1.3014017867402423,-0.02790597462225794,-1.280768019693084,-1.109780886438915,0.04700641772420015,-0.5114479969332348,1.6832482983463335,-0.2651997904042104
1.04344278518422,-0.7369801033246186,0.8689258346939962,-0.9030888452177366,1.6389258100935378,-0.6788409136236677,0.6963370414889077,0.8863041949554832,1.2651399966093333,0.3094881272833033,-0.7599838055530684,-0.4469902464131578,-1.0095790001414573,1.5348286042241868,-1.38337310839271,-1.179594892033877,-0.5236329476682118,-0.39941119585257,0.5581293288204391,1.4438523384034088
1.04344278518422,-0.7369801033246186,-0.28101737085637096,0.9376470897017002,-1.398635460776265,-0.5522855648073006,0.1288086711879499,0.29395385580394884,1.2651399966093333,0.8920540139342272,1.5029952680540837,-0.057350151473875385,1.4489111986688614,1.6464525027132184,-0.5625323987957006,0.3563132310552879,1.0170933388913004,-0.5114479969332348,-0.34196584680027653,-0.8348838333400834
-0.9583659154090078,1.3390201877306425,1.4438974374691798,-0.3660935675220712,1.721046721591971,1.6782524580811682,-1.4116254767717928,-0.8907468224991199,-0.504286572075049,1.474619900585151,-1.5143101634221192,-1.3236804600265433,-0.12452252856974258,1.5348286042241868,-0.9729527535942053,0.565755247840174,0.2752621638811649,-1.5197792066592186,-1.6358526617550553,0.8266946252228796
-0.9583659154090078,1.3390201877306425,-1.4309605764067381,1.4144697216793456,1.0576922475990764,-0.8765836461492412,0.6152615600173423,0.29395385580394884,-0.504286572075049,-0.2730777593676206,-0.0056574476840177594,1.3063901808136131,0.8097037469781785,-1.6464525027132184,0.5148210325503741,-1.6682929311986112,-1.6078477419137944,-1.407742405578554,0.27684958643896546,-0.3126734606488665
1.04344278518422,-0.04498000630619821,1.4438974374691798,-0.4536174158391909,0.7584071479158996,-1.3116176577055025,0.8584880044320385,-0.8907468224991199,0.38042671226714214,0.3094881272833033,0.7486689101850329,-1.6646155430984155,-0.02618292061732984,1.6464525027132184,1.4895693751968229,-1.4588509144137252,-0.40950507458972935,0.9450304171154084,1.5144804529174494,-0.7874101630954273
1.04344278518422,1.3390201877306425,-0.28101737085637096,1.2066005819261847,-1.363962187032482,1.108753388407516,-1.0062480694139657,0.29395385580394884,-1.38899985641724,-1.4382095326694684,0.7486689101850329,-1.4697954956287742,0.0721566873350829,-0.7534613148009643,-0.45992731009607446,1.0544532870049084,0.8459015292735768,0.1047544090104219,1.5707364013937442,0.7792209549782235
-0.9583659154090078,-1.428980200343039,1.4438974374691798,-0.2749228921917375,0.2246212231760867,-0.694660332225714,-1.654851921186489,0.8863041949554832,-0.504286572075049,0.8920540139342272,0.7486689101850329,1.257685168946203,-0.6653903723080127,-1.3673927564906392,1.2330566534477574,0.42612723665024993,1.188285148509024,-0.6795031985542321,-1.1295491254684027,0.4469052632656309
1.04344278518422,1.3390201877306425,0.2939542319188126,1.6670124923443697,0.4071121376170481,0.3019630397031768,1.0206389673751692,0.29395385580394884,1.2651399966093333,0.3094881272833033,-0.7599838055530684,-1.1775654244243126,-1.2062582160462827,0.6418374163119326,-1.1268603866436446,-1.5286649200086873,-1.3795919957568297,-1.5197792066592186,0.051825792533786545,-0.36014713089352257
-0.9583659154090078,0.6470200907122222,-0.8559889736315546,-0.8283288914468623,-0.8301762622926705,-0.1014321346489936,1.5070918562045617,1.4786545341070174,-0.504286572075049,0.3094881272833033,-0.0056574476840177594,0.8680450740069204,0.12132649131128928,-1.5348286042241868,-0.7164400318451399,-1.5286649200086873,1.2453490850482651,-0.34339279531223754,-1.1858050739446975,-1.2146731952973322
-0.9583659154090078,1.3390201877306425,0.2939542319188126,-0.22933755452657065,1.0604296113156897,0.8635524000758047,-1.4927009582433581,0.8863041949554832,1.2651399966093333,0.8920540139342272,0.3715057312505076,-0.3495802226783372,0.9572131589067976,1.3673927564906392,-0.20341458834700907,0.007243203080477669,0.9600294023520591,0.889012016575076,1.5707364013937442,-1.4995152167652686
-0.9583659154090078,-0.04498000630619821,-0.28101737085637096,-0.9623497841824526,-0.15769724257772727,-0.48109818109809427,-0.3576442176414425,0.8863041949554832,-0.504286572075049,0.3094881272833033,1.1258320891195583,-0.3495802226783372,-0.8620695882128382,-1.7022644519577343,-0.9216502092443922,0.28649922546032586,1.188285148509024,-1.2396872039575566,-0.454477743752866,1.3489049979140966
1.04344278518422,-1.428980200343039,-1.4309605764067381,-0.8976186046979163,0.9463727897900888,0.9505592023870579,-0.0333422917551809,1.4786545341070174,1.2651399966093333,-0.2730777593676206,-0.7599838055530684,-1.6159105312310051,1.3505715907164486,0.5302135178229008,0.8739388429990658,-0.13238480810944642,-1.6649116784530356,-0.5674663974735673,1.626992349870039,-1.4995152167652686
-0.9583659154090078,0.6470200907122222,1.4438974374691798,-0.22660243426666055,-0.38581088562892907,-0.29126515787354357,1.4260163747329964,-1.483097161650654,0.38042671226714214,0.8920540139342272,-1.1371469844875939,1.5499152401506648,-0.46871115640318717,-1.0883330102680597,0.10440067775186945,0.14687121427040176,-1.2654641226783472,-0.11931919315090783,-0.9607812800395186,-0.07530510942558605
-0.9583659154090078,0.6470200907122222,0.2939542319188126,-1.565899654869262,-0.9907682670007157,1.3144058302341124,-0.6008706620561387,0.29395385580394884,1.2651399966093333,-0.8556436460185445,0.7486689101850329,0.08876488412835554,-0.7637299802604254,-0.30696572084483736,1.592174463896449,-0.3418268248943325,0.3323261004204061,1.5052144225187327,1.0644328651070916,0.6367999442442552
1.04344278518422,-0.7369801033246186,-1.4309605764067381,-1.564987948115959,0.16713658512718427,-1.3669856228126633,0.5341860785457769,0.8863041949554832,0.38042671226714214,1.474619900585151,0.7486689101850329,1.452505216415844,-0.37037154845077447,-0.30696572084483736,-0.15211204399719597,1.0544532870049084,0.7888375927343356,0.5529016133330814,1.3457126074885652,1.3014313276694405
1.04344278518422,-0.04498000630619821,0.2939542319188126,-0.7253060283235857,0.06950394590126922,-0.006515623036718267,1.5881673376761272,0.8863041949554832,-1.38899985641724,0.3094881272833033,-0.7599838055530684,-1.1288604125569022,-1.5996166478559337,-0.5860254670674168,-0.4086247657462614,-1.3192229032238012,1.2453490850482651,0.1047544090104219,0.8394090712019127,1.016589306201504
1.04344278518422,-1.428980200343039,0.8689258346939962,-0.19286928439443665,0.12790103852237694,-0.8528545182461722,-0.3576442176414425,1.4786545341070174,-1.38899985641724,-0.2730777593676206,-0.0056574476840177594,0.9654550977417411,-0.02618292061732984,0.02790597462225794,1.027846476048505,1.7525933429545286,0.10407035426344134,1.1691040192767381,-0.11694205289509763,1.2064839871801283
-0.9583659154090078,0.6470200907122222,0.8689258346939962,0.1043471171824503,-1.2672420023787725,0.7607261791625073,-0.3576442176414425,-1.483097161650654,-0.504286572075049,-0.8556436460185445,-0.0056574476840177594,0.23487991973058645,-0.12452252856974258,-1.3673927564906392,0.2583083108013087,-1.179594892033877,-0.9230805034429,-1.2396872039575566,-1.073293176992108,-0.2177261201595543
1.04344278518422,0.6470200907122222,-1.4309605764067381,1.6223388614325065,-1.11668699796498,1.5754262371678693,-1.654851921186489,-0.2983964833475855,1.2651399966093333,0.8920540139342272,-1.5143101634221192,0.28358493159799675,-0.2720319404983617,-1.423204705735155,1.2843591977975704,-1.0399668808439528,-1.2654641226783472,0.04873600847008947,-1.1295491254684027,0.9691156359568479
-0.9583659154090078,0.6470200907122222,-0.28101737085637096,-1.6780395855255728,0.20819704087640084,1.2194893186218376,-1.249474513828662,0.29395385580394884,-1.38899985641724,-0.8556436460185445,1.5029952680540837,1.452505216415844,0.12132649131128928,0.920897162534512,-0.9216502092443922,1.1940812981948323,0.16113429080268254,0.7209568149540787,-0.9045253315632238,0.8266946252228796
-0.9583659154090078,1.3390201877306425,-1.4309605764067381,1.6214271546792027,1.74933281333032,-0.22007777416433727,-1.1683990323570965,-0.8907468224991199,0.38042671226714214,1.474619900585151,0.7486689101850329,0.18617490786317614,0.5638547270971467,-0.5860254670674168,-1.38337310839271,-1.5286649200086873,0.9600294023520591,-1.1276504028768917,0.9519209681545021,-0.12277877967024213
1.04344278518422,-0.7369801033246186,-1.4309605764067381,1.2521859195913516,-1.0893133607988348,-1.2167011460932273,0.1288086711879499,-1.483097161650654,-1.38899985641724,0.8920540139342272,-1.1371469844875939,-0.30087521081092694,1.3505715907164486,-0.920897162534512,1.592174463896449,-1.7381069367935733,-0.6948247572859353,0.6089200138734138,-0.9045253315632238,-1.4995152167652686
1.04344278518422,-0.7369801033246186,0.2939542319188126,-0.06340692542536269,0.9199116071961502,-1.5489089367361906,0.6963370414889077,-0.8907468224991199,0.38042671226714214,-0.8556436460185445,-0.7599838055530684,1.257685168946203,-0.4195413524269808,1.6464525027132184,-1.38337310839271,0.0770572086754397,0.04700641772420015,1.1130856187364058,0.3331055349152602,-1.4045678762759566
1.04344278518422,1.3390201877306425,0.2939542319188126,0.5319375844817164,0.559492051175251,-0.908222483353333,0.2909596341310807,1.4786545341070174,-0.504286572075049,-0.2730777593676206,0.3715057312505076,-0.78792532948503,0.21966609926370204,-0.920897162534512,1.4382668308470097,0.42612723665024993,-1.3795919957568297,-0.17533759369124027,0.44561743186784963,-1.11972585480802
-0.9583659154090078,1.3390201877306425,0.2939542319188126,-0.9541444234027237,-0.2644544275256899,1.1720310628156996,1.4260163747329964,-0.2983964833475855,1.2651399966093333,0.8920540139342272,-0.7599838055530684,-0.8366303413524403,-0.8620695882128382,-1.0883330102680597,0.41221594385074795,0.9148252758149842,-0.06712145535428223,-1.183668803417224,1.40196855596486,0.541852603754943
1.04344278518422,-0.04498000630619821,-0.28101737085637096,-0.46273448337222506,-0.10659978653425786,-0.12516126255206192,-1.4927009582433581,0.29395385580394884,0.38042671226714214,-0.8556436460185445,1.1258320891195583,1.0628651214765616,0.5638547270971467,0.08371792386677382,1.4382668308470097,0.9846392814099463,0.4464539734988885,1.281140820357403,-0.22945394984768708,1.3489049979140966
1.04344278518422,-0.7369801033246186,-1.4309605764067381,1.4536731120713897,-0.3620870667516036,-0.14889039045513092,-1.4927009582433581,0.29395385580394884,1.2651399966093333,-1.4382095326694684,-1.1371469844875939,-1.6159105312310051,-1.4029374319511083,-1.423204705735155,-0.20341458834700907,-1.5286649200086873,0.6747097196558532,0.38484641171208406,-0.9045253315632238,1.2539576574247844
-0.9583659154090078,-0.7369801033246186,-1.4309605764067381,1.65060177078491,0.1069145833616673,-1.1850623088891354,1.3449408932614308,0.8863041949554832,0.38042671226714214,-1.4382095326694684,-0.3828206266185431,0.3322899434654071,0.2688359032399084,-0.4185896193338691,-0.8190451205447661,-0.9003388696540289,1.3594769581267474,-0.9035768007155619,0.8956650196782074,-1.6419362274992368
-0.9583659154090078,-0.04498000630619821,-1.4309605764067381,-1.1100462782175937,-1.2316562740627848,0.3256921676062451,1.3449408932614308,0.8863041949554832,1.2651399966093333,-0.8556436460185445,1.5029952680540837,-0.8366303413524403,0.21966609926370204,1.3115808072461232,-0.4086247657462614,-1.4588509144137252,-0.23831326497200578,-0.5114479969332348,0.22059363796267073,-0.5025681416274909
-0.9583659154090078,-1.428980200343039,-1.4309605764067381,1.119076733609065,0.1844732219990754,-0.8053962624400348,0.1288086711879499,-1.483097161650654,1.2651399966093333,-1.4382095326694684,-1.5143101634221192,-1.567205519363595,1.5964206105974805,-0.1395298731112897,0.41221594385074795,1.0544532870049084,-1.3795919957568297,-0.5114479969332348,1.5144804529174494,0.30448425253166267
1.04344278518422,0.6470200907122222,-0.8559889736315546,1.0233475245122137,0.32499122611861625,-1.7308322506597185,-0.7630216249992695,0.8863041949554832,-1.38899985641724,0.3094881272833033,-0.3828206266185431,0.18617490786317614,-0.12452252856974258,0.4185896193338691,-0.20341458834700907,0.9148252758149842,1.530668767744471,-1.3517240050382213,-1.5233407648024657,0.11458957155303831
1.04344278518422,1.3390201877306425,-0.8559889736315546,0.12805149276833752,-1.5701769203507685,-1.643825448348466,-0.9251725879424003,1.4786545341070174,-0.504286572075049,1.474619900585151,-0.0056574476840177594,1.3063901808136131,0.7605339430019721,0.1395298731112897,0.3609133995009349,-1.6682929311986112,-0.010057518815041033,-0.007282392070242962,-0.6795015376580449,-1.3570942060313005
-0.9583659154090078,1.3390201877306425,0.8689258346939962,0.15175586835422475,-0.12302396883394502,-1.0980555065778836,0.0477331897163845,1.4786545341070174,-0.504286572075049,-1.4382095326694684,-0.7599838055530684,-0.39828523454574755,-0.8620695882128382,-1.2557688580016073,-0.5625323987957006,1.1940812981948323,1.6447966408229535,-0.2313559942315727,1.40196855596486,0.541852603754943
-0.9583659154090078,0.6470200907122222,-0.28101737085637096,1.2366869047851947,-0.03542832990228281,-0.6392923671185532,-1.3305499953002273,0.29395385580394884,0.38042671226714214,0.8920540139342272,0.3715057312505076,1.111570133343972,0.7605339430019721,0.8092732640454803,0.8226362986492527,0.635569253435136,-0.35244113805048816,1.3371592208977354,0.5018733803441443,0.8741682954675357
1.04344278518422,-1.428980200343039,-0.8559889736315546,0.5556419600676022,1.044005429016004,-0.987319576363562,0.939563485903604,-0.2983964833475855,-0.504286572075049,1.474619900585151,1.1258320891195583,0.3322899434654071,-0.2720319404983617,-1.2557688580016073,-1.1268603866436446,-0.06257080251448437,-0.6377608207466942,1.67326962413973,-1.1295491254684027,1.4913260086480649
-0.9583659154090078,1.3390201877306425,0.2939542319188126,-0.0679654591918804,-0.2443804269371842,1.7098912952852592,0.2098841526595153,0.29395385580394884,1.2651399966093333,1.474619900585151,-0.0056574476840177594,1.6960302757528956,-0.5670507643556,-0.6976493655564485,1.4895693751968229,0.007243203080477669,-0.12418539189352341,-0.5674663974735673,0.44561743186784963,0.4469052632656309
-0.9583659154090078,-0.04498000630619821,0.2939542319188126,1.5731066967541258,1.6489628103877905,1.069204841902401,0.7774125229604731,0.29395385580394884,1.2651399966093333,0.3094881272833033,1.5029952680540837,-0.3495802226783372,-0.7145601762842191,0.36277767008935324,-0.9729527535942053,1.3337093093847565,-1.151336249599865,-0.11931919315090783,-0.11694205289509763,0.7792209549782235
-0.9583659154090078,-0.04498000630619821,0.8689258346939962,-0.6423407137729823,-0.18689578888828048,1.4409611790504795,0.3720351156026461,0.29395385580394884,1.2651399966093333,0.8920540139342272,-0.3828206266185431,-1.5185005074961846,-1.1570884120700764,0.36277767008935324,0.41221594385074795,0.007243203080477669,1.47360483120523,-0.39941119585257,-1.1295491254684027,0.3994315930209748
-0.9583659154090078,1.3390201877306425,-1.4309605764067381,1.4992584497365566,1.2839809815058676,1.330225248836158,0.0477331897163845,0.8863041949554832,-1.38899985641724,0.8920540139342272,-1.5143101634221192,1.0628651214765616,-1.4029374319511083,-0.19534182235580558,1.027846476048505,-1.4588509144137252,-0.7518886938251765,0.5529016133330814,1.40196855596486,0.6842736144889113
-0.9583659154090078,-1.428980200343039,-0.8559889736315546,1.6095749668862598,1.7913057236517407,-0.22007777416433727,-0.3576442176414425,-0.8907468224991199,-0.504286572075049,-0.8556436460185445,0.3715057312505076,-0.8366303413524403,-0.6162205683318063,-0.1395298731112897,-0.8190451205447661,1.6827793373595668,-1.6649116784530356,-1.295705604497889,-0.7920134346106343,1.016589306201504
-0.9583659154090078,0.6470200907122222,0.8689258346939962,-0.8447396130063229,0.7611445116325142,1.4172320511474112,-0.1144177732267463,1.4786545341070174,-1.38899985641724,1.474619900585151,-0.0056574476840177594,0.23487991973058645,1.3505715907164486,1.5906405534687027,-0.7164400318451399,0.42612723665024993,1.0741572754305415,-1.407742405578554,-0.6795015376580449,0.8741682954675357
1.04344278518422,-1.428980200343039,-0.28101737085637096,-1.627895714093889,1.427236349342023,-0.5839244020113924,-1.0062480694139657,0.29395385580394884,0.38042671226714214,0.3094881272833033,-0.3828206266185431,-1.5185005074961846,1.2030621787878295,0.1395298731112897,-0.8703476648945792,-0.3418268248943325,0.3323261004204061,-1.5757976071995512,1.40196855596486,-1.167199525052676
-0.9583659154090078,1.3390201877306425,1.4438974374691798,1.1564567104945016,-0.5464028903369755,-1.5805477739402825,-0.0333422917551809,-0.8907468224991199,-1.38899985641724,-0.8556436460185445,-0.0056574476840177594,0.04005987226094523,-0.2720319404983617,0.5860254670674168,-1.434675652742523,-0.20219881370440845,-0.35244113805048816,0.49688321279274894,1.5707364013937442,-0.550041811872147
-0.9583659154090078,1.3390201877306425,0.8689258346939962,0.7717164606004935,-1.526379100884938,-0.5760146927103696,-0.6819461435277041,0.29395385580394884,1.2651399966093333,0.3094881272833033,-0.7599838055530684,1.257685168946203,-0.17369233254594896,-1.2557688580016073,1.643477008246262,0.7751972646250601,1.5877327042837122,0.49688321279274894,-1.073293176992108,0.5893262739995991
-0.9583659154090078,1.3390201877306425,-0.8559889736315546,-1.6516000896797762,-0.09838769538441429,1.6703427487801454,-0.8440971064708349,-0.8907468224991199,-0.504286572075049,-0.8556436460185445,0.3715057312505076,0.9654550977417411,0.21966609926370204,0.6976493655564485,1.1817541090979442,0.635569253435136,1.2453490850482651,-0.7355215990945646,-1.6358526617550553,-1.0247785143187078
-0.9583659154090078,1.3390201877306425,1.4438974374691798,-0.2019863519274708,0.9144368797629211,-0.33081370437865887,1.2638654117898656,-1.483097161650654,-0.504286572075049,-0.8556436460185445,-0.0056574476840177594,-1.3723854718939537,0.3671755111923211,-1.6464525027132184,0.9252413873488788,-0.5512688416792186,-1.7219756149922767,0.21679121009108676,-0.2857098983239818,0.20953691204235048
1.04344278518422,1.3390201877306425,0.8689258346939962,-0.8675322818389064,-0.6777963487344676,-0.6630214950216222,1.3449408932614308,0.8863041949554832,1.2651399966093333,-0.2730777593676206,-0.0056574476840177594,-1.1775654244243126,-1.7962958637607593,0.8092732640454803,-0.45992731009607446,1.7525933429545286,-0.06712145535428223,0.6649384144137462,-0.6795015376580449,-1.3096205357866444
1.04344278518422,-0.04498000630619821,-0.8559889736315546,-1.4245851081072451,1.143462977386328,1.1641213535146768,-0.1144177732267463,0.8863041949554832,1.2651399966093333,1.474619900585151,0.7486689101850329,-0.10605516334128569,-0.46871115640318717,1.6464525027132184,-1.4859781970923363,-0.9003388696540289,-0.12418539189352341,1.5052144225187327,-1.073293176992108,0.30448425253166267
1.04344278518422,-1.428980200343039,0.8689258346939962,-0.2794814259582539,-1.0546400870550525,0.22286594669294696,1.3449408932614308,1.4786545341070174,1.2651399966093333,0.3094881272833033,-0.0056574476840177594,1.452505216415844,-1.6979562558083465,-0.6418374163119326,-1.6398858301417754,0.8450112702200222,0.3893900369596473,-1.295705604497889,-0.5669896407054554,-0.6924628226061151
-0.9583659154090078,0.6470200907122222,-1.4309605764067381,1.2202761832257354,-1.199720364035617,1.6545233301780984,-1.4927009582433581,-1.483097161650654,-0.504286572075049,0.8920540139342272,-1.1371469844875939,-0.10605516334128569,-1.7471260597845528,1.2557688580016073,0.20700576645149563,1.1242672925998702,1.47360483120523,0.6649384144137462,-1.2983169708972868,-0.9298311738293956
-0.9583659154090078,-0.7369801033246186,0.8689258346939962,-1.4428192431733116,0.2675065880697125,0.11213001647862608,0.5341860785457769,-0.2983964833475855,-0.504286572075049,1.474619900585151,0.7486689101850329,0.7219300384046895,-1.5504468438797274,1.4790166549796708,0.6174261212500003,1.1242672925998702,1.188285148509024,0.21679121009108676,1.1769447620596811,0.8741682954675357
1.04344278518422,-1.428980200343039,-0.28101737085637096,-0.4153257322004506,0.8733764240137045,0.20704652809090143,-0.1144177732267463,-0.8907468224991199,-1.38899985641724,-0.8556436460185445,-1.5143101634221192,1.2089801570787926,0.17049629528749566,-0.2511537716003215,-0.8703476648945792,-0.4814548360842566,-1.208400186139106,-0.39941119585257,1.0081769166307968,-1.3096205357866444
1.04344278518422,0.6470200907122222,-1.4309605764067381,-1.373529529922258,-1.5145171914462752,0.33360187690726784,1.4260163747329964,-0.8907468224991199,-1.38899985641724,0.3094881272833033,0.7486689101850329,1.111570133343972,-1.0587488041176636,-1.1441449595125757,1.4895693751968229,0.7751972646250601,1.3594769581267474,0.21679121009108676,1.6832482983463335,-1.5469888870099247
-0.9583659154090078,-0.04498000630619821,-0.28101737085637096,0.7088086946225635,0.7766562393599947,-0.9161321926543557,0.939563485903604,1.4786545341070174,0.38042671226714214,-1.4382095326694684,0.3715057312505076,1.0628651214765616,0.8097037469781785,1.423204705735155,0.4635184882005611,0.49594124224521197,-1.550783805374553,1.0010488176557408,-0.9045253315632238,0.541852603754943
1.04344278518422,-1.428980200343039,-0.28101737085637096,-1.2604778925126447,-1.4971805545743841,1.1878504814177453,-1.654851921186489,1.4786545341070174,-1.38899985641724,0.8920540139342272,0.7486689101850329,-0.6418102938827991,0.5146849231209403,1.2557688580016073,-1.38337310839271,-0.9003388696540289,-0.6948247572859353,-0.5674663974735673,1.4582245044411546,1.6337470193820331
-0.9583659154090078,-1.428980200343039,-0.28101737085637096,-0.06887716594518291,-1.6376985586939243,-0.9319516112564019,0.45311059707421153,1.4786545341070174,1.2651399966093333,-0.2730777593676206,1.5029952680540837,-0.8853353532198506,-0.8620695882128382,-0.30696572084483736,-1.0755578422938314,1.5431513261696426,1.47360483120523,1.6172512235993977,1.3457126074885652,-0.2651997904042104
-0.9583659154090078,-1.428980200343039,0.2939542319188126,-0.7289528553367995,1.6416631738101521,-0.08561271604694737,0.0477331897163845,1.4786545341070174,0.38042671226714214,0.8920540139342272,-1.5143101634221192,1.2089801570787926,1.153892374811623,0.5860254670674168,0.15570322210168253,1.4035233149797184,-0.6377608207466942,-0.8475584001752294,1.2894566590122705,-1.2621468655419883
1.04344278518422,0.6470200907122222,-0.8559889736315546,1.722626604295873,-0.7316311684945516,-1.4698118437259615,-0.9251725879424003,-0.2983964833475855,1.2651399966093333,-0.2730777593676206,-0.0056574476840177594,-1.421090483761364,0.9572131589067976,-0.5302135178229008,-1.6911883744915885,-1.5984789256036493,1.6447966408229535,1.3371592208977354,-0.7357574861343397,0.6842736144889113
-0.9583659154090078,1.3390201877306425,-1.4309605764067381,0.2958055353761518,0.8624269691472477,0.1595882722847634,-0.7630216249992695,0.29395385580394884,-1.38899985641724,0.3094881272833033,-1.1371469844875939,1.6960302757528956,1.0063829628830039,0.30696572084483736,-0.6651374874953269,0.3563132310552879,1.0741572754305415,-0.8475584001752294,0.8956650196782074,-0.3126734606488665
1.04344278518422,-0.7369801033246186,1.4438974374691798,-0.9632614909357565,-0.7133820770504551,-1.5568186460372142,-1.3305499953002273,0.8863041949554832,1.2651399966093333,-1.4382095326694684,-1.1371469844875939,-0.30087521081092694,1.0063829628830039,1.3115808072461232,-1.6398858301417754,-0.4814548360842566,-1.550783805374553,0.7209568149540787,-1.1858050739446975,1.06406297644616
-0.9583659154090078,-0.7369801033246186,0.8689258346939962,0.7151906418956862,0.7292086016053452,0.3968795513154514,0.45311059707421153,0.29395385580394884,1.2651399966093333,0.8920540139342272,-1.5143101634221192,0.6732250265372792,-0.6162205683318063,-0.920897162534512,-0.8703476648945792,0.49594124224521197,1.7018605773621946,0.04873600847008947,-0.17319800137139235,1.06406297644616
-0.9583659154090078,-0.7369801033246186,-0.28101737085637096,-1.1656603901690972,0.5257312320036728,0.9031009465809199,1.1017144488467348,1.4786545341070174,-1.38899985641724,-0.8556436460185445,-1.1371469844875939,-1.3723854718939537,-1.4521072359273146,-0.2511537716003215,1.4382668308470097,0.705383259030098,0.16113429080268254,-1.6318160077398836,1.0644328651070916,1.4438523384034088
1.04344278518422,1.3390201877306425,1.4438974374691798,-0.43447157401982145,-0.7170318953392736,1.1483019349126313,0.0477331897163845,1.4786545341070174,-0.504286572075049,-0.8556436460185445,0.7486689101850329,-0.2521701989435166,1.4980810026450677,1.3115808072461232,-0.1008094996473829,0.705383259030098,1.0741572754305415,1.6172512235993977,-0.6795015376580449,-0.644989152361459
-0.9583659154090078,-0.04498000630619821,0.8689258346939962,-0.8529449737860533,-1.2444306380736523,-0.5681049834093469,0.5341860785457769,-0.8907468224991199,0.38042671226714214,0.8920540139342272,-0.0056574476840177594,-1.1288604125569022,1.6455904145736868,0.8650852132899961,1.079149020398318,1.4035233149797184,0.902965465812818,1.6172512235993977,0.9519209681545021,1.4438523384034088
-0.9583659154090078,-1.428980200343039,0.2939542319188126,-0.8374459589798965,0.13063840223899145,0.11213001647862608,-0.6819461435277041,0.29395385580394884,1.2651399966093333,-0.2730777593676206,-0.7599838055530684,-0.78792532948503,-0.6653903723080127,-0.7534613148009643,-0.6138349431455138,-0.41164083048929456,-0.23831326497200578,-0.2313559942315727,-0.6795015376580449,1.111536646690816
1.04344278518422,-0.7369801033246186,-0.8559889736315546,-0.9386454085965668,0.969184154095209,-0.6313826578175304,1.3449408932614308,-1.483097161650654,1.2651399966093333,0.8920540139342272,1.1258320891195583,1.3550951926810235,1.4980810026450677,-0.8650852132899961,-1.280768019693084,-1.6682929311986112,-1.2654641226783472,1.1691040192767381,0.5018733803441443,0.11458957155303831
-0.9583659154090078,-0.04498000630619821,0.8689258346939962,0.6969565068296192,0.08866549191757091,-0.7183894601287822,0.6152615600173423,-1.483097161650654,-0.504286572075049,-0.2730777593676206,1.1258320891195583,-1.0314503888220816,0.5638547270971467,0.36277767008935324,0.10440067775186945,0.9148252758149842,-1.7219756149922767,0.32882801117175164,-1.5233407648024657,-1.3570942060313005
-0.9583659154090078,1.3390201877306425,0.8689258346939962,1.3634141434943585,-1.4269215525146137,1.5675165278668466,-0.0333422917551809,0.8863041949554832,0.38042671226714214,-0.8556436460185445,0.3715057312505076,1.403800204548434,1.2030621787878295,1.0325210610235438,-1.6911883744915885,0.9148252758149842,0.9600294023520591,-0.007282392070242962,-1.3545729193735816,-0.597515482116803
-0.9583659154090078,-0.7369801033246186,-0.8559889736315546,0.797244249692987,-1.474369190269264,1.0217465860962642,-0.5197951805845733,1.4786545341070174,1.2651399966093333,1.474619900585151,-0.0056574476840177594,0.9654550977417411,-0.4195413524269808,1.6464525027132184,0.8739388429990658,0.565755247840174,-0.46656901112897053,-0.007282392070242962,0.44561743186784963,1.3963786681587527
-0.9583659154090078,-0.04498000630619821,-0.8559889736315546,-1.2167159683540842,-1.1604848174308098,-0.10934184395001638,1.1827899303183,0.8863041949554832,-1.38899985641724,0.3094881272833033,0.3715057312505076,-1.6159105312310051,0.12132649131128928,0.6418374163119326,-0.9216502092443922,-1.3192229032238012,0.4464539734988885,0.5529016133330814,-0.9045253315632238,-1.5469888870099247
-0.9583659154090078,-1.428980200343039,-0.28101737085637096,1.2020420481596683,-1.2836661846784596,-0.6392923671185532,1.2638654117898656,1.4786545341070174,0.38042671226714214,-1.4382095326694684,-1.5143101634221192,-0.057350151473875385,0.4163453151685275,0.8092732640454803,-0.4086247657462614,-1.5984789256036493,-1.2654641226783472,1.1691040192767381,0.9519209681545021,-1.5944625572545807
-0.9583659154090078,-0.7369801033246186,0.2939542319188126,-1.7190663894242226,-0.20605733490458217,-0.42573021599093347,-0.19549325469831172,-0.2983964833475855,-1.38899985641724,-0.2730777593676206,-0.3828206266185431,-1.6646155430984155,-0.17369233254594896,1.5348286042241868,1.4382668308470097,-0.8305248640590668,0.4464539734988885,-0.17533759369124027,-1.5795967132787605,-0.07530510942558605
-0.9583659154090078,-1.428980200343039,0.2939542319188126,0.7361598972216633,0.2592944969198703,-0.2358971927663835,0.939563485903604,0.29395385580394884,-0.504286572075049,0.3094881272833033,-0.0056574476840177594,-1.3236804600265433,-1.10791860809387,0.5860254670674168,-1.280768019693084,0.705383259030098,-1.151336249599865,-1.1276504028768917,0.8956650196782074,0.5893262739995991
1.04344278518422,-1.428980200343039,0.8689258346939962,-0.640517300266376,0.7045723281558157,-1.4935409716290304,0.3720351156026461,-1.483097161650654,-1.38899985641724,1.474619900585151,-0.7599838055530684,0.5271099909350483,1.2030621787878295,-1.5906405534687027,-1.0755578422938314,-0.06257080251448437,0.5605818465773709,-0.6234847980138998,0.44561743186784963,1.3489049979140966
1.04344278518422,-0.7369801033246186,0.8689258346939962,0.5328492912350188,0.7757437847877907,-1.2008817274911818,-1.0873235508855312,0.8863041949554832,1.2651399966093333,-0.8556436460185445,1.1258320891195583,1.1602751452113822,1.153892374811623,0.19534182235580558,-0.6138349431455138,0.9846392814099463,0.617645783116612,1.5052144225187327,1.4582245044411546,0.20953691204235048
1.04344278518422,0.6470200907122222,0.2939542319188126,-1.304239816671204,-0.34110061159089394,-0.8133059717410576,-0.19549325469831172,-0.8907468224991199,1.2651399966093333,-0.2730777593676206,-1.5143101634221192,-0.10605516334128569,1.0555527668592104,-0.1395298731112897,1.1817541090979442,0.0770572086754397,-0.12418539189352341,1.0010488176557408,-0.5669896407054554,-0.644989152361459
1.04344278518422,-0.7369801033246186,-1.4309605764067381,-0.5001144602576616,1.4381858042084799,0.76863588846353,-0.1144177732267463,1.4786545341070174,0.38042671226714214,0.3094881272833033,1.1258320891195583,1.3550951926810235,1.1047225708354167,1.2557688580016073,-0.3573222213964483,0.705383259030098,-0.5236329476682118,-0.8475584001752294,-1.4670848163261712,1.6337470193820331
-0.9583659154090078,-0.7369801033246186,-0.8559889736315546,-1.7236249231907397,-0.7690418059549483,0.4126989699174983,0.5341860785457769,0.29395385580394884,1.2651399966093333,-1.4382095326694684,0.3715057312505076,-0.5444002701479784,1.399741394692655,-1.7022644519577343,-0.6651374874953269,-1.389036908818763,0.16113429080268254,-0.5674663974735673,-0.11694205289509763,-0.7874101630954273
-0.9583659154090078,-0.7369801033246186,0.2939542319188126,0.24474995719116474,1.6799862658427542,-1.4381730065218699,-1.1683990323570965,0.8863041949554832,-0.504286572075049,0.8920540139342272,1.1258320891195583,-1.567205519363595,-0.8620695882128382,-1.1999569087570914,-0.7164400318451399,-0.13238480810944642,-1.6078477419137944,0.38484641171208406,-0.5669896407054554,0.8266946252228796
-0.9583659154090078,-1.428980200343039,0.8689258346939962,0.8182135050189628,-0.21153206233781122,1.3144058302341124,1.1017144488467348,0.29395385580394884,0.38042671226714214,-1.4382095326694684,0.3715057312505076,-0.057350151473875385,0.8588735509543849,-0.4185896193338691,0.5661235769001872,0.0770572086754397,-1.208400186139106,1.281140820357403,1.2894566590122705,1.3963786681587527
1.04344278518422,-1.428980200343039,1.4438974374691798,1.3962355866132787,-0.47888125199381903,-0.33081370437865887,1.3449408932614308,-0.2983964833475855,1.2651399966093333,-0.2730777593676206,-1.5143101634221192,0.9654550977417411,-0.8128997842366318,0.6976493655564485,-1.434675652742523,1.6827793373595668,1.6447966408229535,0.6089200138734138,-1.0170372285158134,-1.3570942060313005
-0.9583659154090078,1.3390201877306425,1.4438974374691798,0.679634078516856,-1.149535362564353,-1.3907147507157325,1.1017144488467348,0.8863041949554832,1.2651399966093333,-0.2730777593676206,-0.3828206266185431,-0.6418102938827991,-0.5670507643556,-1.0325210610235438,-1.1781629309934576,-0.6908968528691427,-1.208400186139106,-0.06330079261057539,-1.4670848163261712,-1.11972585480802
-0.9583659154090078,-1.428980200343039,0.2939542319188126,-0.23298438153978326,-0.657722348145962,0.3177824583052223,-0.2765687361698771,-0.2983964833475855,0.38042671226714214,-0.8556436460185445,1.1258320891195583,0.5271099909350483,1.4489111986688614,-0.976709111779028,1.5408719195466358,-0.6210828472741807,1.47360483120523,1.3931776214380678,0.3893614833915549,0.35195792277631877
-0.9583659154090078,-0.04498000630619821,0.2939542319188126,1.2850073627102716,-1.6431732861271533,-1.2008817274911818,-0.3576442176414425,0.29395385580394884,1.2651399966093333,1.474619900585151,-1.1371469844875939,0.478404979067638,1.547250806621274,-1.4790166549796708,-0.1008094996473829,0.635569253435136,0.3893900369596473,-0.6795031985542321,-0.5669896407054554,-1.6419362274992368
-0.9583659154090078,1.3390201877306425,-1.4309605764067381,1.2202761832257354,-1.078363905932378,0.42060867921852113,1.1827899303183,0.8863041949554832,-0.504286572075049,-0.2730777593676206,0.7486689101850329,1.6960302757528956,-0.4195413524269808,-0.8650852132899961,-0.3573222213964483,0.0770572086754397,-1.208400186139106,1.3931776214380678,-1.2420610224209923,-0.1702524499148982
-0.9583659154090078,-0.7369801033246186,0.2939542319188126,1.2166293562125214,-1.5637897383453347,1.7415301324893517,1.0206389673751692,0.8863041949554832,-0.504286572075049,0.3094881272833033,1.1258320891195583,-0.30087521081092694,0.6621943350495594,-0.4185896193338691,-0.3573222213964483,-1.5286649200086873,1.47360483120523,-0.06330079261057539,-0.454477743752866,-0.12277877967024213
-0.9583659154090078,0.6470200907122222,-0.28101737085637096,-0.19104587088783034,-0.2407306086483644,-0.7342088787308285,1.2638654117898656,1.4786545341070174,-1.38899985641724,0.3094881272833033,-1.1371469844875939,-1.6646155430984155,-0.5670507643556,-1.1441449595125757,0.7200312099496264,-1.3192229032238012,-1.493719868835312,1.1130856187364058,0.051825792533786545,-1.3570942060313005
-0.9583659154090078,-0.7369801033246186,-0.28101737085637096,-1.3370612597901241,-0.6339985292686365,0.19913681878987866,-0.2765687361698771,0.8863041949554832,1.2651399966093333,-0.8556436460185445,-1.1371469844875939,1.3550951926810235,1.3505715907164486,0.5302135178229008,1.3869642864971965,-1.5984789256036493,0.617645783116612,0.21679121009108676,0.9519209681545021,-0.07530510942558605
1.04344278518422,-0.7369801033246186,-0.8559889736315546,0.727954536441933,-1.3338511861497238,1.377683504642296,1.5070918562045617,0.8863041949554832,-0.504286572075049,-1.4382095326694684,-1.1371469844875939,0.5758150028024586,-0.6653903723080127,1.4790166549796708,1.2843591977975704,-1.5984789256036493,1.7018605773621946,0.1047544090104219,-0.06068610441880291,-0.9298311738293956
-0.9583659154090078,-0.04498000630619821,0.2939542319188126,0.6759872515036434,-1.5665271020619493,1.2511281558259288,-1.4927009582433581,-0.8907468224991199,1.2651399966093333,0.3094881272833033,-0.0056574476840177594,1.257685168946203,-0.9604091961652509,-0.1395298731112897,-1.280768019693084,0.565755247840174,1.0741572754305415,1.1130856187364058,-0.9607812800395186,0.7792209549782235
-0.9583659154090078,-1.428980200343039,0.2939542319188126,0.24748507745107484,-0.7097322587616354,-1.3432564949095944,-0.7630216249992695,-1.483097161650654,1.2651399966093333,0.8920540139342272,1.5029952680540837,1.111570133343972,0.5146849231209403,-1.4790166549796708,-0.5625323987957006,-1.109780886438915,-1.0942723130606236,-0.6234847980138998,0.9519209681545021,-1.2621468655419883
-0.9583659154090078,1.3390201877306425,1.4438974374691798,0.45535421720423574,0.8615145145750425,-1.453992425123916,0.7774125229604731,0.8863041949554832,-0.504286572075049,-0.2730777593676206,-1.5143101634221192,-1.3236804600265433,0.8097037469781785,-1.3673927564906392,0.10440067775186945,-1.179594892033877,-1.0372083765213824,-1.3517240050382213,0.7268971742493232,-0.027831439180929955
-0.9583659154090078,1.3390201877306425,-0.28101737085637096,-1.2568310654994308,1.4181118036199742,-0.5918341113124151,-1.1683990323570965,-0.8907468224991199,1.2651399966093333,-0.2730777593676206,-1.1371469844875939,-1.1775654244243126,-0.22286213652215534,0.5860254670674168,0.4635184882005611,1.1940812981948323,-0.29537720151124697,-0.9595952012558944,0.9519209681545021,-1.2146731952973322
-0.9583659154090078,0.6470200907122222,1.4438974374691798,1.100842598542998,1.2082472520128689,0.555073737335911,0.5341860785457769,1.4786545341070174,0.38042671226714214,0.8920540139342272,-0.7599838055530684,1.3550951926810235,-1.5504468438797274,-0.30696572084483736,-1.5885832857919624,1.6827793373595668,-0.9230805034429,-1.3517240050382213,1.3457126074885652,0.8741682954675357
1.04344278518422,-0.04498000630619821,1.4438974374691798,-1.4546714309662552,-0.061889512496222786,0.7449067605604617,-0.2765687361698771,0.29395385580394884,-1.38899985641724,1.474619900585151,-0.0056574476840177594,0.6732250265372792,1.4489111986688614,0.2511537716003215,1.4895693751968229,1.3337093093847565,-1.4366559322960708,0.7209568149540787,1.5707364013937442,0.30448425253166267
1.04344278518422,-1.428980200343039,-0.8559889736315546,-1.4428192431733116,0.8177166951092113,-1.5489089367361906,-0.8440971064708349,-1.483097161650654,1.2651399966093333,-1.4382095326694684,-0.3828206266185431,-1.6159105312310051,-0.46871115640318717,-0.6976493655564485,-0.1008094996473829,0.9148252758149842,0.16113429080268254,0.6089200138734138,-0.11694205289509763,0.6367999442442552
-0.9583659154090078,-0.04498000630619821,0.8689258346939962,1.0042016826928442,0.43083595649437356,0.5313446094328413,1.1017144488467348,-1.483097161650654,1.2651399966093333,-1.4382095326694684,-0.0056574476840177594,1.3550951926810235,-1.64878645183214,1.423204705735155,-0.6138349431455138,0.565755247840174,1.3024130215875063,-0.5674663974735673,0.6706412257730285,-1.689409897743893
1.04344278518422,-0.7369801033246186,-0.28101737085637096,-0.7435401633896527,-0.7325436230667555,0.19122710948885518,0.1288086711879499,0.29395385580394884,1.2651399966093333,0.3094881272833033,-0.7599838055530684,0.8680450740069204,0.9080433549305912,-1.0883330102680597,1.643477008246262,0.9846392814099463,0.10407035426344134,-0.8475584001752294,0.6706412257730285,-0.2177261201595543
1.04344278518422,0.6470200907122222,0.8689258346939962,0.04052764445121776,0.1443252208220641,1.5437873999637783,0.8584880044320385,-0.2983964833475855,-0.504286572075049,-0.2730777593676206,-0.3828206266185431,0.9654550977417411,-1.5504468438797274,-0.6418374163119326,0.15570322210168253,-1.0399668808439528,1.1312212119697826,-1.0716320023365593,-0.7357574861343397,1.538799678892721
-0.9583659154090078,1.3390201877306425,1.4438974374691798,-0.759950884949112,0.5403305051589506,0.08840088857555707,-1.4116254767717928,0.8863041949554832,1.2651399966093333,-0.8556436460185445,-1.1371469844875939,0.18617490786317614,-1.3537676279749018,-0.2511537716003215,-0.6651374874953269,0.0770572086754397,1.7018605773621946,0.1047544090104219,-0.6795015376580449,1.586273349137377
1.04344278518422,0.6470200907122222,-0.28101737085637096,-1.5431069860366786,-1.2471680017902667,-0.9952292856645856,-0.7630216249992695,0.29395385580394884,-0.504286572075049,-1.4382095326694684,-1.1371469844875939,-1.6646155430984155,-0.07535272459353622,1.5348286042241868,-0.0495069552975698,-0.13238480810944642,0.5605818465773709,0.6649384144137462,0.164337689486376,0.1620632417976944
1.04344278518422,-0.04498000630619821,-1.4309605764067381,0.5428780655213555,-0.6869208944565152,1.0454757139993325,0.2909596341310807,1.4786545341070174,1.2651399966093333,-1.4382095326694684,0.3715057312505076,-1.0801554006894918,-1.4521072359273146,-0.6418374163119326,0.10440067775186945,1.3337093093847565,-0.5806968842074529,-0.7355215990945646,0.5018733803441443,1.3014313276694405
-0.9583659154090078,-1.428980200343039,0.2939542319188126,-0.9395571153498693,-1.6021128303779368,0.20704652809090143,1.1827899303183,0.29395385580394884,-0.504286572075049,0.8920540139342272,0.7486689101850329,0.18617490786317614,1.0063829628830039,1.6464525027132184,-0.6138349431455138,0.28649922546032586,-0.8660165669036589,-0.4554295963929024,0.3893614833915549,0.20953691204235048
-0.9583659154090078,1.3390201877306425,0.2939542319188126,-0.3907096498612609,1.6352759918047193,-0.5522855648073006,0.7774125229604731,-0.2983964833475855,0.38042671226714214,0.8920540139342272,-0.7599838055530684,-0.2521701989435166,1.0063829628830039,-0.02790597462225794,0.3096108551511218,-0.06257080251448437,-0.1812493284327646,-0.8475584001752294,-1.4670848163261712,1.3014313276694405
1.04344278518422,-1.428980200343039,-1.4309605764067381,1.3734429177806953,-0.5774263457919381,-1.5884574832413059,-0.8440971064708349,-0.2983964833475855,-0.504286572075049,-1.4382095326694684,-1.1371469844875939,-0.39828523454574755,1.2030621787878295,1.1441449595125757,1.643477008246262,-0.20219881370440845,0.9600294023520591,-1.687834408280216,1.0644328651070916,0.30448425253166267
-0.9583659154090078,-0.04498000630619821,1.4438974374691798,1.1801610860803888,0.4855832308266615,-1.5568186460372142,0.0477331897163845,0.29395385580394884,0.38042671226714214,-1.4382095326694684,1.1258320891195583,-1.3236804600265433,-0.8620695882128382,-1.4790166549796708,0.6687286655998134,1.7525933429545286,-0.23831326497200578,0.8329936160347435,1.3457126074885652,-1.4520415465206127
1.04344278518422,1.3390201877306425,-1.4309605764067381,-0.26580582465870334,-0.7069948950450208,0.1358591443816951,0.8584880044320385,-0.8907468224991199,-0.504286572075049,0.8920540139342272,0.7486689101850329,-1.421090483761364,-1.4521072359273146,0.5860254670674168,0.41221594385074795,0.2166852198653638,-0.010057518815041033,-1.4637608061188863,1.3457126074885652,1.016589306201504
1.04344278518422,-1.428980200343039,0.8689258346939962,0.9121193006092067,-0.15495987886111276,0.30987274900419953,1.2638654117898656,1.4786545341070174,-1.38899985641724,0.8920540139342272,-1.5143101634221192,-1.1775654244243126,-0.37037154845077447,-1.0325210610235438,-1.5885832857919624,-0.3418268248943325,1.4165408946659888,1.1130856187364058,0.3331055349152602,-0.6924628226061151
1.04344278518422,-1.428980200343039,-0.28101737085637096,-1.145602841596424,-0.9177719012243314,1.2036699000197921,-0.6008706620561387,-1.483097161650654,0.38042671226714214,-0.2730777593676206,-0.0056574476840177594,-1.6646155430984155,-0.32120174447456806,0.474401568578385,1.027846476048505,0.3563132310552879,-1.2654641226783472,-1.295705604497889,0.44561743186784963,0.20953691204235048
1.04344278518422,0.6470200907122222,-0.8559889736315546,-0.09075812802446383,-0.3712116124736525,-0.1330709718530854,1.5881673376761272,1.4786545341070174,0.38042671226714214,-0.8556436460185445,-0.7599838055530684,0.478404979067638,1.399741394692655,-1.0325210610235438,0.6687286655998134,-0.6210828472741807,0.7317736561950944,-1.2396872039575566,0.3893614833915549,0.6842736144889113
-0.9583659154090078,1.3390201877306425,1.4438974374691798,-1.2759769073188016,0.5677041423250946,1.4884194348566175,-1.4116254767717928,-0.2983964833475855,1.2651399966093333,-1.4382095326694684,1.1258320891195583,1.3550951926810235,1.3014017867402423,-1.3673927564906392,-0.4086247657462614,-1.389036908818763,-0.5806968842074529,-1.3517240050382213,0.5018733803441443,0.6367999442442552
1.04344278518422,0.6470200907122222,-0.28101737085637096,1.3096234450494615,-0.6029750738136728,0.28614362110113123,1.0206389673751692,-0.8907468224991199,-1.38899985641724,-0.2730777593676206,1.1258320891195583,0.8193400621395102,1.1047225708354167,1.3673927564906392,-1.280768019693084,-0.9701528752489909,1.5877327042837122,0.4408648122524165,1.6832482983463335,-0.9773048440740517
1.04344278518422,1.3390201877306425,-1.4309605764067381,0.8264188657986932,-1.1413232714145094,-0.7342088787308285,-1.3305499953002273,-1.483097161650654,0.38042671226714214,-1.4382095326694684,-0.7599838055530684,0.7219300384046895,-0.8620695882128382,1.0883330102680597,-0.6138349431455138,0.635569253435136,1.4165408946659888,-0.5114479969332348,-1.5795967132787605,-0.7399364928507712
-0.9583659154090078,-1.428980200343039,1.4438974374691798,0.09523004964941745,1.6033400817775503,1.6940718766832137,1.5881673376761272,0.8863041949554832,1.2651399966093333,0.3094881272833033,-1.1371469844875939,0.18617490786317614,1.0063829628830039,-0.02790597462225794,0.5148210325503741,1.1940812981948323,0.21819822734192373,-1.687834408280216,1.0081769166307968,-0.8823575035847395
1.04344278518422,-0.04498000630619821,0.8689258346939962,1.467348713370939,-1.4250966433702044,0.4285183885195439,-1.5737764397149236,0.29395385580394884,-1.38899985641724,1.474619900585151,1.5029952680540837,0.5271099909350483,-1.4521072359273146,-1.423204705735155,1.2330566534477574,0.28649922546032586,1.5877327042837122,-1.0156136017962267,0.5018733803441443,0.9691156359568479
-0.9583659154090078,-1.428980200343039,0.8689258346939962,-0.7772733132618765,0.7757437847877907,0.4364280978205667,0.2098841526595153,-0.8907468224991199,-1.38899985641724,-1.4382095326694684,-0.3828206266185431,0.7706350502720998,-0.46871115640318717,0.8650852132899961,-1.0242552979440185,1.4733373205746805,0.902965465812818,1.3371592208977354,1.626992349870039,-1.6419362274992368
1.04344278518422,1.3390201877306425,0.2939542319188126,1.6743061463707962,-0.472494069988386,0.3810601327134059,1.0206389673751692,-1.483097161650654,0.38042671226714214,1.474619900585151,1.1258320891195583,-0.4469902464131578,0.8097037469781785,0.8650852132899961,-0.9729527535942053,0.14687121427040176,-0.29537720151124697,-0.11931919315090783,1.5144804529174494,-0.9773048440740517
1.04344278518422,-0.04498000630619821,-0.28101737085637096,-0.511054941297302,-0.3392757024464834,0.5788028652389793,0.2098841526595153,-1.483097161650654,0.38042671226714214,1.474619900585151,-0.0056574476840177594,1.6960302757528956,-0.9112393921890445,-0.36277767008935324,0.8226362986492527,0.7751972646250601,0.6747097196558532,1.0570672181960732,1.40196855596486,-1.5469888870099247
1.04344278518422,1.3390201877306425,1.4438974374691798,0.6076092450058931,-0.21974415348765347,0.6578999582492084,-1.654851921186489,0.8863041949554832,-1.38899985641724,0.8920540139342272,1.5029952680540837,0.8680450740069204,-1.64878645183214,-1.5906405534687027,-0.0495069552975698,0.49594124224521197,-1.7219756149922767,-0.9595952012558944,1.6832482983463335,1.4438523384034088
1.04344278518422,0.6470200907122222,1.4438974374691798,-0.6933962919579694,-0.2343434266429314,-0.6076535299144614,0.8584880044320385,-0.8907468224991199,-0.504286572075049,-0.8556436460185445,-1.5143101634221192,0.7706350502720998,-1.2062582160462827,0.7534613148009643,1.2330566534477574,-0.4814548360842566,-0.06712145535428223,-0.28737439477190513,-1.5795967132787605,0.1620632417976944
1.04344278518422,-0.7369801033246186,-0.28101737085637096,0.49546931434958236,0.7812185122210198,0.7607261791625073,-1.3305499953002273,-0.8907468224991199,0.38042671226714214,1.474619900585151,-0.7599838055530684,0.4296999672002277,-1.10791860809387,-1.0883330102680597,-1.2294654753432708,1.5431513261696426,0.7888375927343356,-0.17533759369124027,0.783153122725618,0.2570105822870066
1.04344278518422,-0.7369801033246186,-0.28101737085637096,-0.7380699228698324,1.6681243564040922,0.4522475164226122,-1.5737764397149236,0.8863041949554832,1.2651399966093333,-1.4382095326694684,1.5029952680540837,0.13746989599576584,-0.5178809603793936,1.0325210610235438,1.592174463896449,-1.7381069367935733,1.3024130215875063,-0.4554295963929024,-0.17319800137139235,-1.4995152167652686
1.04344278518422,1.3390201877306425,-0.28101737085637096,-1.0453150987330573,1.5787038083280207,0.4285183885195439,-0.9251725879424003,-1.483097161650654,-1.38899985641724,-0.8556436460185445,0.3715057312505076,-0.934040365087261,0.0721566873350829,-0.7534613148009643,1.4895693751968229,-1.6682929311986112,0.8459015292735768,0.49688321279274894,1.2332007105359757,0.2570105822870066
-0.9583659154090078,1.3390201877306425,-0.8559889736315546,1.260391280371082,1.454609986508167,0.800274725667621,-1.3305499953002273,1.4786545341070174,-0.504286572075049,0.8920540139342272,1.5029952680540837,1.5012102282832545,0.8097037469781785,0.6418374163119326,-1.332070564042897,0.9148252758149842,1.7018605773621946,0.7769752154944111,0.44561743186784963,0.494378933510287
-0.9583659154090078,0.6470200907122222,1.4438974374691798,-1.4501128971997386,0.16987394884379878,-1.1059652158789064,0.3720351156026461,-0.8907468224991199,-1.38899985641724,0.8920540139342272,0.7486689101850329,1.452505216415844,0.6621943350495594,0.02790597462225794,-1.0242552979440185,-0.6908968528691427,0.902965465812818,1.0010488176557408,0.10808174101008128,1.4438523384034088
-0.9583659154090078,-0.7369801033246186,1.4438974374691798,0.9330885559351837,-0.01809169303039168,-1.6596448669505122,1.1017144488467348,0.29395385580394884,-0.504286572075049,-1.4382095326694684,-1.1371469844875939,-1.421090483761364,-0.22286213652215534,1.2557688580016073,-1.5885832857919624,0.49594124224521197,-1.151336249599865,-0.2313559942315727,-0.8482693830869291,0.9691156359568479
-0.9583659154090078,-1.428980200343039,-1.4309605764067381,-0.43994181453964165,0.783043421365429,0.2703242024990843,-1.3305499953002273,0.8863041949554832,1.2651399966093333,-0.8556436460185445,-0.0056574476840177594,0.18617490786317614,0.8097037469781785,1.5348286042241868,0.053098133402056366,-0.6908968528691427,0.3323261004204061,-0.4554295963929024,1.4582245044411546,0.6367999442442552
-0.9583659154090078,0.6470200907122222,-0.28101737085637096,1.3661492637542687,1.373401529581939,0.03303292346839699,0.5341860785457769,0.29395385580394884,-0.504286572075049,-0.8556436460185445,1.5029952680540837,-1.6159105312310051,-0.5178809603793936,1.5906405534687027,-0.45992731009607446,1.0544532870049084,-0.46656901112897053,-1.5757976071995512,-0.39822179527657126,0.35195792277631877
-0.9583659154090078,-0.04498000630619821,0.2939542319188126,-0.9577912504159363,-0.9186843557965367,-1.011048704266631,1.3449408932614308,1.4786545341070174,1.2651399966093333,0.3094881272833033,-0.3828206266185431,-0.6905153057502094,-1.2554280200224892,-1.1999569087570914,0.15570322210168253,1.3337093093847565,1.7018605773621946,-0.5674663974735673,-0.17319800137139235,-1.4520415465206127
1.04344278518422,0.6470200907122222,-0.8559889736315546,-0.21657365998032388,-0.15495987886111276,0.22286594669294696,-1.249474513828662,-0.8907468224991199,-1.38899985641724,0.8920540139342272,1.1258320891195583,-0.2521701989435166,0.12132649131128928,-1.6464525027132184,-0.4086247657462614,-1.109780886438915,-0.40950507458972935,0.49688321279274894,-0.06068610441880291,0.06711590130838221
1.04344278518422,0.6470200907122222,0.2939542319188126,0.20463486004581813,0.2529073149144359,0.49179606292772743,-0.0333422917551809,1.4786545341070174,0.38042671226714214,-0.2730777593676206,0.7486689101850329,-0.4469902464131578,-0.7145601762842191,0.6418374163119326,0.2583083108013087,-1.4588509144137252,1.4165408946659888,-1.687834408280216,-1.4670848163261712,-1.4995152167652686
1.04344278518422,-0.04498000630619821,-0.8559889736315546,0.7589525660542468,-1.2079324551854607,-0.7816671345369658,1.2638654117898656,0.8863041949554832,-1.38899985641724,0.3094881272833033,0.7486689101850329,0.9654550977417411,-0.5178809603793936,1.423204705735155,-1.6398858301417754,0.49594124224521197,0.5035179100381296,-1.4637608061188863,0.3893614833915549,0.8741682954675357
-0.9583659154090078,-0.04498000630619821,-0.28101737085637096,0.9102958871026003,-0.7215941682002974,-0.7579380066338969,-0.9251725879424003,0.8863041949554832,1.2651399966093333,-1.4382095326694684,-1.1371469844875939,0.28358493159799675,0.2688359032399084,-0.5302135178229008,0.10440067775186945,-0.20219881370440845,-0.010057518815041033,-1.0156136017962267,-1.6358526617550553,-0.8823575035847395
-0.9583659154090078,1.3390201877306425,-1.4309605764067381,-0.8511215602794457,1.3323410738327226,-1.1850623088891354,0.939563485903604,0.29395385580394884,-0.504286572075049,0.8920540139342272,-0.0056574476840177594,0.13746989599576584,-0.8620695882128382,0.920897162534512,0.9252413873488788,-0.41164083048929456,-1.550783805374553,-0.8475584001752294,-0.7920134346106343,0.20953691204235048
-0.9583659154090078,-1.428980200343039,-0.28101737085637096,-0.727129441830192,-0.7827286245380196,0.19913681878987866,1.2638654117898656,0.29395385580394884,-0.504286572075049,-0.2730777593676206,-1.5143101634221192,-0.39828523454574755,-1.4029374319511083,0.6418374163119326,-1.1268603866436446,0.635569253435136,1.7018605773621946,-0.5674663974735673,-0.6232455891817502,-0.8348838333400834
-0.9583659154090078,-1.428980200343039,-0.28101737085637096,0.007706201332297685,1.5622796260283336,0.934739783785011,-0.7630216249992695,0.29395385580394884,-1.38899985641724,-0.2730777593676206,1.5029952680540837,1.403800204548434,-0.7145601762842191,-1.6464525027132184,1.2330566534477574,-1.179594892033877,1.7018605773621946,0.1047544090104219,-0.7920134346106343,0.9216419657121918
1.04344278518422,-1.428980200343039,-0.8559889736315546,0.6285785003318689,-0.6312611655520219,1.3064961209330896,-1.5737764397149236,0.29395385580394884,-1.38899985641724,-1.4382095326694684,-0.7599838055530684,0.04005987226094523,1.0063829628830039,0.6418374163119326,-0.8190451205447661,0.7751972646250601,1.188285148509024,-0.5114479969332348,-0.17319800137139235,0.541852603754943
1.04344278518422,0.6470200907122222,0.2939542319188126,-1.468347032265805,-1.4479080076753246,-1.6991934134556268,-1.0873235508855312,-1.483097161650654,-0.504286572075049,-0.2730777593676206,-1.5143101634221192,-0.78792532948503,0.17049629528749566,-0.5302135178229008,-1.5372807414421492,-1.5984789256036493,-0.9801444399821413,1.1130856187364058,0.8394090712019127,0.8741682954675357
-0.9583659154090078,-0.7369801033246186,-0.8559889736315546,-1.3170037112174509,-0.6787088033066716,0.8951912372798971,0.0477331897163845,-0.2983964833475855,0.38042671226714214,-1.4382095326694684,-0.3828206266185431,-1.4697954956287742,1.2522319827640358,0.2511537716003215,0.7200312099496264,-0.6210828472741807,-1.151336249599865,1.6172512235993977,-1.0170372285158134,0.3994315930209748
1.04344278518422,0.6470200907122222,0.2939542319188126,1.3916770528467621,-0.9095598100744878,0.12794943508067164,1.0206389673751692,-0.8907468224991199,-1.38899985641724,1.474619900585151,-0.0056574476840177594,1.2089801570787926,0.12132649131128928,-0.7534613148009643,-0.9729527535942053,-1.5984789256036493,-0.46656901112897053,1.4491960219784004,-0.9045253315632238,-1.4520415465206127
1.04344278518422,0.6470200907122222,-0.8559889736315546,1.1336640416619181,0.5613169603196603,-1.090145797276861,1.0206389673751692,-1.483097161650654,-1.38899985641724,-0.2730777593676206,0.7486689101850329,1.3550951926810235,-1.2062582160462827,0.36277767008935324,0.7713337542994395,-0.41164083048929456,-1.4366559322960708,0.21679121009108676,-1.2420610224209923,-1.6419362274992368
1.04344278518422,-0.04498000630619821,-0.8559889736315546,-1.4300553486270653,1.5312561705733712,-0.4178205066899107,0.8584880044320385,-0.8907468224991199,-0.504286572075049,0.3094881272833033,-1.5143101634221192,-0.057350151473875385,0.12132649131128928,-0.1395298731112897,-1.38337310839271,0.635569253435136,0.902965465812818,-0.11931919315090783,-1.1295491254684027,1.06406297644616
-0.9583659154090078,-1.428980200343039,-0.8559889736315546,-0.4846154454515047,0.16166185769395522,0.800274725667621,1.0206389673751692,0.8863041949554832,1.2651399966093333,-1.4382095326694684,-0.7599838055530684,1.452505216415844,0.8588735509543849,-0.920897162534512,0.20700576645149563,0.14687121427040176,-1.4366559322960708,-0.39941119585257,-0.17319800137139235,-1.167199525052676
1.04344278518422,1.3390201877306425,-0.28101737085637096,0.4808820062967293,-1.592075830083684,1.298586411632067,-0.2765687361698771,-1.483097161650654,0.38042671226714214,-1.4382095326694684,1.1258320891195583,-0.934040365087261,0.0721566873350829,1.3673927564906392,-0.25471713269682217,1.2638953037897944,1.7018605773621946,1.281140820357403,1.0644328651070916,0.9691156359568479
1.04344278518422,0.6470200907122222,0.8689258346939962,0.30309918940257835,-1.620361921822033,-0.9240419019553792,0.7774125229604731,0.29395385580394884,-0.504286572075049,1.474619900585151,-0.7599838055530684,-1.421090483761364,1.4489111986688614,-1.0325210610235438,1.3869642864971965,0.9846392814099463,-0.06712145535428223,-0.007282392070242962,-0.6795015376580449,-0.45509447138283476
1.04344278518422,-0.04498000630619821,-0.28101737085637096,1.1418694024416485,-1.5428032831846243,0.507615481529773,-0.8440971064708349,1.4786545341070174,0.38042671226714214,-1.4382095326694684,1.1258320891195583,-1.0801554006894918,-0.22286213652215534,1.1999569087570914,-1.6398858301417754,0.007243203080477669,0.7888375927343356,0.38484641171208406,0.5581293288204391,0.5893262739995991
-0.9583659154090078,-0.7369801033246186,1.4438974374691798,0.11984613198860718,-1.499005463718794,-1.1217846344809526,-0.9251725879424003,-0.8907468224991199,-0.504286572075049,0.8920540139342272,-1.5143101634221192,0.4296999672002277,1.2030621787878295,-1.3115808072461232,-0.30601967704663524,-0.5512688416792186,-1.4366559322960708,1.0010488176557408,-1.6358526617550553,1.2539576574247844
1.04344278518422,1.3390201877306425,-1.4309605764067381,-0.703425066244306,-0.9469704475348859,0.9901077488921718,-1.0062480694139657,-1.483097161650654,-1.38899985641724,-0.8556436460185445,1.5029952680540837,1.598620252018075,-0.6653903723080127,0.474401568578385,-0.15211204399719597,0.007243203080477669,-0.7518886938251765,0.5529016133330814,0.5581293288204391,-0.7874101630954273
