Student_ID,Name,Gender,Age,Department,10th_Percentage,12th_Percentage,CGPA,Attendance,Backlogs,Internships,Projects,Certifications,Coding_Rating,Aptitude_Score,Communication,Technical_Skill,Teamwork,Leadership,Problem_Solving,Resume_Score,Mock_Interview,Placement_Score,Placement_Status
STU0001,Krishna Mall,Male,21,Civil,68.43,68.4,6.1,97,2,1,4,0,31,63,69,37,59,68,79,67,36,59.28,0
STU0002,Ijaya Lal,Female,24,Computer Engineering,97.23,96.12,9.32,79,5,1,5,3,56,39,48,47,64,40,73,70,37,69.73,0
STU0003,Nidhi Dalal,Male,21,Mechanical,73.63,83.44,8.23,70,2,1,4,1,81,66,43,89,95,41,94,65,76,75.62,1
STU0004,Advay Balasubramanian,Female,22,Electronics,60.61,97.5,9.66,83,3,0,3,6,33,34,83,85,88,50,56,44,78,70.43,0
STU0005,Ekbal Chakrabarti,Female,20,Electronics,87.17,80.93,7.39,92,3,1,4,4,38,44,81,43,85,50,50,85,78,66.69,0
STU0006,Rajata Buch,Female,22,Electronics,86.65,68.41,8.77,77,2,2,3,8,58,61,56,45,66,82,73,64,47,81.8,1
STU0007,Deepa Wason,Male,23,Mechanical,89.64,65.57,9.33,62,4,2,6,6,72,59,72,37,66,81,65,46,80,84.88,1
STU0008,Janya Gara,Female,20,Mechanical,76.08,80.55,6.81,60,4,1,5,6,91,53,46,92,81,91,58,49,75,74.03,0
STU0009,Shaurya Korpal,Male,22,Computer Engineering,83.36,70.25,9.28,97,4,1,5,3,68,64,67,94,95,99,68,40,87,80.47,1
STU0010,Gautam Patil,Male,24,Mechanical,63.72,71.25,8.31,96,4,0,5,0,79,59,60,99,94,80,64,45,50,68.57,0
STU0011,Jacob Sharma,Female,20,Civil,92.2,64.9,7.03,93,4,1,3,1,52,49,89,73,57,80,92,98,69,61.32,0
STU0012,Watika Sibal,Female,24,Electronics,81.18,87.33,9.75,74,4,3,4,2,100,85,52,46,66,93,44,99,74,88.35,1
STU0013,Hemangini Sha,Male,24,Computer Engineering,67.63,95.39,8.23,69,0,0,2,5,46,68,57,97,51,85,79,91,71,74.31,0
STU0014,Pooja Golla,Male,22,Information Technology,62.28,77.63,9.84,81,1,1,3,1,81,65,100,80,72,75,55,91,46,84.37,1
STU0015,Ekaraj Balakrishnan,Male,24,Civil,91.8,92.85,7.97,85,2,0,5,8,40,62,91,45,76,72,66,89,83,78.46,1
STU0016,Janani Ganesan,Female,20,Civil,62.89,93.19,8.53,73,5,2,4,3,88,43,63,43,80,98,58,64,86,74.42,0
STU0017,Omaja Purohit,Female,22,Civil,74.81,87.93,7.05,96,5,0,2,2,100,32,99,93,74,62,50,58,75,63.57,0
STU0018,Janya Parikh,Female,22,Civil,94.79,93.08,6.8,93,0,2,2,6,76,63,44,43,100,92,82,55,36,82.44,1
STU0019,Zayyan Kar,Male,22,Mechanical,87.47,77.3,7.18,87,3,2,1,7,32,85,76,91,61,79,76,55,75,74.19,0
STU0020,Manan Bath,Male,22,Mechanical,74.12,86.4,6.03,91,1,2,4,6,31,66,100,97,54,63,87,96,49,85.61,1
STU0021,Jairaj Patel,Female,24,Information Technology,61.22,67.33,6.07,98,3,1,4,5,88,36,56,89,81,69,97,75,95,70.2,0
STU0022,Eiravati Kale,Female,23,Electronics,92.18,60.3,9.4,96,0,3,5,3,93,100,73,45,72,46,41,58,53,104.6,1
STU0023,Peter Raju,Female,23,Mechanical,63.19,79.95,6.29,85,1,0,5,6,95,80,71,48,65,86,88,71,96,80.29,1
STU0024,Veda Ganesh,Female,23,Electronics,75.35,92.77,5.78,72,0,0,5,1,96,98,88,72,83,79,68,43,64,85.17,1
STU0025,Krishna Shere,Female,21,Information Technology,86.28,95.29,5.55,72,3,3,5,7,61,92,53,89,68,44,80,52,78,87.41,1
STU0026,Wahab Chakraborty,Female,21,Artificial Intelligence,61.69,88.12,8.86,77,0,1,3,6,75,40,78,62,81,43,99,89,54,83.8,1
STU0027,Amol Vora,Female,22,Computer Engineering,80.07,76.08,8.81,68,5,2,6,4,80,42,86,97,80,96,91,83,96,86.14,1
STU0028,Charita Manda,Female,23,Mechanical,64.14,95.7,7.18,91,2,2,6,0,92,69,55,60,65,96,54,82,79,84.09,1
STU0029,Ekavir Mittal,Female,20,Mechanical,63.75,63.47,8.68,96,3,3,5,0,88,75,70,88,81,56,49,100,100,89.38,1
STU0030,Hemang Sule,Female,24,Electronics,66.7,60.68,6.05,69,5,3,6,4,95,32,52,40,86,97,59,47,73,69.94,0
STU0031,Frado Kalla,Male,23,Computer Engineering,61.61,74.69,8.25,82,4,3,5,4,45,90,53,80,97,74,72,76,81,79.28,1
STU0032,Frado Hegde,Male,20,Information Technology,68.22,73.5,8.74,72,5,3,3,6,79,46,90,78,92,86,69,58,65,80.5,1
STU0033,Ekantika Date,Female,22,Civil,60.02,96.66,8.5,83,5,1,5,5,60,99,71,43,80,58,77,80,94,75.12,1
STU0034,Kashvi Srivastava,Female,22,Civil,64.45,65.15,7.7,68,2,0,3,2,74,88,45,61,81,85,40,93,98,64.26,0
STU0035,Tanmayi Narula,Male,23,Information Technology,70.14,97.5,9.45,95,3,1,5,1,37,36,73,45,53,72,98,83,38,71.36,0
STU0036,Nidra Singhal,Female,23,Artificial Intelligence,66.17,96.83,6.42,73,0,0,4,4,55,86,63,38,53,76,76,77,94,73.74,0
STU0037,Gauri Bhatt,Male,21,Artificial Intelligence,97.73,75.6,9.22,99,0,0,4,4,68,92,73,49,74,53,89,51,67,89.32,1
STU0038,Jack Sani,Female,21,Computer Engineering,74.02,83.16,8.25,79,2,0,2,0,35,70,57,65,89,82,45,82,94,58.62,0
STU0039,Amruta Dhar,Female,22,Civil,80.66,78.26,9.04,77,2,0,2,4,38,91,59,85,95,73,54,100,79,72.02,0
STU0040,Madhavi Basak,Female,20,Artificial Intelligence,94.8,60.03,9.04,81,3,2,3,2,45,92,55,40,68,59,48,88,52,74.06,0
STU0041,Onkar Sarma,Female,21,Civil,87.36,76.18,6.5,65,5,2,3,8,50,78,91,93,79,63,62,74,78,74.3,0
STU0042,Dalaja Kadakia,Male,23,Electronics,64.79,74.35,6.66,78,1,3,3,0,63,88,68,91,76,68,88,59,52,80.28,1
STU0043,Falan Pradhan,Male,22,Electronics,94.13,72.95,6.35,75,0,1,4,4,61,52,61,72,62,95,55,79,57,77.81,1
STU0044,Ikshita Anand,Female,22,Civil,76.26,92.28,9.32,94,1,3,5,7,47,100,70,85,78,89,91,45,82,103.74,1
STU0045,Ekani Nigam,Female,20,Artificial Intelligence,73.23,61.25,6.28,77,0,1,6,2,88,54,71,49,65,75,60,50,97,79.46,1
STU0046,Jasmit Dugar,Female,20,Civil,87.26,72.0,7.12,99,1,3,6,3,37,49,82,70,58,40,51,84,89,86.77,1
STU0047,Lakshmi Deshmukh,Female,22,Electronics,70.95,60.27,9.23,99,0,1,3,0,97,77,63,53,65,58,53,85,70,82.38,1
STU0048,Urvi Swamy,Female,24,Electronics,96.88,78.2,7.09,73,0,0,1,6,97,35,87,45,67,80,45,55,87,74.59,0
STU0049,Pavani Sundaram,Female,20,Information Technology,88.75,93.87,8.05,71,2,1,2,3,53,60,88,94,60,50,90,75,36,74.06,0
STU0050,Tanvi Mann,Male,23,Computer Engineering,93.72,80.54,6.01,81,1,2,6,2,54,54,81,56,72,48,79,54,74,82.7,1
STU0051,Mohini More,Male,20,Civil,67.36,77.06,5.79,93,0,1,1,0,90,66,45,47,71,84,50,57,95,64.97,0
STU0052,Jagdish Golla,Female,23,Mechanical,63.12,86.97,8.86,76,4,2,4,8,59,97,84,60,88,61,88,96,95,87.48,1
STU0053,Rayaan Lall,Male,23,Electronics,76.22,85.43,6.74,81,3,1,5,0,88,39,62,79,68,71,99,68,59,70.89,0
STU0054,Krishna Sekhon,Male,23,Information Technology,90.63,97.71,8.23,64,4,2,5,5,88,93,55,76,74,67,55,85,83,88.09,1
STU0055,Praneel Mody,Female,21,Electronics,92.44,60.95,9.89,93,4,1,4,7,59,80,63,61,53,96,69,61,63,80.02,1
STU0056,Warjas Vasa,Female,23,Computer Engineering,90.27,79.73,9.06,76,2,3,1,0,41,89,47,94,73,71,76,64,78,79.07,1
STU0057,Anay Bobal,Female,22,Civil,68.53,87.01,9.75,71,1,2,4,2,40,61,60,56,97,51,57,55,77,83.3,1
STU0058,Suhani Date,Female,23,Mechanical,90.76,87.0,9.47,91,1,2,1,3,94,92,99,87,69,69,60,62,82,97.17,1
STU0059,Yatan Singh,Female,20,Mechanical,72.37,60.42,5.77,85,0,1,5,3,83,47,66,81,69,96,85,81,68,78.92,1
STU0060,Ishaan Nayak,Male,24,Mechanical,85.76,75.68,8.52,60,4,0,5,8,83,33,42,67,82,40,53,99,96,73.83,0
STU0061,Ojas Chawla,Male,23,Artificial Intelligence,79.52,85.83,6.23,99,5,1,2,7,39,80,62,64,80,96,42,81,90,59.39,0
STU0062,Maanas Bahl,Female,23,Electronics,92.03,76.29,9.81,99,0,0,5,4,37,86,76,48,79,69,61,43,74,86.95,1
STU0063,Gabriel Chakrabarti,Female,20,Artificial Intelligence,95.29,64.52,9.66,97,5,3,2,5,60,68,63,41,63,50,74,51,62,75.35,1
STU0064,Lekha Talwar,Male,24,Civil,70.99,91.49,9.16,97,5,3,4,1,40,64,72,88,51,56,40,89,93,78.82,1
STU0065,Vincent Kannan,Female,21,Information Technology,89.85,97.98,5.72,88,0,0,2,8,90,50,75,47,66,42,83,44,98,77.32,1
STU0066,Vamakshi Narula,Male,24,Mechanical,96.86,77.36,7.44,66,1,3,4,0,84,37,66,67,50,56,44,72,74,84.2,1
STU0067,George Deol,Male,23,Information Technology,73.85,60.29,7.13,70,5,2,4,7,54,99,52,81,99,76,86,73,51,73.47,0
STU0068,Sanaya Chhabra,Female,23,Electronics,77.61,63.03,5.88,69,0,0,4,8,68,51,72,55,54,54,71,53,63,75.27,1
STU0069,Rishi Bhagat,Female,23,Artificial Intelligence,93.42,71.67,8.61,82,0,0,6,8,66,77,47,45,78,49,100,90,56,89.63,1
STU0070,Kabir Keer,Female,21,Mechanical,87.97,69.78,9.18,100,1,2,6,8,44,99,49,49,76,62,94,68,38,96.44,1
STU0071,Dayamai Deol,Female,23,Information Technology,93.6,96.69,9.63,93,5,3,6,2,34,44,82,38,67,44,54,45,81,80.44,1
STU0072,Lohit Agrawal,Male,21,Electronics,71.51,81.03,8.11,95,2,0,5,5,30,81,64,52,78,59,89,96,30,71.42,0
STU0073,Alka Golla,Male,20,Mechanical,60.58,76.79,9.0,72,2,3,6,6,44,98,45,67,58,69,98,65,59,91.94,1
STU0074,Keya Gour,Female,20,Information Technology,70.57,86.59,8.24,83,1,0,1,3,81,57,86,48,96,86,94,98,31,69.6,0
STU0075,Pooja Handa,Male,22,Electronics,72.82,60.92,7.85,89,4,3,2,4,53,70,99,93,53,93,94,60,40,75.67,1
STU0076,Neelima Madan,Female,23,Information Technology,70.63,91.5,8.72,89,5,3,1,8,96,37,61,100,67,75,55,66,59,82.3,1
STU0077,Neel Bhattacharyya,Female,23,Artificial Intelligence,69.13,82.98,8.33,83,4,1,2,7,48,73,46,55,62,50,97,80,95,62.62,0
STU0078,Urvashi Handa,Male,23,Civil,96.74,92.44,6.3,92,2,0,5,4,95,47,86,95,86,50,92,98,86,83.17,1
STU0079,Nikita Sharma,Female,20,Electronics,60.04,61.03,6.02,71,2,0,4,7,54,83,65,74,90,64,54,45,63,69.0,0
STU0080,Sanya Nath,Female,22,Mechanical,69.57,78.8,7.19,76,1,0,4,2,40,95,61,95,92,54,85,92,79,73.12,0
STU0081,Yachana Tak,Female,24,Computer Engineering,79.87,94.45,5.72,83,2,2,1,3,74,66,95,56,58,87,58,61,79,73.82,0
STU0082,Max Johal,Male,22,Electronics,75.67,85.43,8.04,96,2,0,4,8,86,80,84,70,56,42,96,77,55,85.29,1
STU0083,Harita Mall,Female,20,Artificial Intelligence,91.37,80.11,6.67,82,0,3,1,0,33,99,68,76,90,46,61,96,72,77.84,1
STU0084,Lakshit Ganesh,Female,22,Civil,72.65,74.19,9.37,92,3,1,3,8,47,39,53,85,92,82,93,86,79,73.77,0
STU0085,Tamanna Narasimhan,Female,23,Information Technology,74.63,72.49,8.11,86,5,3,4,1,39,68,49,49,63,98,46,58,79,65.68,0
STU0086,Chasmum Cheema,Male,22,Computer Engineering,86.98,82.32,7.8,66,5,1,6,0,79,75,58,81,50,69,97,100,41,71.08,0
STU0087,Odika Sampath,Female,20,Artificial Intelligence,84.04,68.3,7.69,91,4,0,5,5,63,59,47,87,62,97,95,99,76,68.91,0
STU0088,Hitesh Ganguly,Male,24,Electronics,89.03,88.24,7.44,78,0,1,2,0,81,91,74,52,75,65,74,95,83,77.36,1
STU0089,Indrajit Saxena,Female,22,Artificial Intelligence,82.7,82.84,7.72,61,3,3,2,8,65,43,47,46,63,66,42,68,71,73.39,0
STU0090,Leena Kade,Female,21,Computer Engineering,97.95,70.09,9.79,87,4,0,1,8,97,65,84,88,84,61,100,75,60,79.98,1
STU0091,Abdul Shanker,Female,22,Information Technology,88.41,90.9,9.41,68,0,3,2,8,37,78,57,49,86,55,98,76,96,91.1,1
STU0092,Adweta Morar,Female,21,Civil,60.19,69.66,8.21,87,3,3,1,5,54,95,40,55,55,73,60,67,49,70.85,0
STU0093,George Dhingra,Female,22,Electronics,96.35,96.16,9.04,90,3,3,4,8,58,52,77,49,94,50,68,67,82,92.33,1
STU0094,Michael Kamdar,Female,24,Mechanical,90.22,79.46,8.33,100,2,0,3,7,63,79,80,92,69,49,71,74,30,80.18,1
STU0095,Meghana Munshi,Male,23,Artificial Intelligence,89.75,95.41,5.52,61,1,0,4,5,54,61,47,78,75,90,97,65,47,71.31,0
STU0096,Hitesh Bhat,Female,21,Information Technology,74.65,84.49,7.71,81,4,2,3,7,46,92,69,87,87,76,68,48,96,77.08,1
STU0097,Waida Dixit,Male,20,Electronics,78.04,85.98,5.58,62,2,2,3,8,65,47,58,46,91,42,69,61,81,72.51,0
STU0098,Thomas Sachar,Female,22,Mechanical,60.94,86.22,7.51,61,4,1,5,1,55,63,41,95,81,60,52,41,85,64.94,0
STU0099,Anvi Bansal,Female,21,Computer Engineering,60.78,69.85,5.91,61,5,1,2,8,57,31,88,77,96,88,75,51,48,56.08,0
STU0100,Kalpit Vora,Female,24,Artificial Intelligence,69.76,92.69,6.19,92,3,1,5,4,68,49,87,86,69,43,55,55,70,75.62,1
STU0101,Diya Radhakrishnan,Male,21,Information Technology,69.79,68.08,6.29,96,1,1,1,8,61,45,81,39,58,87,95,83,34,66.82,0
STU0102,Ishanvi Sabharwal,Female,24,Artificial Intelligence,95.87,68.25,9.42,67,5,0,6,4,85,47,63,99,56,63,95,67,93,78.25,1
STU0103,Umang Toor,Male,24,Civil,80.54,81.43,7.17,97,0,1,4,0,61,94,76,97,67,68,54,53,89,84.24,1
STU0104,Mitali Dey,Male,21,Electronics,78.4,88.17,5.73,89,1,2,2,2,91,58,100,41,76,71,90,75,36,78.12,1
STU0105,Anjali Nagarajan,Male,21,Artificial Intelligence,85.13,84.16,9.59,63,2,0,4,7,72,71,93,70,76,94,60,68,94,87.46,1
STU0106,Janaki Garg,Female,24,Electronics,92.31,93.81,5.55,94,2,2,6,2,100,78,43,85,60,73,44,44,41,89.01,1
STU0107,Megha Narayan,Male,21,Artificial Intelligence,70.61,85.15,8.21,85,3,3,3,4,97,98,49,88,94,97,55,70,80,87.3,1
STU0108,Laksh Thakur,Male,23,Civil,78.32,84.55,5.72,78,1,3,1,4,49,74,96,100,65,51,59,44,85,80.98,1
STU0109,Chandresh Dada,Male,23,Electronics,91.31,85.14,9.81,100,0,1,1,6,55,41,78,73,69,73,91,65,64,83.71,1
STU0110,Urvi Sangha,Male,21,Mechanical,83.95,78.6,6.93,86,2,0,1,7,92,61,51,84,50,74,78,42,31,70.81,0
STU0111,Michael Lata,Female,20,Information Technology,89.32,83.43,6.97,88,5,0,4,2,97,82,66,88,56,41,71,68,70,70.77,0
STU0112,Aarav Prashad,Male,22,Electronics,86.83,89.15,8.08,98,5,0,5,5,69,66,81,89,75,62,83,75,84,74.61,0
STU0113,Finn Sinha,Male,23,Artificial Intelligence,74.11,84.6,5.83,62,5,0,5,5,36,82,85,60,76,53,51,76,66,60.73,0
STU0114,Jack Mahajan,Male,24,Information Technology,85.82,81.71,8.82,95,1,0,2,0,45,67,96,68,59,55,55,89,51,72.99,0
STU0115,Vidhi Shetty,Female,24,Information Technology,85.51,72.05,5.52,82,0,0,1,1,83,75,73,51,52,76,64,96,97,66.25,0
STU0116,Oni Parikh,Female,20,Civil,89.35,75.69,6.27,61,5,2,3,1,90,51,89,37,62,77,73,61,40,64.29,0
STU0117,Irya Ganesh,Female,22,Computer Engineering,73.27,95.46,7.49,69,5,3,6,8,40,31,67,72,50,46,43,96,71,77.3,1
STU0118,Agastya Wali,Female,24,Mechanical,76.88,88.11,7.27,96,0,1,2,4,37,74,41,86,67,40,74,64,70,72.49,0
STU0119,Suhani Chaudhary,Female,24,Electronics,69.82,94.54,9.36,79,5,1,5,1,78,73,93,85,80,90,72,55,68,79.91,1
STU0120,Ekaraj Kara,Male,23,Computer Engineering,72.13,92.31,8.45,65,1,3,2,0,74,100,87,93,52,85,50,99,71,88.69,1
STU0121,Azaan Om,Female,20,Information Technology,64.12,62.67,9.86,82,0,2,1,6,90,66,55,99,76,56,98,84,93,92.0,1
STU0122,Harita Mandal,Female,24,Artificial Intelligence,82.34,87.54,7.89,71,3,0,4,1,100,87,76,55,80,89,55,85,59,75.12,1
STU0123,Xiti Nagarajan,Female,21,Electronics,88.28,95.84,8.61,83,1,2,1,6,71,39,66,79,79,70,68,72,74,85.83,1
STU0124,Chakrika Sethi,Male,21,Artificial Intelligence,92.83,66.15,6.15,82,0,0,5,1,59,94,54,99,50,58,81,53,34,78.85,1
STU0125,Advay Dani,Female,20,Information Technology,97.39,81.9,7.04,68,2,2,6,5,84,70,86,67,99,96,40,43,55,92.31,1
STU0126,Vansha Chakraborty,Male,24,Computer Engineering,94.23,62.6,9.36,68,1,2,3,2,71,38,92,93,87,72,93,90,55,87.75,1
STU0127,Orinder Gole,Male,21,Electronics,87.66,95.77,5.61,62,3,3,6,0,65,85,48,91,82,47,73,61,69,81.81,1
STU0128,Chatura Sankaran,Female,20,Mechanical,79.17,60.41,7.46,76,5,0,6,4,73,57,80,76,97,76,58,87,62,67.93,0
STU0129,Advik Chacko,Female,24,Electronics,68.12,96.98,8.56,80,2,1,2,2,35,40,40,38,77,71,81,58,88,60.68,0
STU0130,Xiti Walia,Female,21,Mechanical,75.49,96.53,8.29,74,0,3,2,8,69,57,100,64,50,62,73,82,70,93.93,1
STU0131,Ridhi Ranganathan,Male,23,Computer Engineering,89.94,90.04,8.6,90,4,0,4,2,82,38,67,84,53,46,58,84,65,73.9,0
STU0132,Vasatika Dhar,Male,23,Civil,78.1,74.02,7.52,100,5,2,2,2,75,95,52,81,66,83,48,76,80,69.3,0
STU0133,Anika Contractor,Male,21,Electronics,88.85,81.94,5.72,82,1,1,1,1,39,53,44,75,67,82,56,51,57,58.67,0
STU0134,Nandini Kaur,Female,24,Civil,60.98,77.01,9.8,70,1,1,2,5,85,71,83,91,84,92,57,40,44,86.15,1
STU0135,Jeet Bahri,Female,22,Civil,60.22,74.73,6.14,85,2,2,3,1,100,41,93,49,94,60,89,43,58,73.32,0
STU0136,Jeet Bhavsar,Male,23,Civil,88.65,68.49,6.86,66,5,0,3,1,67,88,96,45,84,57,65,71,73,57.68,0
STU0137,Pranit Dyal,Male,24,Information Technology,96.45,92.24,7.11,85,0,3,1,1,96,53,94,60,63,93,94,87,65,87.44,1
STU0138,Praneel Rout,Male,20,Computer Engineering,66.53,68.03,9.21,73,0,2,3,4,31,60,79,88,80,48,47,77,70,84.88,1
STU0139,Jagat Goda,Female,23,Computer Engineering,65.32,94.06,7.47,86,1,1,6,4,61,76,72,71,51,87,98,93,97,84.23,1
STU0140,Dhruv Iyengar,Female,24,Electronics,95.44,85.36,6.69,60,2,0,3,6,57,43,71,46,91,41,91,70,31,65.01,0
STU0141,Charvi Nanda,Female,21,Information Technology,87.75,82.44,5.59,67,3,2,5,7,50,99,86,82,96,79,80,71,47,84.75,1
STU0142,Chakrika Lata,Female,20,Computer Engineering,77.49,91.46,5.78,94,4,3,3,4,72,54,61,44,83,51,58,54,33,69.86,0
STU0143,Shivani Wason,Male,24,Artificial Intelligence,75.82,69.45,9.8,63,0,0,6,5,67,92,91,94,99,76,61,44,78,97.03,1
STU0144,Omya Jani,Male,21,Computer Engineering,80.63,66.88,8.01,87,1,3,5,4,82,87,78,52,50,49,72,65,92,94.12,1
STU0145,Ishaan Salvi,Male,20,Artificial Intelligence,91.53,83.75,6.87,65,5,2,6,1,80,90,83,67,70,41,71,94,33,79.52,1
STU0146,Laksh Bala,Female,21,Computer Engineering,66.31,83.85,8.83,94,5,0,2,1,37,37,66,96,85,73,41,88,96,55.83,0
STU0147,Bachittar Raju,Male,23,Artificial Intelligence,96.89,65.85,9.68,60,2,3,5,0,71,61,45,93,60,48,71,49,86,90.18,1
STU0148,Gagan Dash,Female,20,Mechanical,82.82,88.79,8.55,90,0,0,3,7,78,58,100,90,86,46,62,98,74,91.26,1
STU0149,Balhaar Pingle,Female,24,Computer Engineering,97.9,70.11,5.73,82,3,3,5,5,75,58,71,46,75,82,78,43,71,81.11,1
STU0150,Sudiksha Modi,Female,20,Artificial Intelligence,85.03,96.38,6.35,76,1,1,4,5,48,56,97,98,62,89,95,83,65,81.94,1
STU0151,Bina Ahuja,Male,23,Civil,83.41,92.44,7.67,60,2,2,5,8,53,45,98,37,51,48,65,84,44,84.88,1
STU0152,Aradhana Vaidya,Male,21,Electronics,65.47,93.21,8.69,64,0,2,5,6,77,88,97,81,74,78,66,49,32,104.6,1
STU0153,Falak Karpe,Male,23,Electronics,76.68,97.72,9.15,64,4,1,5,3,79,55,76,70,59,93,53,65,71,79.89,1
STU0154,Charita Doctor,Male,21,Artificial Intelligence,71.27,92.85,5.99,81,2,1,3,1,94,47,59,39,50,91,83,94,43,65.04,0
STU0155,Ishani Gala,Female,22,Artificial Intelligence,83.67,83.76,6.02,62,1,0,4,3,89,67,63,90,98,89,69,66,45,77.23,1
STU0156,Vaishnavi Reddy,Female,20,Computer Engineering,72.5,89.31,8.95,80,5,1,1,3,94,52,94,58,54,46,54,63,93,68.58,0
STU0157,Chandani Pillay,Male,24,Artificial Intelligence,79.63,78.42,8.91,65,4,1,2,4,49,92,100,38,50,42,74,58,95,69.22,0
STU0158,Yashasvi Shan,Male,21,Artificial Intelligence,64.65,97.18,7.85,97,0,1,5,4,36,97,51,79,76,86,78,78,36,83.83,1
STU0159,Niharika Oak,Female,20,Electronics,92.4,71.11,5.76,100,3,1,2,6,87,73,86,41,92,43,42,61,72,69.92,0
STU0160,Udyati Thakkar,Female,22,Electronics,65.98,87.33,6.12,84,4,3,2,7,85,33,61,75,80,77,82,72,53,72.42,0
STU0161,Jagvi Jain,Male,21,Civil,71.1,64.37,7.51,92,1,1,3,3,42,80,78,47,59,43,86,46,56,68.97,0
STU0162,Qadim Borde,Male,20,Artificial Intelligence,94.16,71.76,5.68,70,2,1,1,1,57,91,91,100,72,87,40,88,72,68.2,0
STU0163,Madhavi Hans,Female,22,Electronics,92.34,65.88,6.72,67,5,2,2,5,39,39,95,94,59,53,40,65,54,64.26,0
STU0164,Michael Mani,Male,21,Civil,82.99,73.93,7.67,82,2,1,4,1,63,41,73,87,70,77,96,82,97,72.68,0
STU0165,Urishilla Goswami,Female,21,Artificial Intelligence,62.06,90.75,6.96,78,4,2,5,6,56,30,87,84,92,98,71,74,69,76.6,1
STU0166,Arin Garg,Female,20,Electronics,60.01,88.1,7.71,99,2,2,2,5,72,56,84,44,90,100,42,85,38,76.38,1
STU0167,Charan Kohli,Female,23,Mechanical,64.21,75.07,7.85,93,0,0,4,4,80,67,76,94,84,44,77,57,92,83.98,1
STU0168,Upkaar Hans,Female,21,Information Technology,64.0,91.03,5.76,94,1,0,2,6,79,42,55,48,63,55,91,60,41,65.07,0
STU0169,Libni Sankar,Female,22,Electronics,62.85,62.31,7.77,63,5,0,6,1,76,62,79,55,81,49,41,77,66,62.21,0
STU0170,Chameli Saini,Female,23,Computer Engineering,94.08,93.14,7.73,87,3,1,2,8,32,56,99,59,90,62,42,62,73,70.73,0
STU0171,Eshana Devan,Female,20,Civil,79.51,94.18,9.73,92,0,2,5,0,41,92,78,75,57,70,95,89,59,96.08,1
STU0172,Mitali Bhasin,Female,20,Computer Engineering,67.74,72.04,6.22,88,2,3,3,0,39,38,76,80,79,44,53,100,98,68.07,0
STU0173,Onveer Madan,Male,20,Information Technology,72.07,85.81,5.8,85,0,0,6,2,76,91,42,47,74,80,59,77,94,77.04,1
STU0174,Harsh Kade,Female,24,Artificial Intelligence,81.62,72.68,9.7,78,0,2,6,8,53,85,69,94,71,59,58,70,63,105.48,1
STU0175,Umang Kannan,Male,22,Civil,65.47,86.82,6.0,77,1,1,6,8,67,83,85,69,80,69,70,43,91,86.83,1
STU0176,Aadhya Chowdhury,Female,24,Artificial Intelligence,65.17,71.69,9.42,66,0,3,5,2,62,85,61,59,98,64,81,85,55,94.63,1
STU0177,Janani Chaudhuri,Female,23,Artificial Intelligence,90.48,78.34,9.28,97,3,0,1,0,56,49,97,66,81,63,65,83,48,65.89,0
STU0178,Dayamai Sarna,Female,20,Computer Engineering,86.78,82.3,8.53,80,2,2,1,2,81,97,49,69,61,67,59,58,33,81.62,1
STU0179,Mason Sarna,Male,21,Information Technology,60.78,61.08,6.0,61,2,0,3,2,62,71,52,38,58,73,80,70,55,54.64,0
STU0180,Lavanya Krishna,Female,23,Computer Engineering,65.66,82.28,8.22,74,1,3,3,6,76,68,43,88,51,80,70,55,61,87.23,1
STU0181,Dhriti Vora,Male,24,Mechanical,74.33,70.23,9.14,81,5,1,2,6,60,97,94,66,85,89,99,57,52,72.49,0
STU0182,Karan Garg,Male,20,Artificial Intelligence,80.2,74.81,9.7,73,3,2,6,6,100,56,84,100,97,81,59,50,95,100.55,1
STU0183,Gayathri Swaminathan,Female,22,Computer Engineering,90.92,60.9,8.71,93,0,2,5,2,49,78,63,37,76,78,87,69,96,88.4,1
STU0184,Xalak Parmer,Female,21,Mechanical,82.25,72.08,6.93,85,1,0,5,4,48,81,66,42,93,70,95,61,52,72.64,0
STU0185,Ishaan Borra,Male,21,Artificial Intelligence,61.93,79.92,5.96,87,4,2,6,6,95,59,65,65,90,84,80,93,93,80.6,1
STU0186,Imaran Wable,Male,21,Electronics,87.18,61.39,6.69,97,1,1,4,8,74,52,92,35,88,77,45,73,68,80.09,1
STU0187,Aashi Srinivasan,Male,22,Civil,70.26,89.43,7.63,93,0,2,3,0,72,57,79,97,67,79,54,50,70,84.98,1
STU0188,Ayushman Manda,Female,20,Information Technology,95.77,77.95,6.38,94,1,2,5,6,78,95,74,35,82,43,79,64,52,90.93,1
STU0189,Henry Toor,Female,23,Civil,65.28,93.19,5.89,72,1,1,1,4,78,93,85,58,97,53,80,97,57,72.53,0
STU0190,Saumya Srinivasan,Male,24,Computer Engineering,65.33,68.98,8.21,77,4,3,1,4,47,79,78,53,72,83,66,100,42,67.75,0
STU0191,Turvi Sekhon,Female,21,Computer Engineering,64.43,71.14,7.94,77,4,3,2,1,93,94,80,95,52,81,74,86,64,79.14,1
STU0192,Bhavani Kata,Male,23,Electronics,94.36,68.12,7.85,93,1,0,6,4,90,69,57,49,52,62,96,53,35,82.6,1
STU0193,Christopher Dey,Female,22,Computer Engineering,89.44,97.21,8.61,90,1,0,5,6,90,84,88,35,100,66,68,41,70,92.59,1
STU0194,Meera Doctor,Female,22,Computer Engineering,91.56,68.53,9.43,86,0,0,6,5,65,31,55,86,65,57,91,98,48,88.12,1
STU0195,Gagan Dayal,Male,24,Electronics,87.42,93.9,9.77,98,3,1,6,5,47,76,61,95,93,78,100,88,78,88.82,1
STU0196,Vinaya Char,Male,22,Electronics,65.61,97.16,6.36,96,1,0,1,2,44,98,100,80,61,46,50,57,40,69.2,0
STU0197,Aditya Kanda,Male,23,Artificial Intelligence,81.16,86.91,5.71,75,5,1,5,8,99,58,52,79,64,58,80,92,97,73.73,0
STU0198,Max Kashyap,Female,23,Artificial Intelligence,89.81,65.69,8.42,78,3,1,2,6,85,82,41,92,53,69,56,84,88,74.54,0
STU0199,Oscar Tella,Female,22,Information Technology,85.82,72.73,9.36,89,5,3,4,2,80,68,97,60,75,51,77,76,83,85.53,1
STU0200,Advik Misra,Male,23,Civil,97.99,70.07,5.83,69,2,3,3,4,36,86,61,35,52,99,94,56,80,71.52,0
STU0201,Samuel Randhawa,Male,21,Mechanical,95.24,72.19,9.04,68,3,2,6,7,85,42,82,81,61,63,92,47,85,95.47,1
STU0202,Omya Dubey,Female,23,Information Technology,92.69,71.1,5.77,69,1,2,6,2,92,72,45,58,67,96,68,99,71,84.67,1
STU0203,Girik Bahl,Male,21,Civil,87.08,63.47,9.43,99,4,1,1,1,77,53,97,93,52,100,72,68,46,71.72,0
STU0204,Fariq Narayanan,Male,23,Computer Engineering,93.58,71.49,9.73,60,3,1,5,0,31,96,52,84,87,59,95,73,70,75.82,1
STU0205,Ekansh Natt,Female,22,Artificial Intelligence,69.31,91.97,7.65,61,4,3,5,8,79,61,98,80,68,76,62,86,90,90.23,1
STU0206,Upma Agate,Female,21,Computer Engineering,78.01,85.68,9.44,99,5,2,5,8,35,61,55,65,59,93,53,73,49,80.55,1
STU0207,Edhitha Arora,Male,20,Computer Engineering,93.31,91.65,8.31,61,2,3,1,3,50,76,87,55,73,64,61,46,41,78.47,1
STU0208,Lila Loyal,Male,21,Civil,79.48,60.65,9.05,100,0,2,2,4,85,70,100,67,96,41,77,82,40,93.56,1
STU0209,Sachi Golla,Female,23,Civil,78.39,94.72,9.73,72,0,0,3,0,79,73,75,68,92,60,72,54,82,82.82,1
STU0210,Ekansh Tak,Female,20,Computer Engineering,61.32,87.21,5.59,74,5,1,1,0,72,74,83,49,93,47,99,80,52,51.13,0
STU0211,Aadhya Jhaveri,Male,23,Electronics,69.79,92.57,6.77,60,4,3,6,6,97,91,54,99,92,53,44,94,54,91.73,1
STU0212,Widisha Atwal,Female,24,Electronics,91.84,71.78,9.73,70,1,3,6,2,35,69,42,63,94,84,43,48,83,89.97,1
STU0213,Frado Rau,Female,23,Mechanical,79.76,91.49,8.36,93,4,1,4,6,59,62,74,72,58,91,97,83,65,75.15,1
STU0214,Darpan Raman,Female,23,Artificial Intelligence,66.22,74.98,6.93,69,0,1,5,1,38,49,82,46,81,41,68,84,100,70.83,0
STU0215,Kala Thaker,Female,21,Computer Engineering,82.69,80.01,6.57,61,5,2,5,0,50,35,58,77,74,55,74,74,66,62.96,0
STU0216,Chatresh Devan,Male,21,Mechanical,75.04,97.18,7.67,99,0,0,6,3,98,97,94,46,54,54,41,81,93,92.91,1
STU0217,Victor Wali,Female,20,Computer Engineering,69.81,79.64,8.97,96,3,3,1,5,66,49,45,83,91,51,52,60,76,78.28,1
STU0218,Yashoda Bains,Male,22,Computer Engineering,93.26,91.19,6.54,88,3,3,6,5,57,87,77,68,65,78,54,90,81,89.68,1
STU0219,Harinakshi Tandon,Male,21,Mechanical,85.76,81.4,8.71,92,3,2,1,7,95,80,85,75,82,98,65,69,41,88.99,1
STU0220,Baljiwan Boase,Male,23,Civil,71.6,70.96,9.47,82,5,2,1,8,37,61,64,60,94,74,57,61,39,68.35,0
STU0221,Theodore Hayer,Male,20,Mechanical,72.41,62.14,7.41,86,2,0,2,4,85,88,55,82,53,42,72,94,37,69.82,0
STU0222,Jagat Sastry,Male,20,Civil,85.6,91.07,6.71,94,4,2,1,5,36,53,50,47,90,85,82,100,42,60.19,0
STU0223,Mohammed Kumar,Male,23,Mechanical,91.32,86.88,8.35,95,4,0,3,4,37,38,100,69,79,80,89,52,69,63.52,0
STU0224,Libni Devan,Female,21,Civil,81.58,83.53,9.17,91,4,2,3,5,82,93,70,43,59,71,61,99,60,83.3,1
STU0225,Yashodhara Bajwa,Female,24,Computer Engineering,95.08,61.26,7.63,96,1,2,4,1,86,72,72,61,89,70,43,40,48,86.09,1
STU0226,Jack Lad,Female,23,Information Technology,63.88,97.36,8.0,94,0,0,5,2,39,62,58,87,88,78,75,85,50,77.37,1
STU0227,Anika Sule,Male,20,Information Technology,77.84,75.44,9.48,99,5,3,1,5,40,32,78,39,80,95,59,51,55,67.14,0
STU0228,Raksha Iyer,Female,22,Mechanical,73.33,84.33,7.19,87,1,0,4,6,74,59,84,82,53,67,49,46,75,81.1,1
STU0229,Indali Seshadri,Female,20,Artificial Intelligence,82.16,60.45,9.44,78,4,1,1,2,87,75,40,70,82,60,69,76,61,66.59,0
STU0230,Jagrati Kumer,Female,22,Civil,77.43,67.75,9.82,64,3,2,5,6,67,91,77,51,89,44,90,54,78,90.31,1
STU0231,Pranit Sastry,Male,21,Civil,70.94,90.9,5.89,99,2,2,4,8,31,35,49,57,86,69,54,68,59,72.66,0
STU0232,Chakrika Pal,Female,24,Mechanical,91.78,72.1,5.69,80,1,0,2,4,66,61,81,40,72,64,79,97,54,64.87,0
STU0233,Prisha Badal,Female,24,Artificial Intelligence,95.54,92.16,9.37,81,4,0,5,0,87,38,67,88,54,57,80,94,80,76.91,1
STU0234,Yashoda Lall,Male,22,Civil,72.01,72.77,7.5,80,1,2,6,4,65,46,65,45,77,56,93,97,45,82.83,1
STU0235,Warda Verma,Male,20,Artificial Intelligence,68.9,90.54,7.44,72,2,2,2,5,76,67,57,57,51,100,82,65,95,75.92,1
STU0236,Imaran Ramachandran,Male,20,Electronics,86.8,65.11,8.05,91,4,3,5,7,76,52,77,91,96,61,95,55,64,88.24,1
STU0237,Ikshita Tara,Female,22,Artificial Intelligence,86.86,88.86,7.26,94,4,1,1,5,84,75,41,48,95,44,62,40,35,63.79,0
STU0238,Idika Chaudry,Male,20,Artificial Intelligence,64.13,73.04,9.6,83,1,0,1,8,54,93,73,66,89,44,97,56,67,78.37,1
STU0239,Omkaar Dixit,Female,24,Mechanical,84.66,92.24,5.66,97,2,1,5,4,87,96,100,44,82,94,44,41,53,83.91,1
STU0240,Sanya Kohli,Male,23,Civil,91.53,84.24,6.31,93,0,0,3,6,93,42,77,83,69,45,74,47,31,81.0,1
STU0241,Yashica Patla,Female,21,Information Technology,86.94,86.08,8.19,86,3,3,5,0,79,54,54,51,82,100,71,66,88,80.73,1
STU0242,Tanmayi Sarkar,Female,23,Information Technology,85.21,60.37,5.69,88,4,1,1,2,40,73,88,84,51,81,45,94,45,55.84,0
STU0243,Omya Mangal,Male,24,Information Technology,60.36,71.25,5.89,97,1,2,4,8,48,35,46,94,87,54,60,96,95,78.49,1
STU0244,Eta Lad,Female,20,Mechanical,78.01,73.71,5.54,88,2,3,5,1,96,86,92,64,83,92,95,63,85,88.25,1
STU0245,Balendra Hora,Male,20,Computer Engineering,81.48,62.14,5.65,86,3,3,1,5,88,48,100,70,88,58,94,73,48,74.96,0
STU0246,Lakshmi Barad,Female,22,Civil,95.27,92.61,9.35,99,2,1,6,1,79,39,99,85,69,61,54,78,98,91.59,1
STU0247,Wridesh Sawhney,Male,24,Artificial Intelligence,88.16,65.58,6.76,64,0,2,1,2,80,49,90,56,84,95,61,41,50,76.59,1
STU0248,Simon Vasa,Female,24,Computer Engineering,94.62,76.01,7.35,98,0,3,6,3,59,35,63,44,68,73,59,73,89,88.71,1
STU0249,Mugdha Sampath,Male,23,Mechanical,69.61,96.08,5.65,66,5,1,6,3,86,85,59,69,66,56,96,93,44,70.37,0
STU0250,Chavvi Lad,Male,24,Electronics,87.09,89.12,6.54,93,3,1,4,5,53,55,43,70,65,64,94,81,71,69.1,0
STU0251,Harshil Bobal,Female,23,Computer Engineering,66.18,62.65,9.16,67,3,1,4,1,92,39,50,56,82,52,86,98,35,70.85,0
STU0252,Pranav Rege,Female,20,Mechanical,94.05,93.93,7.19,61,1,0,1,8,62,57,83,50,59,51,89,75,32,71.53,0
STU0253,Girindra Choudhary,Male,23,Civil,90.32,81.65,5.5,71,4,0,4,3,69,64,78,64,88,97,46,42,68,63.7,0
STU0254,Avi Bala,Female,21,Artificial Intelligence,82.41,64.74,9.82,67,1,0,2,8,39,60,92,39,82,97,87,54,59,74.66,0
STU0255,Tristan Chakraborty,Female,20,Civil,69.38,87.18,7.59,65,2,0,6,4,31,39,53,57,99,97,42,54,93,65.64,0
STU0256,Ekiya Dhawan,Female,23,Computer Engineering,60.69,80.37,9.23,65,3,0,2,8,95,69,87,50,92,73,83,53,83,76.67,1
STU0257,Fiyaz Bedi,Male,23,Civil,79.43,64.14,6.71,92,4,1,1,2,96,97,41,60,90,42,58,91,77,61.58,0
STU0258,Vedhika Prabhakar,Male,20,Information Technology,88.28,72.43,9.16,67,1,3,1,2,32,97,54,97,69,44,88,73,44,83.34,1
STU0259,Neel Bhatnagar,Male,20,Information Technology,76.03,66.53,7.97,97,5,3,4,4,95,32,59,36,87,77,47,59,51,73.0,0
STU0260,Ishwar Yadav,Female,20,Civil,96.58,85.27,7.39,70,1,2,6,8,69,60,71,37,77,91,60,43,64,91.62,1
STU0261,Qasim Manda,Female,23,Artificial Intelligence,75.09,69.95,7.51,99,2,3,1,3,41,100,55,70,99,40,42,47,97,74.12,0
STU0262,Upasna Gara,Female,20,Mechanical,73.96,68.29,9.79,73,0,0,2,7,91,83,56,85,88,42,97,48,60,87.51,1
STU0263,Faras Samra,Female,22,Information Technology,78.42,66.98,6.89,66,2,1,5,7,71,38,98,40,59,73,95,88,55,75.87,1
STU0264,Azaan Memon,Male,21,Artificial Intelligence,86.42,94.98,9.29,88,5,1,2,6,53,79,48,83,65,89,64,70,52,71.07,0
STU0265,Libni Ray,Male,20,Information Technology,76.98,79.49,6.61,76,5,0,3,4,85,66,71,88,100,72,91,67,91,62.92,0
STU0266,Hemang Mohanty,Female,20,Mechanical,86.4,72.99,5.82,73,2,0,3,5,36,90,78,99,76,42,99,75,51,68.33,0
STU0267,Michael Gaba,Male,21,Mechanical,69.22,84.26,6.12,85,2,2,5,3,31,97,57,73,70,86,44,56,53,77.19,1
STU0268,Diya Ganguly,Female,22,Electronics,67.65,96.47,8.76,88,2,1,4,0,81,70,76,75,76,90,51,72,42,82.58,1
STU0269,Manbir Garg,Male,22,Computer Engineering,87.29,85.4,9.27,65,4,3,6,6,55,44,50,52,76,41,97,40,60,84.91,1
STU0270,Krishna Lanka,Female,23,Artificial Intelligence,61.44,93.44,6.01,96,0,3,2,2,76,80,41,100,85,70,56,50,70,83.81,1
STU0271,Rajeshri Toor,Male,21,Mechanical,60.8,75.2,7.68,78,4,3,1,3,32,52,54,75,68,82,79,50,33,60.76,0
STU0272,Tanveer Dube,Male,22,Mechanical,79.02,91.18,6.0,89,3,2,3,1,87,72,61,64,75,77,51,55,37,73.22,0
STU0273,Qabil Ganesan,Female,21,Mechanical,93.93,88.65,6.29,93,0,1,5,8,87,37,79,43,56,54,60,53,75,87.44,1
STU0274,Ucchal Viswanathan,Female,24,Electronics,85.32,65.22,6.54,65,4,0,4,8,39,49,88,78,68,42,77,58,73,64.73,0
STU0275,Aadi Ray,Male,20,Mechanical,76.58,62.96,9.68,65,0,0,6,1,83,45,82,93,68,88,64,64,99,89.01,1
STU0276,Krishna Edwin,Male,23,Mechanical,61.05,87.16,7.78,94,3,1,5,0,72,30,64,67,86,50,96,76,93,67.98,0
STU0277,Vinaya Subramaniam,Male,21,Artificial Intelligence,67.66,85.89,8.17,91,0,3,2,1,62,81,68,99,53,62,57,90,51,87.35,1
STU0278,Patrick Kannan,Male,24,Mechanical,60.4,85.61,8.41,87,5,0,1,8,67,61,79,45,94,64,61,43,58,59.32,0
STU0279,Charvi Dua,Male,22,Civil,63.41,94.87,7.16,91,1,1,4,0,64,69,68,41,84,86,68,49,88,72.1,0
STU0280,Bachittar Korpal,Female,22,Electronics,68.59,68.02,6.41,97,5,3,4,3,51,41,49,71,94,100,60,66,35,65.08,0
STU0281,Daniel Handa,Female,20,Civil,73.8,72.38,6.86,78,4,2,3,6,52,41,44,91,79,72,64,62,45,66.64,0
STU0282,Januja Dash,Female,21,Mechanical,91.34,93.81,7.34,96,3,0,1,5,91,97,82,74,92,96,60,87,65,74.94,0
STU0283,Gautam Shanker,Male,22,Mechanical,97.62,74.38,8.43,96,4,2,2,4,93,67,88,79,62,87,91,60,59,81.21,1
STU0284,Darpan Pal,Female,22,Computer Engineering,89.08,70.18,6.73,69,4,3,1,1,71,72,61,70,72,70,52,40,47,66.79,0
STU0285,Qadim Ganguly,Female,22,Civil,65.75,65.37,7.55,95,4,0,4,5,32,69,82,50,56,78,80,53,33,60.86,0
STU0286,Frederick Halder,Female,24,Mechanical,75.2,61.69,7.91,84,0,1,1,4,34,30,97,86,95,67,81,40,96,69.11,0
STU0287,Nathaniel Chaudhary,Male,24,Artificial Intelligence,72.42,73.43,8.37,81,4,0,2,8,93,46,95,72,59,64,69,87,80,70.62,0
STU0288,Chaitanya Tella,Male,24,Mechanical,67.27,87.82,7.99,67,4,1,4,5,57,88,45,96,66,48,94,98,100,72.29,0
STU0289,Aarini Sodhi,Female,20,Artificial Intelligence,88.12,93.23,9.1,65,4,0,6,4,60,78,51,69,57,51,81,50,82,77.39,1
STU0290,Ati Arora,Female,24,Electronics,68.63,75.19,9.17,98,2,3,5,2,48,49,51,76,88,69,49,94,77,85.42,1
STU0291,Shivani Sanghvi,Female,20,Information Technology,67.27,67.2,7.01,88,5,0,3,1,58,38,73,35,55,74,49,85,40,47.17,0
STU0292,Azad Mohanty,Female,21,Artificial Intelligence,76.74,61.94,9.3,64,3,2,2,3,71,86,41,53,68,52,86,55,45,74.32,0
STU0293,Yuvraj Bhatt,Male,23,Artificial Intelligence,97.3,97.11,7.32,91,5,3,6,2,77,81,44,49,73,73,83,40,72,80.58,1
STU0294,Qadim Trivedi,Male,21,Information Technology,92.98,97.4,6.43,67,3,2,5,5,73,74,53,44,77,99,98,52,99,80.3,1
STU0295,Warjas Vohra,Male,22,Artificial Intelligence,83.88,81.31,6.6,64,1,0,2,8,48,87,48,75,88,80,45,51,55,70.12,0
STU0296,Amruta Pandya,Male,22,Information Technology,84.88,71.71,8.31,64,5,2,2,3,71,38,65,98,54,56,51,97,82,67.23,0
STU0297,Lakshmi Deshpande,Female,24,Mechanical,65.68,71.44,6.3,85,3,3,2,0,97,39,67,39,88,94,85,91,30,66.61,0
STU0298,Omaja Hegde,Male,20,Electronics,89.36,64.59,7.44,66,3,0,6,3,49,85,81,58,73,96,53,55,34,71.33,0
STU0299,Sanaya Konda,Male,20,Mechanical,82.63,90.75,7.98,84,1,2,5,4,40,79,78,36,53,52,77,50,46,84.8,1
STU0300,Udarsh Singh,Male,20,Computer Engineering,65.27,61.68,9.19,60,5,0,5,6,52,77,93,41,62,58,60,95,100,68.98,0
STU0301,Chakradhar Sule,Female,20,Mechanical,65.9,91.68,9.83,69,0,1,6,2,45,43,64,84,95,42,40,91,32,86.72,1
STU0302,Damini Setty,Female,23,Artificial Intelligence,96.91,71.56,7.27,89,4,2,5,7,47,81,54,100,82,84,47,82,45,82.39,1
STU0303,Urishilla Kara,Male,23,Computer Engineering,71.73,69.61,9.07,60,5,1,3,2,77,66,70,54,95,94,61,75,97,64.82,0
STU0304,Rishi Muni,Female,23,Civil,73.91,90.41,6.64,92,2,1,6,0,97,44,46,77,100,53,73,47,80,76.56,1
STU0305,Daniel Rau,Female,21,Civil,92.59,89.82,7.38,94,1,0,6,8,90,89,54,88,62,99,43,43,46,93.3,1
STU0306,Aahana Pillay,Male,24,Information Technology,95.79,73.72,6.9,100,0,1,1,2,75,51,66,66,63,96,85,96,32,72.3,0
STU0307,Fiyaz Magar,Male,22,Civil,87.42,64.85,6.7,96,4,0,4,6,85,56,96,36,82,79,44,76,84,68.98,0
STU0308,Patrick Gill,Female,23,Civil,81.36,61.5,7.75,66,3,3,3,0,68,54,87,35,54,45,98,51,64,69.89,0
STU0309,Rushil Loyal,Male,24,Information Technology,60.28,79.21,8.33,89,4,1,3,5,67,92,55,37,81,46,53,70,54,65.51,0
STU0310,Elijah Bajwa,Female,24,Mechanical,60.11,69.24,7.57,71,4,0,3,2,43,62,99,98,60,64,96,70,89,59.98,0
STU0311,Yatin Mitter,Male,22,Computer Engineering,73.4,92.69,9.14,72,3,3,5,4,57,31,82,57,89,45,67,79,38,86.04,1
STU0312,Faraj Biswas,Female,24,Artificial Intelligence,95.9,79.68,5.78,65,0,1,3,7,62,74,98,49,71,46,45,41,93,79.77,1
STU0313,Adweta Mann,Male,24,Civil,87.61,63.28,5.51,87,4,2,5,5,85,64,61,71,97,57,61,79,73,76.81,1
STU0314,Hema Sankaran,Female,23,Information Technology,69.83,86.43,9.48,79,5,0,6,4,70,94,99,54,81,89,45,57,84,79.74,1
STU0315,Geetika Doctor,Female,20,Civil,66.37,75.24,5.63,75,4,1,4,3,85,53,45,62,70,92,84,89,40,61.92,0
STU0316,Forum Pai,Male,24,Artificial Intelligence,76.27,92.74,8.96,100,2,3,4,0,48,63,43,55,59,95,76,51,81,82.12,1
STU0317,Wazir Bir,Female,22,Information Technology,79.37,63.01,8.09,88,4,3,3,3,34,99,51,38,58,57,46,92,65,67.72,0
STU0318,Osha Salvi,Male,20,Mechanical,76.91,79.62,9.59,93,0,2,2,7,50,62,91,51,51,95,45,97,60,90.38,1
STU0319,Zilmil Nanda,Female,24,Computer Engineering,95.27,71.41,8.36,80,3,2,4,8,61,77,86,55,50,71,82,53,93,86.34,1
STU0320,Ekalinga Mohanty,Male,24,Electronics,84.93,84.22,6.54,84,5,1,3,5,49,71,54,96,81,46,67,77,42,62.64,0
STU0321,Meera Dalal,Male,21,Information Technology,76.68,68.6,7.28,75,5,3,3,4,91,79,47,88,65,78,47,97,60,74.89,0
STU0322,Bina Nagarajan,Female,22,Electronics,86.51,60.92,9.27,62,1,3,4,4,91,47,68,43,83,89,90,52,82,91.83,1
STU0323,Advik Parsa,Male,20,Computer Engineering,80.05,67.08,8.36,70,1,0,6,5,47,31,100,65,85,80,98,89,73,77.58,1
STU0324,Anika Mukhopadhyay,Male,23,Electronics,64.49,73.56,5.55,90,3,3,5,8,89,99,100,49,60,64,81,94,78,90.55,1
STU0325,Gaurang Chaudhuri,Female,20,Computer Engineering,92.28,64.02,6.88,96,5,2,1,0,64,75,85,60,52,48,91,86,32,61.79,0
STU0326,Ati Bhatti,Male,23,Artificial Intelligence,95.16,85.64,7.62,60,2,3,6,5,40,74,91,55,84,84,74,44,49,89.32,1
STU0327,Meghana Borah,Female,23,Civil,82.0,70.11,6.8,64,1,2,5,8,85,64,96,93,56,67,60,76,49,96.06,1
STU0328,Anthony Gaba,Male,20,Information Technology,70.28,73.55,7.81,90,1,3,5,6,67,65,44,48,88,99,68,70,96,87.25,1
STU0329,Aryan Mukhopadhyay,Male,21,Electronics,73.58,90.04,8.2,97,2,2,1,8,51,88,57,99,94,71,99,42,56,82.66,1
STU0330,Zaid Raju,Female,24,Mechanical,75.08,96.95,9.81,63,1,1,6,0,38,64,98,49,83,75,43,40,83,83.77,1
STU0331,Yasti Balan,Female,22,Mechanical,73.49,85.95,6.32,71,1,1,4,5,46,83,88,83,75,43,75,54,98,79.43,1
STU0332,Michael Agrawal,Male,22,Information Technology,76.42,84.88,6.63,97,2,0,4,6,49,67,40,67,88,42,50,84,84,68.99,0
STU0333,Tanveer Bhandari,Male,22,Information Technology,91.5,96.78,7.3,91,1,0,5,1,36,72,86,64,54,92,87,98,57,75.58,1
STU0334,Nathan Shetty,Male,22,Electronics,93.05,78.57,7.92,90,4,3,3,6,48,63,47,68,57,94,71,66,90,74.5,0
STU0335,Qasim Chowdhury,Male,24,Electronics,87.19,69.26,9.51,79,3,1,6,0,54,60,92,41,98,80,83,43,64,77.02,1
STU0336,Widisha Korpal,Female,20,Civil,96.75,97.72,7.41,76,1,1,2,5,48,54,68,52,99,41,47,55,87,71.67,0
STU0337,Adya Suri,Male,24,Computer Engineering,84.37,60.64,9.33,77,0,2,1,7,46,68,95,63,93,100,93,88,86,87.51,1
STU0338,Zaid Bhasin,Male,22,Electronics,81.98,96.06,6.31,95,4,2,3,8,75,68,64,57,86,70,66,58,56,76.32,1
STU0339,Jagrati Padmanabhan,Female,24,Artificial Intelligence,74.83,66.48,9.31,89,5,1,1,8,68,60,97,85,69,51,95,62,87,72.6,0
STU0340,Ekaraj Srinivas,Female,21,Information Technology,87.8,96.08,5.51,88,1,3,3,7,56,50,46,98,93,65,52,44,32,83.61,1
STU0341,Niharika Dayal,Male,24,Electronics,63.41,87.28,5.55,97,2,1,3,0,88,85,52,83,97,63,52,78,51,69.22,0
STU0342,Ojasvi Shenoy,Female,23,Information Technology,81.48,80.97,9.57,69,4,2,6,5,51,87,53,43,84,56,57,100,78,83.79,1
STU0343,Hemani Samra,Male,23,Information Technology,74.76,73.96,8.64,60,5,1,2,2,47,89,97,51,63,65,49,65,92,62.9,0
STU0344,Gauri Lall,Male,21,Computer Engineering,89.38,62.76,6.99,82,3,3,5,8,64,96,100,57,80,88,61,63,48,91.19,1
STU0345,Bahadurjit Sridhar,Female,23,Information Technology,64.39,61.84,6.99,83,4,2,4,5,80,53,82,82,83,91,44,70,47,76.45,1
STU0346,Jai Virk,Female,20,Electronics,66.27,73.91,5.97,99,4,1,5,6,60,60,72,88,82,45,100,78,72,70.91,0
STU0347,Krisha Devan,Female,22,Electronics,78.48,61.56,6.16,69,2,0,2,4,40,35,80,98,79,77,67,83,47,59.07,0
STU0348,Harsh Agrawal,Male,22,Mechanical,80.64,69.7,7.28,80,3,2,1,6,38,69,89,93,93,85,51,82,64,72.39,0
STU0349,Sudiksha Kant,Female,21,Mechanical,85.21,83.56,6.06,61,5,1,2,6,72,32,69,64,73,46,84,59,36,57.35,0
STU0350,Divya Nagar,Male,20,Artificial Intelligence,81.04,96.84,6.05,65,1,2,4,6,57,77,93,86,60,91,90,61,63,89.29,1
STU0351,Ekaraj Sridhar,Male,24,Civil,74.84,77.31,7.71,85,5,2,1,3,98,51,93,90,50,94,66,44,97,71.98,0
STU0352,Tanish Raval,Male,24,Information Technology,69.58,70.66,6.85,97,4,3,3,4,41,30,85,59,100,69,82,57,38,66.12,0
STU0353,Ishita Dubey,Female,22,Electronics,88.86,89.95,5.82,92,2,3,5,4,90,66,92,67,78,61,99,79,69,92.12,1
STU0354,Ekaja Parmar,Female,20,Electronics,86.01,73.2,7.34,90,5,3,4,6,49,92,61,92,57,77,88,47,96,79.95,1
STU0355,Lipika Datta,Female,23,Information Technology,71.53,88.86,7.85,77,1,1,3,2,80,95,47,95,59,50,92,87,63,79.29,1
STU0356,Arya Seshadri,Female,20,Electronics,76.54,70.88,8.09,77,2,2,2,7,76,96,53,98,66,96,95,76,73,84.87,1
STU0357,Bishakha Raman,Female,24,Computer Engineering,85.55,90.06,6.82,60,1,3,5,8,78,43,42,63,77,80,59,46,72,89.7,1
STU0358,Anika Dar,Male,21,Information Technology,90.36,72.66,7.16,88,1,1,1,8,55,52,51,89,80,98,56,79,80,72.47,0
STU0359,Karan Anne,Male,20,Mechanical,94.67,65.96,8.83,86,1,1,4,7,94,90,77,78,82,68,75,66,76,96.62,1
STU0360,Aarnav Rana,Female,24,Computer Engineering,89.77,62.2,9.65,62,5,2,4,4,85,59,92,46,84,70,82,72,86,81.05,1
STU0361,Wishi Gour,Female,21,Civil,87.84,61.93,8.98,74,5,3,6,4,85,58,100,85,83,62,70,77,95,91.69,1
STU0362,Gaurangi Dhingra,Female,24,Information Technology,74.59,69.52,5.96,83,3,2,1,4,38,71,84,66,50,65,75,55,55,64.28,0
STU0363,George Ahluwalia,Female,21,Civil,97.37,81.74,6.16,90,2,3,6,2,45,31,80,48,79,58,48,76,37,79.38,1
STU0364,Anika Dara,Female,24,Artificial Intelligence,65.33,77.22,8.92,92,3,3,6,5,79,74,43,97,81,98,100,75,49,94.94,1
STU0365,Yashvi Kota,Male,24,Mechanical,62.67,74.57,8.44,66,2,1,2,6,76,100,73,92,55,89,92,71,48,78.8,1
STU0366,Bachittar Walla,Female,20,Computer Engineering,78.34,60.14,6.51,86,5,3,3,8,47,49,65,47,97,96,99,93,60,65.32,0
STU0367,Aayush Mandal,Female,23,Information Technology,60.56,82.82,5.61,82,3,0,4,1,44,41,92,100,93,56,74,53,75,61.56,0
STU0368,Fariq Palla,Male,22,Civil,91.58,96.26,8.64,82,2,2,5,0,92,54,54,46,77,79,76,74,40,87.36,1
STU0369,Chaman Pillai,Male,23,Civil,94.42,76.42,9.6,60,1,0,2,8,92,60,48,72,73,60,68,52,50,83.08,1
STU0370,Urvashi Seshadri,Female,21,Computer Engineering,88.55,92.08,6.54,100,2,0,1,4,45,68,49,50,97,44,49,66,83,59.59,0
STU0371,Vasudha Sha,Female,21,Civil,62.33,97.91,8.97,89,3,2,6,0,42,34,61,78,57,91,95,40,94,79.01,1
STU0372,Jeevika Singhal,Male,23,Electronics,81.06,96.68,7.11,88,2,2,1,8,59,65,46,57,87,57,74,86,48,75.04,1
STU0373,Advika Magar,Female,24,Computer Engineering,65.31,93.63,6.94,66,1,3,3,1,41,62,81,77,92,65,53,86,40,77.22,1
STU0374,Urvi Master,Female,24,Civil,75.57,84.47,7.96,100,2,0,2,5,68,61,85,53,81,79,81,44,76,70.02,0
STU0375,Qasim Khatri,Female,20,Information Technology,75.66,81.67,9.19,96,4,1,3,5,44,49,93,45,67,66,95,41,90,69.21,0
STU0376,Arunima Brar,Female,23,Mechanical,76.61,73.86,7.32,98,0,2,5,1,97,57,51,70,77,48,68,52,64,88.94,1
STU0377,Chandani Patla,Female,23,Electronics,62.46,96.67,6.26,82,5,2,6,2,75,75,49,39,62,81,45,42,78,70.08,0
STU0378,Abdul Parsa,Female,20,Information Technology,78.18,91.85,8.57,83,3,3,1,1,74,85,82,51,59,57,77,54,81,80.19,1
STU0379,Andrew Biswas,Female,24,Information Technology,66.2,79.59,7.3,87,5,1,5,1,48,59,69,41,72,66,99,57,83,58.63,0
STU0380,Daniel Varma,Female,24,Artificial Intelligence,96.88,97.26,7.41,66,1,2,6,6,69,78,60,41,53,87,50,86,63,91.78,1
STU0381,Dipta Balan,Female,21,Artificial Intelligence,90.15,97.54,8.3,81,3,2,5,3,77,53,66,71,93,40,52,74,96,84.97,1
STU0382,Manan Morar,Male,24,Information Technology,84.12,91.21,6.84,78,5,0,5,7,57,41,84,69,73,100,50,75,43,67.06,0
STU0383,Urishilla Buch,Female,23,Mechanical,86.63,81.48,6.69,72,3,3,6,8,46,31,97,73,52,76,77,76,88,85.79,1
STU0384,Yashasvi Bali,Female,24,Mechanical,70.76,84.01,7.8,63,4,3,2,1,69,39,66,55,76,100,72,57,99,65.58,0
STU0385,Unni Bassi,Female,20,Mechanical,90.19,70.98,9.88,63,5,2,3,2,58,99,84,58,64,66,53,70,86,76.83,1
STU0386,Ekalinga Raja,Male,21,Mechanical,68.53,70.27,5.72,64,4,3,1,1,59,87,94,36,68,43,83,48,88,62.07,0
STU0387,Chanakya Sundaram,Female,23,Electronics,87.52,80.99,6.4,100,2,0,5,7,64,44,45,78,100,76,65,92,79,73.95,0
STU0388,Ekiya Tripathi,Male,23,Computer Engineering,77.99,77.17,6.07,72,2,2,4,7,41,36,67,88,78,48,71,65,90,76.51,1
STU0389,Wazir Vora,Male,23,Electronics,62.99,62.22,5.54,67,0,1,3,0,49,70,61,38,52,53,90,84,84,60.2,0
STU0390,Bimala Minhas,Male,20,Civil,85.99,71.17,9.34,61,3,0,1,2,66,87,82,52,86,91,61,66,77,67.45,0
STU0391,Wishi Bansal,Female,22,Artificial Intelligence,66.92,64.59,8.1,97,4,3,2,8,48,71,94,60,54,66,61,73,55,75.9,1
STU0392,Damini Kant,Male,21,Information Technology,85.91,92.32,7.25,70,5,2,1,7,100,77,95,84,73,72,92,68,94,79.42,1
STU0393,Zaitra Deshpande,Female,20,Electronics,68.79,60.53,7.95,95,3,1,5,6,69,87,100,56,79,55,62,76,70,80.23,1
STU0394,Udyati Karnik,Male,21,Information Technology,69.19,96.05,6.83,89,4,3,4,2,56,46,98,41,58,61,63,79,96,73.53,0
STU0395,Noah Kala,Male,23,Mechanical,71.49,75.52,6.92,91,1,1,2,0,81,42,84,92,68,69,65,41,69,71.04,0
STU0396,Urvi Ravi,Male,21,Artificial Intelligence,73.61,93.85,8.66,79,5,2,4,7,93,89,93,61,85,61,55,43,100,90.27,1
STU0397,Vedant Mangal,Male,20,Computer Engineering,60.14,94.54,8.65,76,0,1,6,2,92,41,92,95,59,62,65,55,99,95.17,1
STU0398,Dayamai Patel,Female,20,Information Technology,94.66,73.5,5.88,93,3,2,3,1,43,56,95,86,78,89,86,90,64,70.38,0
STU0399,Rachana Vig,Male,24,Information Technology,64.07,97.33,6.08,74,2,2,5,3,85,95,80,51,77,48,57,61,43,85.35,1
STU0400,Dalbir Khare,Male,23,Civil,91.78,79.08,7.21,86,5,1,2,8,100,64,87,81,72,88,51,50,91,74.01,0
STU0401,Vasatika Ganesh,Female,23,Computer Engineering,70.64,75.84,9.82,79,2,1,5,8,34,53,50,68,62,62,87,70,93,80.44,1
STU0402,Charan Singhal,Male,22,Mechanical,73.22,72.0,8.32,94,5,1,2,7,35,77,40,94,91,71,63,70,72,61.21,0
STU0403,Rachita Guha,Female,20,Information Technology,69.21,72.4,7.88,86,4,0,4,7,33,99,86,77,77,69,67,100,76,70.37,0
STU0404,Oviya Dua,Female,23,Civil,78.09,77.28,9.51,91,1,0,4,2,45,33,40,89,74,92,78,72,84,74.06,0
STU0405,Meera Kurian,Male,24,Artificial Intelligence,71.38,67.71,8.94,68,0,0,2,8,98,53,79,65,75,57,80,79,49,84.59,1
STU0406,Krishna Saha,Female,22,Civil,80.85,97.78,5.53,72,0,1,6,3,50,71,96,74,59,54,86,95,81,84.12,1
STU0407,Dayamai Palla,Male,24,Artificial Intelligence,76.18,70.34,7.86,91,1,1,5,6,36,37,81,76,78,70,44,93,87,77.72,1
STU0408,Faras Parmer,Female,20,Electronics,69.91,79.52,7.83,72,3,3,3,2,49,53,57,56,69,66,66,57,89,69.15,0
STU0409,Madhav Ray,Female,22,Civil,75.92,63.15,6.34,82,0,2,6,7,96,38,78,66,76,43,46,57,80,93.29,1
STU0410,Liam Dave,Female,20,Information Technology,93.18,65.1,9.74,93,5,2,5,3,58,81,66,76,91,71,92,48,71,82.96,1
STU0411,Aadhya Bava,Male,23,Mechanical,94.57,73.26,6.29,86,2,3,4,7,66,71,98,97,77,64,41,69,64,93.16,1
STU0412,Samesh Sami,Female,23,Mechanical,63.43,68.31,9.89,81,2,2,2,0,71,38,73,100,78,75,40,68,85,78.75,1
STU0413,Vinaya Gokhale,Male,22,Civil,76.05,67.98,6.95,60,5,3,5,6,45,34,63,86,89,78,40,51,89,71.35,0
STU0414,Ronith Kuruvilla,Female,24,Artificial Intelligence,92.48,66.27,8.22,95,4,1,3,6,100,58,55,61,76,49,95,47,62,72.47,0
STU0415,Faras Anne,Female,24,Computer Engineering,90.02,78.09,6.17,68,3,1,6,1,85,93,92,91,80,80,97,94,38,81.9,1
STU0416,Indrajit Rana,Male,24,Computer Engineering,95.82,94.65,6.48,62,5,0,1,4,89,83,78,83,91,80,62,43,57,63.86,0
STU0417,Chameli Bora,Male,24,Mechanical,89.17,89.73,7.03,95,1,0,6,5,48,69,91,73,62,93,89,87,59,83.2,1
STU0418,Gautam Singhal,Female,22,Computer Engineering,60.14,82.72,9.14,91,5,0,3,4,100,40,45,47,84,58,92,91,63,63.32,0
STU0419,Radhika Patla,Male,22,Artificial Intelligence,86.08,80.25,7.86,100,3,3,4,6,72,98,59,39,93,100,97,54,91,86.75,1
STU0420,Bhavya Sandal,Male,22,Electronics,90.8,92.46,7.86,82,1,3,6,1,49,92,87,37,94,46,49,89,80,91.1,1
STU0421,Prisha Vohra,Female,20,Civil,81.19,91.91,5.87,81,1,1,2,7,35,93,79,37,74,79,58,72,57,70.25,0
STU0422,Oni Nath,Female,24,Artificial Intelligence,96.76,97.25,9.82,62,5,2,1,8,59,66,49,82,93,86,100,73,75,77.69,1
STU0423,Hemani Prabhakar,Female,21,Artificial Intelligence,81.79,72.37,8.03,78,1,1,5,7,58,55,45,80,76,50,43,88,30,81.08,1
STU0424,Leela Bobal,Female,20,Computer Engineering,61.24,74.67,7.53,60,0,1,2,1,78,84,42,40,56,43,82,64,97,67.95,0
STU0425,Sai Doshi,Male,23,Electronics,81.34,80.86,8.31,80,5,2,3,6,56,52,82,73,54,95,40,43,34,71.94,0
STU0426,Gautami Venkataraman,Male,23,Mechanical,72.07,65.77,6.96,72,2,3,6,0,57,51,98,82,70,52,57,45,41,82.95,1
STU0427,Maanav Chander,Male,22,Electronics,95.9,60.64,9.22,69,2,1,1,6,30,36,94,82,71,78,68,86,47,71.24,0
STU0428,Teerth Sharma,Male,23,Civil,85.06,79.86,7.58,91,4,0,4,7,91,44,89,42,79,57,57,79,79,72.35,0
STU0429,Jagrati Dixit,Female,22,Artificial Intelligence,91.03,92.68,5.53,72,3,2,1,5,71,49,90,68,95,52,65,86,88,71.38,0
STU0430,Xalak Menon,Male,22,Information Technology,64.3,68.39,9.9,88,4,1,3,0,42,89,45,59,94,74,50,68,53,63.07,0
STU0431,Abdul Kibe,Male,23,Mechanical,65.18,75.13,8.94,66,1,3,1,8,93,71,94,50,87,57,89,76,90,92.66,1
STU0432,Yahvi Gaba,Female,22,Artificial Intelligence,87.76,75.83,8.18,78,3,3,3,4,66,36,56,85,64,44,95,50,96,77.22,1
STU0433,Owen Andra,Female,24,Electronics,95.99,63.0,8.16,63,4,2,4,1,31,71,79,80,98,58,73,51,78,71.02,0
STU0434,Tarak Narayan,Female,24,Electronics,69.0,72.84,7.63,77,0,0,2,7,75,69,92,58,80,86,73,74,35,77.44,1
STU0435,Manan Virk,Male,22,Computer Engineering,80.22,91.16,5.66,100,2,0,5,1,57,63,56,40,80,94,51,41,52,64.91,0
STU0436,Aayush Tandon,Male,24,Civil,82.97,90.23,7.29,66,0,3,2,5,31,65,41,45,86,47,69,78,61,75.95,1
STU0437,Faras De,Male,20,Civil,89.8,63.1,7.08,99,1,1,6,8,97,80,94,83,64,72,40,43,60,96.65,1
STU0438,Avi Jani,Female,24,Civil,89.25,61.28,8.63,76,2,0,3,6,70,86,95,98,63,59,43,45,70,83.51,1
STU0439,Diya Handa,Female,21,Electronics,60.24,75.83,7.15,78,2,0,3,3,31,63,98,96,63,78,67,41,64,65.16,0
STU0440,Robert Narayan,Female,22,Artificial Intelligence,67.16,91.11,9.73,85,2,3,4,4,36,83,55,38,63,81,70,92,36,85.54,1
STU0441,Eta Tiwari,Male,21,Artificial Intelligence,69.88,84.08,7.68,65,5,1,4,7,59,40,100,66,100,60,96,51,73,68.46,0
STU0442,Bhavika Ghose,Female,22,Artificial Intelligence,78.63,89.32,8.18,81,0,0,4,2,88,62,92,40,94,56,92,53,37,81.81,1
STU0443,Ekavir Sant,Male,23,Electronics,94.04,84.54,7.39,69,3,2,1,1,40,89,94,100,62,42,79,42,89,73.39,0
STU0444,Jagrati Bajaj,Male,20,Civil,84.87,89.4,5.71,70,2,2,2,1,75,77,62,59,83,60,57,92,86,71.4,0
STU0445,Nikita Seth,Male,21,Information Technology,91.42,64.35,9.67,64,4,1,4,5,44,97,49,56,76,92,77,61,57,73.92,0
STU0446,Chakradev Nori,Male,24,Electronics,70.68,64.79,6.34,61,5,3,6,5,100,72,88,40,71,75,88,95,84,80.28,1
STU0447,Yagnesh Sant,Female,23,Civil,92.74,65.65,9.05,98,1,1,2,4,77,48,99,91,98,49,80,42,43,85.19,1
STU0448,Udarsh Khare,Female,21,Artificial Intelligence,86.8,69.48,6.59,79,5,1,2,4,59,48,69,43,99,61,63,74,67,53.61,0
STU0449,Jagat Bali,Male,23,Mechanical,88.56,91.46,5.9,64,1,3,1,2,88,86,57,53,60,87,90,67,57,78.8,1
STU0450,Tanvi Taneja,Female,24,Computer Engineering,95.26,78.85,6.06,60,1,0,3,1,32,30,49,46,79,90,68,95,78,53.83,0
STU0451,Sarthak Sodhi,Male,22,Electronics,68.13,62.94,8.47,80,1,3,3,0,86,32,87,93,89,64,70,86,51,83.15,1
STU0452,Kamya Sani,Female,22,Civil,73.75,79.36,9.66,93,4,2,3,2,70,88,65,55,98,60,57,57,75,78.58,1
STU0453,Gayathri Viswanathan,Male,21,Artificial Intelligence,86.95,78.43,9.84,79,0,2,5,3,92,47,65,45,53,44,97,71,31,96.67,1
STU0454,Onveer Mallick,Male,21,Electronics,84.11,69.31,6.05,86,3,3,3,0,63,43,70,93,93,46,50,50,85,70.79,0
STU0455,Forum Krishna,Female,24,Mechanical,72.83,76.36,8.55,89,0,0,2,4,64,46,74,76,67,75,76,61,33,76.67,1
STU0456,Meera Sengupta,Female,20,Civil,73.78,79.86,8.7,93,4,3,1,2,95,84,54,72,77,45,63,66,41,79.66,1
STU0457,Hemal Bail,Male,24,Civil,68.07,80.45,8.66,95,1,2,4,0,30,41,77,40,69,69,42,100,70,76.22,1
STU0458,Caleb Nori,Male,23,Civil,72.9,93.77,6.59,71,0,3,3,5,52,91,61,86,58,76,89,70,100,88.0,1
STU0459,Rachana Tella,Female,22,Artificial Intelligence,78.78,95.41,8.48,62,4,2,3,2,53,36,49,52,64,49,49,94,63,64.13,0
STU0460,Aarna Ratti,Male,22,Information Technology,94.52,96.76,9.73,100,5,3,6,6,77,45,45,63,87,47,42,100,46,90.44,1
STU0461,Patrick Seth,Male,22,Electronics,73.29,61.33,8.52,81,4,3,5,1,89,82,55,95,79,89,47,85,90,87.1,1
STU0462,Victor Narayanan,Male,22,Information Technology,95.19,62.47,8.23,61,3,0,6,8,76,37,45,92,79,98,52,78,86,77.08,1
STU0463,Maya Amble,Female,23,Computer Engineering,77.0,75.45,6.76,96,5,0,4,1,31,55,50,82,56,44,90,70,37,52.91,0
STU0464,Geetika Boase,Male,21,Civil,60.06,65.4,7.64,61,2,2,3,0,95,36,76,77,62,67,98,99,59,73.03,0
STU0465,Arin Chahal,Male,22,Mechanical,63.14,77.41,8.63,77,3,0,6,4,79,96,75,97,94,45,83,97,72,85.81,1
STU0466,Jyoti Nagarajan,Female,23,Electronics,83.79,97.5,6.52,94,4,0,5,1,98,91,50,45,59,66,96,87,96,70.17,0
STU0467,Hritik Bhatnagar,Female,21,Computer Engineering,63.73,89.53,7.72,66,0,2,5,4,44,62,57,75,87,77,41,47,72,85.07,1
STU0468,Abhiram Arya,Female,24,Artificial Intelligence,80.45,78.95,7.06,86,5,0,6,4,85,80,49,37,61,45,53,87,72,66.71,0
STU0469,Meghana Gara,Female,22,Computer Engineering,68.54,76.36,7.08,76,4,1,4,7,58,49,40,50,79,91,48,61,94,63.05,0
STU0470,Vedika Modi,Male,22,Computer Engineering,83.9,65.26,6.03,83,0,0,1,7,79,95,67,96,61,94,90,92,52,77.78,1
STU0471,Arjun Bath,Male,21,Civil,89.57,70.19,7.56,92,0,3,4,8,41,35,99,74,87,78,78,53,69,92.65,1
STU0472,Yatin Misra,Female,24,Electronics,62.79,61.45,7.93,83,3,0,5,6,37,75,40,91,68,60,88,70,43,67.58,0
STU0473,Theodore Banerjee,Female,21,Electronics,62.04,64.83,6.07,88,4,2,1,4,50,95,78,91,75,84,55,74,53,66.13,0
STU0474,Joshua Atwal,Female,24,Electronics,77.33,78.17,7.73,95,2,0,1,7,74,96,88,73,77,57,90,82,36,75.56,1
STU0475,Janya Hari,Male,23,Artificial Intelligence,77.45,69.87,5.71,86,5,0,4,2,37,79,64,57,69,91,78,64,72,53.0,0
STU0476,Aashi Kapadia,Female,20,Artificial Intelligence,78.88,68.8,8.39,92,1,0,3,6,59,82,72,92,81,80,62,42,100,78.6,1
STU0477,Yashoda Ramachandran,Female,20,Electronics,63.74,86.54,9.08,97,3,1,1,3,32,79,65,91,54,85,60,68,86,68.34,0
STU0478,Nirja Pathak,Male,20,Information Technology,85.69,95.39,8.45,64,1,2,4,7,95,92,56,73,54,91,76,59,82,97.56,1
STU0479,Chakradhar Bose,Female,23,Mechanical,64.42,85.39,8.96,74,4,2,6,0,91,87,91,41,53,55,48,83,50,86.15,1
STU0480,Divya Uppal,Male,23,Artificial Intelligence,72.7,69.69,5.88,94,0,2,2,7,77,79,73,49,73,69,44,87,40,82.35,1
STU0481,Tanish Dutt,Male,20,Information Technology,73.03,93.98,9.8,80,2,3,5,4,74,33,44,55,92,51,89,52,85,89.6,1
STU0482,Nitara Desai,Male,23,Electronics,93.46,69.05,8.01,64,0,1,3,0,91,66,72,46,95,49,96,72,47,76.52,1
STU0483,Vincent Luthra,Female,24,Information Technology,72.95,67.78,8.89,92,2,2,6,7,32,38,98,94,59,83,43,92,30,91.25,1
STU0484,Jagdish Kant,Female,23,Mechanical,69.84,80.11,9.24,87,4,1,1,0,85,54,75,89,55,62,89,84,86,68.38,0
STU0485,Aishani Kara,Female,24,Civil,70.18,79.42,7.56,84,3,0,3,5,40,93,45,55,80,99,44,68,55,61.58,0
STU0486,Amaira Shankar,Male,21,Information Technology,81.69,63.01,5.8,95,2,2,2,3,80,47,66,89,57,66,88,76,90,73.02,0
STU0487,Aachal Bakshi,Male,22,Electronics,88.28,80.78,6.95,63,2,1,3,6,90,32,52,54,55,75,99,52,52,70.26,0
STU0488,Chasmum Gokhale,Female,20,Computer Engineering,68.54,86.2,7.76,87,0,2,2,0,32,34,49,46,100,53,71,75,55,66.04,0
STU0489,Aishani Naik,Male,20,Information Technology,65.49,76.59,9.08,79,3,1,4,3,40,64,99,52,85,60,43,41,56,73.82,0
STU0490,Odika Sanghvi,Female,20,Artificial Intelligence,75.88,74.35,8.96,86,1,2,2,5,96,44,57,74,60,50,92,68,89,87.14,1
STU0491,Dipta Jhaveri,Male,20,Information Technology,94.71,83.45,7.19,69,1,2,2,7,43,52,78,45,78,78,78,87,58,76.6,1
STU0492,Yachana Sami,Female,21,Information Technology,63.27,81.02,7.83,87,2,1,6,6,80,35,97,80,91,91,74,90,84,84.64,1
STU0493,Warinder Mandal,Male,24,Information Technology,96.47,85.96,7.34,98,2,2,2,2,95,32,64,48,70,48,50,98,85,75.47,1
STU0494,Sudiksha Virk,Male,22,Information Technology,70.32,86.93,6.34,71,4,1,4,2,81,71,68,49,100,65,52,67,93,65.9,0
STU0495,Falguni Keer,Female,21,Computer Engineering,60.28,96.71,7.54,91,2,2,2,6,70,45,73,45,51,91,71,86,93,75.13,1
STU0496,Fariq Gaba,Male,23,Civil,94.29,62.59,8.11,79,1,3,3,5,53,58,93,98,82,91,70,50,35,88.71,1
STU0497,Arunima Keer,Female,20,Mechanical,76.23,94.34,6.22,91,2,0,6,8,66,79,58,50,78,48,65,98,64,78.65,1
STU0498,Veer De,Male,22,Artificial Intelligence,60.69,82.15,6.15,68,2,3,5,2,31,30,81,75,95,66,52,81,38,73.23,0
STU0499,Charita Varkey,Female,20,Electronics,80.79,80.87,5.78,69,4,1,1,2,61,83,64,93,65,61,98,99,63,59.33,0
STU0500,Indira Trivedi,Female,22,Artificial Intelligence,70.46,89.6,7.79,70,2,2,5,3,77,64,84,84,90,62,48,57,31,87.84,1
STU0501,Balendra Kapoor,Female,22,Mechanical,83.13,62.79,8.05,61,3,0,6,8,78,82,49,99,54,50,42,41,61,81.44,1
STU0502,Anirudh Solanki,Male,24,Civil,90.0,93.66,8.8,87,1,3,5,1,58,35,92,60,70,95,94,43,91,92.72,1
STU0503,Chanchal Karan,Male,20,Computer Engineering,77.53,61.79,8.81,73,5,0,5,6,30,75,47,100,76,42,66,41,92,67.9,0
STU0504,Isha Om,Female,24,Civil,82.68,61.89,9.65,83,2,0,3,3,49,56,75,91,54,75,76,71,57,73.46,0
STU0505,Harini Chander,Male,21,Information Technology,77.85,61.83,8.56,70,1,0,4,1,83,73,99,91,80,90,92,94,60,84.34,1
STU0506,Chatresh Gade,Male,24,Electronics,73.44,83.27,8.18,76,3,3,1,4,53,86,42,48,65,67,92,60,64,70.38,0
STU0507,Warjas Ahuja,Male,24,Electronics,62.63,76.13,9.55,94,1,0,6,8,44,41,71,42,73,97,48,84,36,81.68,1
STU0508,Mekhala Balakrishnan,Male,24,Civil,78.77,82.0,8.19,82,4,3,4,8,81,93,66,52,75,53,69,81,40,87.81,1
STU0509,Harita Hora,Male,22,Computer Engineering,88.88,96.62,6.18,80,3,1,1,7,52,90,44,79,86,45,45,85,78,67.01,0
STU0510,Jai Singh,Male,22,Computer Engineering,75.28,76.67,8.3,87,4,3,2,4,48,72,48,89,65,87,45,54,41,72.24,0
STU0511,Daniel Mangal,Male,21,Information Technology,60.72,69.48,9.35,94,0,3,2,1,91,42,60,56,92,49,79,83,49,85.87,1
STU0512,Christopher Golla,Male,22,Artificial Intelligence,85.05,70.56,9.01,84,5,3,1,5,43,37,59,70,94,60,57,78,93,67.83,0
STU0513,Robert Deshpande,Female,24,Information Technology,65.63,73.28,6.05,98,0,3,2,1,70,91,63,59,90,87,94,65,46,79.69,1
STU0514,Wyatt Peri,Female,23,Electronics,97.61,71.12,6.17,92,1,3,5,5,40,96,78,97,68,58,48,98,70,92.91,1
STU0515,Faris Borde,Female,20,Artificial Intelligence,70.31,91.6,7.55,75,4,0,1,0,75,89,96,43,57,75,78,45,41,59.09,0
STU0516,Lipika Ahuja,Male,23,Civil,66.18,85.05,5.71,80,0,2,5,7,72,38,66,72,65,68,72,68,31,86.94,1
STU0517,Yochana Desai,Male,21,Electronics,92.87,86.77,7.22,77,3,3,4,7,51,85,58,56,57,87,93,94,61,83.8,1
STU0518,Rehaan Raval,Male,23,Civil,91.03,63.21,6.73,62,1,0,6,8,74,47,91,54,73,49,69,56,30,81.28,1
STU0519,Krishna Pai,Female,23,Mechanical,85.85,60.7,6.0,62,2,2,2,3,94,76,68,40,79,81,69,75,97,72.25,0
STU0520,Ekani Sunder,Male,22,Information Technology,76.44,78.25,7.25,93,4,1,6,7,36,71,67,38,88,91,77,87,58,69.62,0
STU0521,Pranit Madan,Female,23,Information Technology,66.4,72.21,9.46,65,1,2,5,8,35,75,97,45,63,66,52,87,84,91.98,1
STU0522,Jeevika Mittal,Male,20,Electronics,78.62,65.43,7.92,68,4,3,4,1,62,98,63,79,99,87,50,74,87,77.95,1
STU0523,Kamala Sood,Female,20,Mechanical,80.14,95.66,9.83,100,4,3,4,1,69,87,70,78,92,74,40,87,47,90.09,1
STU0524,Mohammed Goyal,Male,22,Computer Engineering,66.79,78.86,9.52,88,0,1,2,4,34,74,83,78,82,72,52,65,33,80.61,1
STU0525,Jeremiah Goda,Female,24,Electronics,90.98,60.96,6.44,93,5,2,2,7,98,92,50,77,91,46,61,62,31,74.32,0
STU0526,Hardik Kala,Female,20,Electronics,97.7,89.74,9.89,100,5,1,1,1,77,96,66,52,82,91,46,81,57,70.47,0
STU0527,Lekha Gopal,Male,20,Artificial Intelligence,77.37,61.58,7.36,63,2,2,2,4,83,85,58,94,52,57,90,41,33,78.91,1
STU0528,Bhavani Mammen,Female,22,Mechanical,70.03,76.79,5.87,68,2,2,4,0,49,32,90,78,84,68,91,67,93,70.17,0
STU0529,Anita Singh,Female,24,Artificial Intelligence,60.39,74.49,7.28,83,5,2,6,2,59,78,55,37,83,49,91,59,84,68.05,0
STU0530,Abeer Gulati,Female,21,Civil,64.65,70.65,8.82,81,2,2,1,3,35,92,75,82,66,50,99,51,74,76.37,1
STU0531,Rehaan Naik,Male,20,Computer Engineering,75.54,87.8,9.89,98,5,0,1,5,88,93,51,75,75,98,50,64,99,71.11,0
STU0532,Imaran Master,Male,21,Artificial Intelligence,91.26,86.33,6.4,68,3,3,6,0,97,35,54,84,60,44,57,82,74,82.81,1
STU0533,Radha Bhat,Female,24,Information Technology,85.85,90.87,8.34,63,4,1,1,4,48,86,100,45,90,57,50,49,67,64.8,0
STU0534,Kritika Dugar,Female,21,Artificial Intelligence,86.1,83.33,7.82,61,2,2,1,7,95,53,45,61,57,41,42,79,60,77.78,1
STU0535,Victor Narang,Female,23,Information Technology,73.49,73.45,7.68,66,4,3,1,7,86,44,63,38,91,46,59,96,62,69.75,0
STU0536,Upma Pall,Female,20,Mechanical,76.25,91.21,7.43,64,0,0,3,6,32,99,95,38,69,67,44,42,39,74.81,0
STU0537,Anya Date,Male,21,Computer Engineering,70.94,70.06,7.93,82,3,3,4,2,83,85,51,100,89,72,55,81,61,85.11,1
STU0538,Yashvi Dugal,Female,23,Artificial Intelligence,92.48,64.94,9.78,62,0,1,5,1,63,31,93,72,91,96,82,46,46,86.45,1
STU0539,Mahika Bumb,Male,24,Electronics,69.48,89.37,8.61,86,0,3,5,6,60,50,96,91,64,75,87,62,35,103.11,1
STU0540,Shravya Ahluwalia,Female,22,Mechanical,76.35,73.06,8.65,69,2,0,5,7,84,40,75,67,61,66,91,55,73,82.49,1
STU0541,Tarak Bhasin,Female,22,Civil,82.69,86.08,8.89,90,3,2,3,1,66,71,73,64,88,84,46,98,58,79.86,1
STU0542,Tanveer Sibal,Male,24,Civil,79.06,67.7,5.86,93,3,2,1,2,88,54,41,41,67,78,43,73,88,61.85,0
STU0543,Onveer Sahota,Female,24,Electronics,64.68,84.97,8.41,89,1,1,5,1,95,41,82,97,59,92,69,83,52,85.48,1
STU0544,Saksham Radhakrishnan,Female,20,Artificial Intelligence,86.4,73.26,9.39,72,5,3,4,7,42,83,57,100,90,40,65,84,70,85.65,1
STU0545,Pallavi Nagi,Male,22,Computer Engineering,80.55,67.79,5.66,94,0,2,1,4,35,37,49,99,91,78,42,44,83,69.6,0
STU0546,Raagini Bala,Female,23,Mechanical,89.07,64.64,7.51,74,2,0,4,0,62,80,62,42,75,59,71,52,83,65.79,0
STU0547,Ria Chopra,Male,22,Information Technology,85.83,65.47,9.81,60,5,3,1,7,69,42,99,100,95,48,94,88,56,81.2,1
STU0548,Zansi Bhattacharyya,Female,22,Information Technology,69.59,67.49,9.82,62,2,3,6,1,61,59,66,72,96,74,59,92,93,89.3,1
STU0549,Teerth Hari,Female,21,Information Technology,75.08,81.95,6.76,97,5,1,6,2,53,34,69,83,93,62,75,73,82,64.62,0
STU0550,Kavya Thakur,Female,23,Civil,93.6,91.6,8.9,68,5,0,3,7,43,33,48,100,72,92,62,70,56,65.27,0
STU0551,Warjas Dar,Female,22,Electronics,71.28,74.01,7.46,76,1,2,2,1,33,87,45,48,90,73,53,44,82,67.2,0
STU0552,Omkaar Sidhu,Female,20,Electronics,81.81,70.31,5.99,71,0,3,5,8,88,77,44,57,59,51,59,86,39,93.74,1
STU0553,Anthony Arya,Female,20,Artificial Intelligence,61.98,63.04,8.34,99,2,0,1,6,66,40,77,45,51,51,72,90,88,62.23,0
STU0554,Abeer Luthra,Male,22,Mechanical,66.01,83.19,7.79,99,0,3,4,1,71,93,81,36,66,98,70,71,54,90.1,1
STU0555,Aayush Mishra,Female,20,Artificial Intelligence,74.68,77.07,8.98,92,3,1,2,1,42,34,49,80,95,79,88,63,97,62.33,0
STU0556,Noah Bakshi,Female,24,Mechanical,86.55,65.49,5.93,94,4,3,3,3,52,55,52,45,65,49,69,43,42,63.76,0
STU0557,Darika Batra,Female,23,Electronics,61.92,67.23,9.35,73,3,3,2,6,67,51,65,99,70,76,97,88,79,82.81,1
STU0558,Triya Patla,Female,20,Information Technology,81.78,89.25,6.08,87,1,0,6,3,67,45,91,77,78,52,59,70,34,78.96,1
STU0559,Meghana Mani,Male,23,Artificial Intelligence,64.03,61.49,8.11,98,1,0,4,6,88,45,50,97,86,94,74,99,33,79.07,1
STU0560,Devansh Kadakia,Male,21,Civil,81.97,95.09,5.68,95,3,0,3,4,56,57,95,85,61,60,58,91,63,66.92,0
STU0561,Vihaan Bobal,Male,24,Information Technology,83.23,97.05,5.64,96,1,1,4,6,90,100,80,90,50,64,56,70,53,90.61,1
STU0562,Harinakshi Buch,Female,24,Artificial Intelligence,81.48,91.73,8.82,62,2,3,5,6,62,67,85,76,76,89,61,94,44,97.16,1
STU0563,Devansh Dyal,Male,23,Information Technology,60.52,85.41,5.78,72,5,0,1,8,71,88,60,80,58,52,83,60,53,58.2,0
STU0564,Simon Tank,Male,22,Computer Engineering,97.46,70.21,8.09,96,1,3,4,2,44,63,81,65,87,76,45,50,58,86.25,1
STU0565,Girik Sarin,Female,23,Computer Engineering,92.66,77.7,6.88,64,3,2,5,5,88,82,85,84,84,64,94,78,84,89.3,1
STU0566,Dev Loke,Female,24,Mechanical,78.98,63.95,7.09,74,4,0,3,7,83,31,98,54,64,80,96,77,79,63.92,0
STU0567,Yatan Kulkarni,Male,23,Information Technology,80.86,70.0,6.34,98,1,2,2,7,39,31,51,68,97,72,58,42,32,70.52,0
STU0568,Darsh Sibal,Male,20,Civil,63.27,87.05,5.73,70,0,3,1,3,32,57,58,66,88,73,81,67,79,69.89,0
STU0569,Zinal Sankar,Female,24,Electronics,89.37,67.88,7.51,73,2,2,3,7,68,78,94,91,92,82,97,77,96,86.9,1
STU0570,Lila Bhakta,Female,20,Electronics,75.62,87.57,7.28,76,1,3,2,2,33,56,44,80,59,70,46,73,35,72.63,0
STU0571,Devansh Doshi,Male,23,Information Technology,63.24,95.51,8.81,94,3,3,2,0,50,92,54,51,99,88,96,84,99,75.4,1
STU0572,Rachit Sarna,Female,20,Computer Engineering,75.71,70.47,6.96,77,5,2,4,1,57,100,70,39,68,91,54,44,91,66.84,0
STU0573,Pranav Devi,Female,21,Artificial Intelligence,97.2,79.26,6.19,97,4,2,1,3,72,72,63,52,62,94,54,85,31,66.38,0
STU0574,Rachita Dash,Female,23,Electronics,80.84,73.51,6.19,69,5,1,4,8,84,65,48,68,79,80,62,55,88,67.97,0
STU0575,Yashodhara Bora,Male,20,Computer Engineering,75.27,62.71,9.65,79,5,0,6,2,76,76,64,81,66,85,99,57,97,74.55,0
STU0576,Aarav Toor,Female,23,Civil,64.3,69.54,7.37,98,5,3,2,5,92,57,68,66,61,63,78,65,39,71.92,0
STU0577,Yug Tandon,Male,24,Electronics,97.38,82.55,8.07,93,3,3,4,2,41,42,82,46,53,46,43,70,58,76.93,1
STU0578,Ranveer Arora,Female,20,Information Technology,88.07,75.77,9.35,94,3,2,1,5,64,84,63,79,76,49,93,92,95,81.98,1
STU0579,Divya Ramesh,Female,22,Civil,76.21,74.71,5.55,93,4,1,4,6,93,30,51,53,60,89,60,71,64,65.19,0
STU0580,Januja Sem,Male,23,Information Technology,66.95,65.49,6.92,82,1,1,4,6,84,52,50,62,51,41,97,56,50,76.18,1
STU0581,Veer Reddy,Male,21,Civil,80.56,67.94,8.6,88,5,0,3,8,73,74,42,77,77,46,76,70,100,68.7,0
STU0582,Tanvi Uppal,Female,22,Computer Engineering,87.5,88.27,7.7,94,2,0,3,5,69,39,50,48,95,88,55,81,81,66.73,0
STU0583,Sanaya Kade,Male,22,Civil,97.93,73.22,7.46,96,1,2,4,2,49,69,66,42,74,50,97,86,65,79.89,1
STU0584,Falak Parmar,Female,24,Artificial Intelligence,79.25,85.48,7.75,93,4,2,6,7,51,50,44,98,81,95,59,99,59,81.47,1
STU0585,Balvan Anne,Male,22,Information Technology,83.76,69.76,6.62,77,0,1,3,7,53,70,83,89,81,57,77,83,87,80.59,1
STU0586,Vivaan Kala,Male,20,Information Technology,80.81,67.31,5.67,81,4,3,4,3,91,62,91,44,89,75,87,59,53,76.55,1
STU0587,Barkha Sastry,Female,23,Information Technology,80.24,64.2,8.65,76,0,1,2,4,70,64,46,73,58,54,48,50,61,78.34,1
STU0588,Hredhaan Som,Female,22,Mechanical,89.26,71.97,6.16,92,1,0,2,2,72,90,69,49,77,46,44,88,73,67.64,0
STU0589,Zansi Handa,Female,24,Information Technology,91.03,69.49,5.56,93,2,1,6,4,74,60,46,42,76,85,43,73,44,72.72,0
STU0590,Wahab Cherian,Female,24,Computer Engineering,95.49,62.21,8.53,98,3,3,6,1,80,100,84,43,93,94,97,72,55,93.43,1
STU0591,Ranveer Chaudry,Female,23,Civil,70.01,68.99,7.56,99,5,1,4,4,83,69,43,54,53,92,64,48,40,65.02,0
STU0592,Manan Sule,Male,20,Information Technology,84.9,91.1,5.56,84,1,0,6,8,74,38,45,36,81,83,47,59,54,74.92,0
STU0593,Harsh Goda,Male,21,Computer Engineering,71.0,96.37,8.26,61,4,3,1,8,68,56,89,99,50,93,62,66,34,80.91,1
STU0594,Jeet Hayre,Male,24,Information Technology,77.48,80.81,8.85,66,5,2,1,4,62,44,82,82,76,54,63,70,40,69.93,0
STU0595,Tamanna Varty,Male,21,Information Technology,82.22,90.04,8.81,92,3,3,4,0,96,94,52,82,73,54,49,69,93,92.65,1
STU0596,Maya Thaker,Male,21,Mechanical,97.55,92.98,6.91,92,4,3,4,4,94,76,58,72,78,94,51,81,39,86.17,1
STU0597,Matthew Sidhu,Male,22,Artificial Intelligence,64.31,67.42,8.64,68,5,0,4,0,63,53,98,98,89,57,69,84,34,66.2,0
STU0598,Arya Behl,Male,21,Artificial Intelligence,66.38,72.25,8.28,91,3,1,6,8,70,79,72,58,70,68,71,71,82,82.37,1
STU0599,Chanakya Jain,Male,24,Civil,76.82,65.61,7.48,98,0,1,3,3,62,55,41,65,94,55,72,78,88,71.5,0
STU0600,Qadim Khanna,Female,20,Computer Engineering,94.73,78.22,8.51,76,5,0,1,8,96,79,74,38,55,59,90,55,100,69.61,0
STU0601,Teerth Kakar,Male,20,Mechanical,94.41,72.84,7.27,97,2,3,3,0,85,50,83,40,99,99,81,51,37,78.16,1
STU0602,Jagrati Oommen,Male,22,Information Technology,66.14,71.19,7.38,66,4,2,6,2,47,35,87,52,93,72,96,56,94,69.24,0
STU0603,Tanish Soni,Male,21,Information Technology,60.44,76.85,6.45,71,4,0,6,6,41,54,78,86,76,94,67,67,77,66.13,0
STU0604,Mitali Dubey,Male,21,Information Technology,95.33,79.31,9.74,73,1,3,1,7,65,36,57,100,73,87,85,67,49,90.64,1
STU0605,Shivani Upadhyay,Female,23,Computer Engineering,93.68,70.87,6.85,67,4,0,1,8,51,69,94,76,99,53,63,98,85,63.05,0
STU0606,Zehaan Krishna,Female,20,Artificial Intelligence,93.18,71.28,9.33,84,2,3,5,1,45,62,97,37,76,82,97,84,61,87.66,1
STU0607,Zarna Kamdar,Male,23,Artificial Intelligence,97.26,84.71,8.26,79,0,1,2,5,55,71,80,40,57,64,66,46,91,78.02,1
STU0608,Bishakha Parmer,Female,24,Electronics,88.13,91.08,8.11,77,3,1,3,7,80,40,83,97,92,78,67,69,91,78.99,1
STU0609,Falan Joshi,Male,23,Artificial Intelligence,80.13,89.66,7.99,94,3,0,4,8,45,38,82,81,99,45,95,99,51,73.51,0
STU0610,Maanas Sani,Male,24,Artificial Intelligence,91.75,72.89,6.03,87,5,3,1,1,100,48,53,94,97,48,61,89,99,67.37,0
STU0611,Yashawini Seshadri,Male,23,Electronics,73.08,63.06,7.14,62,4,3,1,3,73,99,97,40,55,78,73,99,74,70.54,0
STU0612,Ria Mangal,Male,20,Electronics,69.94,66.14,7.54,75,1,3,1,5,41,74,49,61,52,71,74,71,71,72.99,0
STU0613,Tanish Minhas,Male,22,Artificial Intelligence,67.07,61.89,8.2,95,0,2,1,5,62,49,75,38,97,95,50,60,41,75.55,1
STU0614,Abhimanyu Parmer,Female,23,Civil,68.73,71.01,6.78,73,2,3,3,0,30,47,51,93,83,46,43,53,30,66.78,0
STU0615,Udyati Bobal,Male,24,Mechanical,82.96,90.8,7.29,94,3,0,1,3,69,51,70,56,71,57,89,88,32,60.71,0
STU0616,Bhavna Kata,Female,22,Information Technology,65.77,70.45,8.72,95,4,0,1,6,80,49,58,49,58,67,44,44,61,62.41,0
STU0617,Theodore Vala,Male,23,Mechanical,82.28,73.76,5.76,77,2,0,2,4,30,35,71,50,57,61,81,66,82,53.07,0
STU0618,Jagvi Swaminathan,Female,22,Information Technology,90.53,62.8,8.55,69,4,2,6,7,92,90,99,59,89,89,71,99,64,95.48,1
STU0619,Raksha Mittal,Female,24,Artificial Intelligence,66.72,83.45,8.59,95,2,0,1,6,67,94,80,60,98,67,41,90,31,75.4,1
STU0620,Yashica Rau,Female,23,Civil,96.97,87.28,7.72,72,5,0,4,4,84,70,61,38,74,79,85,93,34,65.97,0
STU0621,Bhanumati Saran,Female,24,Information Technology,87.76,65.55,7.14,81,2,1,2,2,58,71,100,94,73,68,60,61,61,71.86,0
STU0622,Aarini Gour,Female,24,Information Technology,61.42,82.73,8.56,90,2,1,1,5,74,100,61,78,66,61,75,84,68,78.03,1
STU0623,Akshay Lall,Female,21,Information Technology,79.41,85.06,9.63,85,1,0,6,3,97,98,86,46,67,40,87,99,60,94.51,1
STU0624,Shivani Pradhan,Female,23,Mechanical,91.17,91.33,8.39,87,5,2,5,2,93,35,65,37,99,54,46,93,84,75.03,1
STU0625,Meghana Thakur,Male,20,Artificial Intelligence,94.05,60.81,8.4,61,5,3,3,8,65,100,89,70,65,53,77,77,47,81.99,1
STU0626,Neha Brar,Female,23,Information Technology,61.62,91.89,6.5,63,0,1,1,2,79,78,43,83,66,47,53,45,60,70.75,0
STU0627,Kai Mahal,Male,24,Artificial Intelligence,80.74,77.06,9.22,70,0,2,6,7,30,87,65,66,54,45,64,41,59,97.02,1
STU0628,Ayushman Dada,Male,23,Civil,76.72,76.39,7.97,65,1,0,5,7,60,69,41,60,59,63,79,68,67,76.5,1
STU0629,Xiti Jayaraman,Female,21,Mechanical,89.47,64.84,8.27,96,0,1,5,5,97,43,78,59,68,46,47,63,68,89.32,1
STU0630,Udant Jain,Female,20,Civil,94.92,90.97,9.09,65,2,3,6,0,94,87,83,96,95,84,66,81,95,103.72,1
STU0631,Zashil Oza,Male,23,Civil,93.28,62.79,6.29,71,1,2,2,2,80,65,99,88,87,50,82,66,37,80.94,1
STU0632,Udant Rama,Female,23,Computer Engineering,65.85,64.97,9.5,88,0,1,2,4,66,31,61,53,88,48,88,67,48,74.88,0
STU0633,Rohan Ram,Male,24,Civil,86.07,85.97,5.78,64,5,1,5,0,31,94,95,76,50,65,61,80,83,63.11,0
STU0634,Jagdish Gokhale,Male,23,Civil,94.79,78.69,8.94,82,1,2,4,8,37,44,47,89,60,63,77,83,99,89.88,1
STU0635,Niharika Kara,Male,22,Mechanical,69.93,75.44,9.29,81,5,1,2,2,87,59,95,100,79,86,88,41,58,72.62,0
STU0636,Sachi Chad,Male,21,Electronics,66.75,70.01,9.09,74,3,1,1,1,64,89,90,100,57,63,79,87,79,73.06,0
STU0637,Diya Nadig,Male,21,Artificial Intelligence,73.42,75.75,7.24,75,4,2,6,5,67,93,76,64,75,97,57,88,100,82.5,1
STU0638,Irya Rama,Female,22,Electronics,61.05,73.69,7.98,85,2,0,2,0,87,30,67,47,69,64,43,42,69,59.13,0
STU0639,Dalaja Sandhu,Female,23,Mechanical,85.42,73.64,9.16,90,0,3,3,2,38,97,89,80,86,78,48,55,71,94.03,1
STU0640,Nidhi Padmanabhan,Female,24,Electronics,91.82,65.94,7.46,65,4,0,1,0,52,73,43,46,58,91,55,98,50,47.95,0
STU0641,Mekhala Bhardwaj,Male,23,Information Technology,82.42,60.33,6.52,90,3,1,6,2,36,96,52,95,89,69,70,57,56,71.52,0
STU0642,Triya Barad,Female,24,Information Technology,87.56,61.36,6.96,72,3,3,4,2,91,63,48,100,86,98,79,50,78,82.16,1
STU0643,Owen Banerjee,Female,22,Electronics,83.46,81.56,7.9,90,0,3,3,0,79,35,71,40,90,92,64,69,91,81.25,1
STU0644,Quincy Rai,Female,23,Civil,79.67,63.6,8.62,87,5,0,1,8,43,41,86,85,74,78,81,44,77,61.57,0
STU0645,Tarak Sankaran,Female,24,Electronics,95.9,67.84,7.87,72,1,3,5,5,34,71,76,99,100,57,51,71,57,91.41,1
STU0646,Manbir Shetty,Female,20,Computer Engineering,79.18,95.21,8.87,71,3,0,3,8,94,52,41,92,58,100,72,55,85,79.33,1
STU0647,Banjeet Om,Male,24,Artificial Intelligence,63.71,71.57,8.31,79,5,2,1,0,55,31,97,98,83,97,62,93,43,60.95,0
STU0648,Shaurya Rao,Female,20,Mechanical,64.48,79.43,7.35,63,4,0,6,5,85,41,54,66,73,53,82,58,87,68.09,0
STU0649,Henry Sen,Female,21,Mechanical,87.84,79.25,7.06,73,1,3,1,1,73,40,50,55,81,89,62,53,44,71.93,0
STU0650,Warhi Keer,Female,23,Civil,90.64,66.59,7.91,66,4,2,1,1,59,65,68,97,73,83,55,55,41,66.69,0
STU0651,Ayush Sen,Male,22,Information Technology,63.7,92.19,8.27,71,2,2,6,5,94,51,77,55,79,88,59,61,48,90.08,1
STU0652,Tanveer Din,Female,23,Civil,64.25,83.14,6.95,69,3,1,4,8,39,96,59,79,81,42,43,77,79,73.34,0
STU0653,Laban Gulati,Male,21,Electronics,87.41,64.91,6.59,97,4,2,4,2,79,83,52,59,77,66,69,53,62,73.51,0
STU0654,Tarak Nagarajan,Male,23,Artificial Intelligence,80.18,69.91,8.81,82,3,1,2,1,69,90,44,51,97,89,64,83,76,67.58,0
STU0655,Anya Kannan,Male,22,Civil,94.72,69.55,8.69,100,3,3,2,0,48,95,69,45,56,44,57,68,81,76.91,1
STU0656,Arjun Madan,Female,24,Mechanical,66.32,72.35,9.77,81,0,2,3,3,64,84,56,82,80,59,79,82,83,90.26,1
STU0657,Hamsini Rana,Male,23,Computer Engineering,84.02,85.68,8.24,87,3,3,4,7,84,53,57,50,57,84,85,99,86,86.4,1
STU0658,Indira Kumer,Female,23,Information Technology,84.52,79.68,6.23,97,5,3,5,5,48,48,88,65,52,82,95,80,38,75.03,1
STU0659,Gaurang Thaker,Male,24,Civil,80.5,60.88,5.61,69,5,1,6,4,92,82,73,75,51,70,70,57,37,71.61,0
STU0660,Zansi Sama,Female,22,Electronics,86.81,91.78,6.23,83,5,1,5,8,66,41,88,91,51,88,58,63,95,74.37,0
STU0661,Gaurang Manda,Male,23,Mechanical,82.66,65.05,6.87,99,1,3,5,3,95,47,84,66,66,95,95,72,95,91.41,1
STU0662,Kevin Date,Female,22,Electronics,93.19,60.08,6.17,76,3,3,6,1,75,98,44,66,84,77,58,59,31,81.52,1
STU0663,Rachita Aggarwal,Female,22,Mechanical,61.14,86.71,8.51,78,1,1,3,0,64,93,95,60,50,81,69,70,46,79.11,1
STU0664,Vinaya Manda,Female,24,Mechanical,88.21,62.74,5.75,93,5,2,1,7,68,49,45,62,93,40,62,40,97,60.05,0
STU0665,Priya Kota,Male,21,Mechanical,68.25,95.75,5.92,84,1,2,4,2,47,93,57,89,90,67,44,96,30,81.39,1
STU0666,Om Wali,Female,21,Electronics,77.23,93.09,6.1,86,4,3,1,6,31,62,57,65,50,57,71,60,54,64.58,0
STU0667,Pahal Pall,Female,22,Artificial Intelligence,79.24,79.47,6.9,63,5,2,4,3,64,51,97,56,97,99,65,72,61,69.82,0
STU0668,Zayan Gera,Female,24,Computer Engineering,85.2,61.5,7.55,60,1,2,5,6,71,83,71,48,54,69,58,81,66,87.62,1
STU0669,Siya Solanki,Female,22,Mechanical,68.08,62.56,9.51,62,4,2,3,6,43,72,46,85,55,49,99,78,34,73.93,0
STU0670,Zehaan Gola,Female,21,Civil,61.8,82.63,6.49,89,3,0,2,3,59,68,85,77,71,77,81,84,70,61.72,0
STU0671,Nakul Parmer,Female,20,Mechanical,60.45,84.47,8.86,86,5,3,3,2,32,43,73,51,74,59,89,67,31,66.01,0
STU0672,Oliver Ranganathan,Male,24,Electronics,97.46,72.91,8.17,93,0,2,6,7,56,83,86,49,77,65,68,96,45,98.23,1
STU0673,Ucchal Pal,Female,21,Mechanical,89.33,77.89,5.59,94,3,1,1,1,36,62,93,37,82,50,66,54,86,54.2,0
STU0674,Vanya Krishnan,Male,24,Civil,70.65,96.57,7.6,62,2,2,1,3,64,96,94,67,64,86,93,61,68,78.32,1
STU0675,Nachiket Dhar,Female,23,Artificial Intelligence,63.3,91.66,9.67,94,4,1,5,2,44,73,55,84,52,68,97,75,54,75.34,1
STU0676,Adweta Choudhry,Male,24,Computer Engineering,60.72,84.07,9.32,91,2,0,1,1,56,73,81,37,80,49,98,98,59,65.17,0
STU0677,Jonathan Parekh,Male,20,Mechanical,87.52,83.7,9.21,64,0,3,6,6,86,44,71,51,90,76,58,61,61,103.24,1
STU0678,Ekaja Srinivasan,Male,22,Electronics,73.53,79.24,8.92,78,2,3,1,4,46,67,92,71,89,65,79,85,45,81.92,1
STU0679,Chaman Bhavsar,Female,22,Computer Engineering,97.57,80.3,9.87,84,4,2,5,0,91,63,54,71,60,70,82,78,93,86.18,1
STU0680,Chandran Keer,Male,22,Civil,63.6,79.91,5.53,97,2,3,5,2,33,35,90,61,75,45,83,82,37,73.81,0
STU0681,Omisha Sunder,Female,23,Computer Engineering,83.21,95.84,5.82,90,2,3,5,4,47,36,57,85,79,57,50,52,94,80.9,1
STU0682,Ridhi Kanda,Male,21,Artificial Intelligence,70.98,66.56,8.71,80,3,3,4,8,92,68,45,93,77,66,45,72,60,93.57,1
STU0683,Pallavi Goda,Male,24,Information Technology,66.77,67.75,8.56,74,3,2,4,4,74,77,45,78,97,88,67,48,96,82.37,1
STU0684,Nimrat Oza,Male,20,Artificial Intelligence,91.4,85.25,7.79,96,0,2,1,3,31,43,98,94,59,98,80,96,34,80.19,1
STU0685,Aarna Oza,Male,20,Computer Engineering,92.82,84.34,7.06,77,1,3,4,7,89,71,87,69,81,69,72,65,61,97.74,1
STU0686,Om Bajwa,Male,21,Mechanical,73.92,88.92,7.96,90,0,0,2,8,63,93,48,53,63,100,64,41,31,77.55,1
STU0687,Bhavna Raj,Female,20,Computer Engineering,90.41,60.66,7.99,95,2,1,4,0,90,49,84,56,78,43,65,91,80,75.24,1
STU0688,Zinal Kant,Female,21,Mechanical,66.35,63.11,9.65,62,5,1,5,4,31,64,41,58,60,87,93,89,40,63.3,0
STU0689,Ikshita Pandey,Female,20,Electronics,81.11,97.87,6.44,63,2,3,3,4,48,95,77,79,57,88,67,44,31,82.23,1
STU0690,Zarna Ahluwalia,Male,22,Mechanical,87.68,68.31,9.46,81,2,1,2,0,32,57,97,42,68,58,78,50,98,66.97,0
STU0691,Sai Sami,Female,21,Artificial Intelligence,90.19,89.37,7.67,64,4,1,4,0,96,66,95,97,77,54,100,84,36,77.7,1
STU0692,Vivaan Raja,Male,20,Mechanical,62.96,71.37,9.27,71,3,0,4,3,52,61,93,56,93,64,94,87,42,71.32,0
STU0693,Chaitaly Natt,Female,20,Information Technology,64.1,89.69,9.8,100,2,3,6,3,73,87,61,79,63,84,52,68,90,99.63,1
STU0694,Jagdish Peri,Male,24,Artificial Intelligence,96.03,86.05,6.74,64,4,3,1,0,39,83,81,82,64,43,49,45,45,67.34,0
STU0695,Mason Dhar,Male,23,Computer Engineering,93.46,71.48,8.05,93,1,0,3,7,82,89,95,43,61,98,78,99,45,82.24,1
STU0696,Teerth Srinivasan,Male,23,Civil,81.03,67.87,8.0,92,2,1,6,1,48,40,58,61,97,61,66,58,99,70.59,0
STU0697,Aryan Buch,Male,22,Computer Engineering,81.49,72.18,9.6,67,2,3,3,7,51,68,97,68,59,84,68,53,92,90.87,1
STU0698,Alka Bhalla,Male,22,Mechanical,96.94,83.65,6.75,74,0,0,3,5,58,67,78,39,54,91,82,52,49,73.36,0
STU0699,Udyati Parmer,Female,24,Information Technology,75.03,67.11,8.06,86,4,3,1,4,79,74,75,88,77,94,65,68,60,76.18,1
STU0700,Niharika Prakash,Male,24,Computer Engineering,72.44,72.21,7.46,94,4,3,2,7,54,96,72,47,89,79,64,93,53,74.69,0
STU0701,Sarthak Chada,Male,23,Computer Engineering,74.25,82.04,5.9,60,0,0,1,5,89,91,65,67,74,49,90,41,74,73.08,0
STU0702,Falguni Narain,Female,22,Electronics,81.79,95.2,9.61,64,5,0,3,5,92,96,65,45,77,40,85,46,30,73.52,0
STU0703,Bakhshi Kapoor,Male,22,Computer Engineering,74.02,76.92,7.53,62,3,2,2,7,87,78,72,96,89,78,93,65,94,81.9,1
STU0704,Bimala Bassi,Female,21,Artificial Intelligence,83.56,80.37,8.05,63,1,3,4,2,35,73,54,93,62,68,62,53,38,83.89,1
STU0705,Veda Raval,Male,24,Information Technology,88.12,80.57,9.54,94,1,0,6,8,70,93,88,88,100,63,100,87,38,100.05,1
STU0706,Kashish Bawa,Female,20,Artificial Intelligence,83.89,91.35,7.13,82,2,2,6,3,58,53,93,66,98,88,79,46,53,85.78,1
STU0707,Balvan Pingle,Male,24,Computer Engineering,92.33,63.14,9.09,68,3,0,1,6,35,68,57,59,90,85,72,97,82,62.78,0
STU0708,Omya Jha,Male,24,Electronics,82.63,81.59,6.72,78,5,2,2,7,46,95,52,92,89,77,87,97,92,69.56,0
STU0709,Nitesh Sagar,Female,20,Information Technology,82.3,95.96,8.03,82,5,0,3,8,70,97,42,42,76,76,91,42,48,65.59,0
STU0710,David Mitra,Female,22,Mechanical,82.82,83.08,7.16,85,0,3,6,5,58,81,74,63,60,71,56,81,35,96.66,1
STU0711,Sanya Om,Female,24,Artificial Intelligence,90.47,85.65,7.28,81,0,0,4,7,49,65,41,65,94,74,48,42,85,77.67,1
STU0712,Nathan Parmer,Female,22,Computer Engineering,75.81,67.39,7.43,88,0,1,6,4,51,67,45,99,60,46,52,65,37,83.33,1
STU0713,Widisha Prasad,Female,21,Mechanical,92.51,75.28,6.02,72,3,0,6,5,81,79,59,99,88,93,98,85,37,78.27,1
STU0714,Chandran Char,Male,20,Artificial Intelligence,60.77,74.42,6.79,62,5,1,3,0,74,63,78,87,88,71,65,68,100,58.1,0
STU0715,Libni Sheth,Female,21,Artificial Intelligence,60.73,77.13,6.25,66,5,0,3,8,46,92,40,55,73,84,40,53,31,54.19,0
STU0716,Omaja Bail,Male,23,Computer Engineering,73.62,85.0,7.23,79,2,2,2,1,90,70,76,80,78,74,58,82,76,78.37,1
STU0717,Sathvik Brahmbhatt,Male,20,Computer Engineering,86.0,62.78,5.87,69,1,0,3,6,34,77,94,70,75,77,58,75,51,68.27,0
STU0718,Udyati Dash,Female,24,Civil,73.92,67.53,6.19,96,1,3,6,7,57,54,63,51,92,84,89,95,66,86.67,1
STU0719,Januja Bhatia,Male,22,Artificial Intelligence,87.47,91.05,8.67,95,0,2,2,7,46,97,93,48,94,81,59,52,41,93.64,1
STU0720,Avni Khosla,Female,23,Electronics,62.31,81.47,7.2,88,1,3,6,2,57,54,70,88,76,78,61,43,57,87.93,1
STU0721,Saksham Radhakrishnan,Female,24,Information Technology,61.61,67.3,7.88,61,0,0,5,7,94,65,95,80,60,82,96,52,33,88.8,1
STU0722,Yamini Mammen,Female,23,Civil,87.22,75.89,8.96,64,1,1,3,0,36,86,79,39,73,68,66,71,80,72.23,0
STU0723,Chatura Chauhan,Male,20,Artificial Intelligence,69.25,88.46,8.89,80,5,3,3,2,32,94,80,85,73,41,60,98,34,76.25,1
STU0724,Ekaraj Char,Female,21,Electronics,87.33,67.63,8.35,94,4,2,1,1,49,76,99,58,79,99,57,68,55,67.55,0
STU0725,Dhruv Dora,Male,20,Computer Engineering,83.25,94.98,9.28,66,0,3,2,0,46,57,77,61,85,76,47,83,43,85.08,1
STU0726,Chasmum Garg,Female,24,Mechanical,90.18,90.0,6.53,86,3,3,6,4,51,70,52,96,54,66,96,59,89,85.83,1
STU0727,Mugdha Kota,Male,20,Mechanical,72.62,83.57,7.26,72,3,1,6,6,54,50,58,99,85,89,54,58,40,76.54,1
STU0728,Frederick Shroff,Female,23,Mechanical,62.82,69.09,6.68,83,1,3,2,7,40,92,72,49,87,52,68,85,66,78.0,1
STU0729,Tanvi Raja,Female,23,Mechanical,83.78,80.65,9.42,65,5,2,2,2,53,93,59,60,86,55,92,90,93,70.68,0
STU0730,Qadim Buch,Female,23,Computer Engineering,86.32,70.52,5.7,85,0,2,4,7,65,45,69,59,81,59,47,68,75,84.38,1
STU0731,Neelima Narang,Male,24,Electronics,80.92,65.75,6.01,69,3,0,6,8,94,64,62,67,96,46,40,41,84,76.54,1
STU0732,Bhanumati Palla,Female,22,Information Technology,62.32,89.94,9.29,64,0,0,3,3,67,93,89,52,50,87,54,84,55,82.46,1
STU0733,Yochana Chakrabarti,Male,22,Artificial Intelligence,83.44,89.71,6.39,94,2,1,2,2,84,52,51,48,77,89,79,52,92,65.5,0
STU0734,Michael Naidu,Male,24,Artificial Intelligence,62.01,97.7,6.19,72,2,2,2,1,48,80,70,71,65,95,56,55,82,69.25,0
STU0735,Hritik Golla,Female,24,Mechanical,65.1,84.31,9.57,63,2,3,1,7,93,93,46,60,55,60,46,78,79,89.08,1
STU0736,Reyansh Kohli,Male,21,Information Technology,80.52,89.32,8.99,82,1,1,6,0,85,65,46,63,77,81,75,78,57,86.21,1
STU0737,Urvashi Garg,Female,24,Mechanical,77.43,67.95,8.08,100,4,1,3,8,58,95,87,37,87,68,81,62,85,71.3,0
STU0738,Victor Edwin,Female,22,Information Technology,62.12,63.06,8.28,90,0,0,4,0,49,99,66,86,86,85,64,73,47,76.03,1
STU0739,Jeevika Khalsa,Male,22,Mechanical,83.01,64.33,7.76,92,4,1,5,3,98,45,51,52,71,90,41,57,70,70.35,0
STU0740,Eesha Chand,Male,20,Computer Engineering,91.96,69.66,9.43,95,5,1,6,2,31,39,86,68,70,81,72,71,39,70.72,0
STU0741,Qasim Nayak,Female,24,Civil,72.87,89.49,8.24,70,3,0,4,1,86,86,79,55,59,46,83,63,37,73.12,0
STU0742,Vritti Dara,Female,20,Information Technology,92.81,66.56,8.56,68,4,3,4,3,53,51,81,98,81,72,42,65,58,83.41,1
STU0743,Zilmil Palla,Female,20,Artificial Intelligence,65.83,87.28,9.81,61,0,1,1,0,31,58,76,66,67,76,91,45,57,70.63,0
STU0744,Pallavi Raj,Male,22,Electronics,71.14,78.85,7.68,100,4,0,4,2,42,34,60,60,56,92,72,84,87,57.06,0
STU0745,Irya Char,Male,20,Information Technology,89.1,76.39,8.08,96,5,0,5,0,41,59,52,37,70,95,90,75,51,55.46,0
STU0746,Kashish More,Female,23,Computer Engineering,77.74,68.77,5.51,76,2,1,5,5,94,85,90,93,97,51,89,58,71,84.37,1
STU0747,William Rau,Female,21,Electronics,81.78,96.5,5.87,66,4,1,5,7,33,49,49,54,73,42,77,59,83,63.02,0
STU0748,Aditya Sura,Male,24,Mechanical,61.45,87.39,6.06,61,0,3,2,8,96,75,89,40,58,53,60,98,99,88.85,1
STU0749,Harinakshi Tailor,Female,22,Civil,91.03,81.84,9.44,94,0,1,3,1,75,32,77,39,71,100,45,69,100,79.92,1
STU0750,Nathan Thakkar,Female,24,Artificial Intelligence,81.03,63.52,8.23,86,2,1,3,5,65,61,91,49,87,65,76,70,63,73.07,0
STU0751,Darika Bhatnagar,Male,21,Civil,86.57,74.09,6.03,67,2,0,2,8,95,74,99,37,58,100,60,42,87,72.73,0
STU0752,Janani Raj,Male,24,Computer Engineering,70.72,95.9,6.87,91,5,2,4,5,82,44,79,52,87,91,79,54,37,73.75,0
STU0753,Ishwar Agarwal,Female,22,Information Technology,90.11,82.81,8.36,94,0,3,1,4,93,33,96,56,83,93,60,81,30,89.16,1
STU0754,Bachittar Baria,Female,20,Civil,78.62,75.06,5.56,74,2,3,6,2,53,40,76,78,90,89,68,43,42,79.54,1
STU0755,Atharv Issac,Male,23,Artificial Intelligence,62.65,81.4,5.86,60,5,1,4,7,93,84,69,46,78,100,80,47,89,67.97,0
STU0756,Zinal Handa,Male,21,Information Technology,87.07,74.72,8.09,74,4,3,3,8,84,33,63,72,90,42,79,75,31,79.46,1
STU0757,Divya Rai,Male,21,Mechanical,90.85,65.15,8.56,97,2,0,3,1,43,56,57,97,88,73,42,53,42,69.02,0
STU0758,Maanas Rajagopal,Female,24,Artificial Intelligence,94.61,89.68,6.58,88,3,1,3,4,92,83,41,78,51,42,45,74,59,73.99,0
STU0759,Girish Apte,Male,21,Civil,65.53,83.27,7.52,75,5,0,2,5,93,49,81,52,62,100,99,81,73,59.82,0
STU0760,Triya Chopra,Female,24,Information Technology,69.95,65.46,7.52,63,3,2,5,0,89,99,73,61,59,90,97,65,94,80.38,1
STU0761,Luke Konda,Female,20,Civil,95.23,82.8,7.04,71,2,1,2,7,83,93,58,95,74,80,81,61,34,80.48,1
STU0762,Peter Wason,Female,24,Information Technology,79.97,71.73,6.42,93,0,2,1,5,39,100,93,64,80,51,81,94,54,80.21,1
STU0763,Pallavi Chatterjee,Male,23,Civil,78.27,63.06,7.29,77,4,1,3,7,47,97,92,80,99,51,75,51,68,70.51,0
STU0764,Triya Din,Female,23,Information Technology,71.56,62.37,7.6,71,0,1,1,7,67,53,99,71,92,93,52,40,39,76.49,1
STU0765,Madhav Memon,Female,23,Mechanical,68.49,97.54,8.44,62,0,0,4,1,88,81,57,76,90,72,61,77,72,82.18,1
STU0766,Indira Mishra,Female,20,Artificial Intelligence,74.27,86.67,8.03,64,4,3,2,4,69,83,98,69,65,76,62,95,79,78.7,1
STU0767,Pratyush Jain,Male,21,Mechanical,73.47,70.64,6.73,69,5,2,6,0,32,95,100,93,85,41,47,73,84,72.92,0
STU0768,Priya Chokshi,Male,20,Information Technology,78.26,68.47,5.58,66,2,1,6,2,50,88,90,98,67,79,96,54,33,77.23,1
STU0769,Luke Divan,Male,24,Mechanical,93.07,60.89,8.19,83,5,1,3,8,78,91,87,76,86,97,68,41,46,75.03,1
STU0770,Rishi Ramesh,Male,20,Civil,79.8,90.78,5.62,100,4,3,6,3,47,96,62,95,83,50,70,84,99,82.65,1
STU0771,Saumya Om,Male,23,Computer Engineering,60.02,85.92,7.13,99,2,1,3,5,81,30,61,45,81,90,100,79,44,67.55,0
STU0772,Sanaya Pingle,Male,22,Information Technology,68.12,72.69,9.34,99,4,3,5,6,76,69,55,77,54,83,44,89,80,90.21,1
STU0773,Nachiket Hans,Male,22,Electronics,77.9,81.15,6.25,68,0,2,1,7,56,64,79,47,99,88,70,84,70,77.2,1
STU0774,Kalpit Krishnamurthy,Female,20,Electronics,71.1,96.08,7.58,81,5,2,5,0,90,90,81,71,95,59,55,92,39,79.63,1
STU0775,Indrajit Sachdev,Male,21,Computer Engineering,60.04,76.29,7.9,81,5,0,2,2,68,85,70,90,52,75,54,43,95,59.18,0
STU0776,Nitesh Viswanathan,Female,21,Civil,87.99,77.59,8.75,64,0,3,3,4,73,35,82,41,88,82,67,55,88,89.01,1
STU0777,Damyanti Ahuja,Male,21,Computer Engineering,67.44,84.67,7.17,78,0,0,4,7,91,81,51,72,77,91,77,44,35,84.5,1
STU0778,Lavanya Lata,Male,20,Computer Engineering,67.06,80.13,7.27,70,1,2,1,0,55,34,60,41,77,83,77,81,79,62.51,0
STU0779,Chasmum Dayal,Female,22,Information Technology,62.56,91.75,9.58,76,3,0,6,0,30,69,92,98,96,54,77,65,50,76.79,1
STU0780,Thomas Verma,Female,24,Information Technology,95.05,88.58,8.85,94,1,3,1,3,52,61,85,48,55,49,57,89,77,84.96,1
STU0781,Benjamin Bhatia,Male,24,Electronics,96.44,87.29,9.55,98,1,3,6,2,45,61,63,82,62,42,75,56,34,97.72,1
STU0782,Wyatt Parmar,Female,20,Electronics,62.52,78.43,6.38,83,4,0,3,3,88,51,42,52,90,62,54,46,88,55.71,0
STU0783,Raksha Merchant,Female,24,Artificial Intelligence,94.86,89.34,7.41,82,1,1,2,6,34,74,40,59,93,60,52,100,40,69.74,0
STU0784,Omkaar Chaudhuri,Male,24,Mechanical,72.79,78.98,9.11,79,3,2,2,1,35,91,42,99,79,81,51,96,84,73.8,0
STU0785,Siya Som,Female,22,Computer Engineering,66.85,68.24,6.83,73,0,0,1,5,50,86,40,48,85,66,59,42,92,62.72,0
STU0786,Ladli Gandhi,Female,24,Civil,92.92,94.03,8.7,64,5,1,5,8,96,83,82,42,88,100,84,77,76,85.39,1
STU0787,Yamini Kunda,Male,22,Information Technology,78.48,78.33,9.32,100,2,1,5,5,33,57,71,77,65,47,52,52,83,81.77,1
STU0788,Saumya Bedi,Female,24,Artificial Intelligence,67.71,67.99,5.53,84,1,0,2,6,62,60,91,92,94,80,95,46,44,69.43,0
STU0789,Aarnav Varghese,Female,24,Information Technology,71.1,67.88,6.93,62,5,0,3,3,76,65,42,45,62,90,80,83,32,51.46,0
STU0790,Ishita Dyal,Female,24,Computer Engineering,68.54,84.38,7.6,67,2,3,5,1,43,69,55,50,77,91,65,98,33,76.69,1
STU0791,Eshana Chowdhury,Female,24,Information Technology,94.05,62.45,9.67,80,4,2,2,5,94,91,89,35,88,87,70,45,53,83.59,1
STU0792,Dalaja Pal,Female,21,Electronics,66.17,73.54,8.09,81,1,3,3,0,85,54,88,66,50,99,46,58,49,82.75,1
STU0793,Hiral Tiwari,Female,21,Electronics,61.26,72.26,6.66,100,0,0,5,1,76,79,79,43,80,40,73,41,69,76.17,1
STU0794,Pratyush Balakrishnan,Male,24,Civil,66.89,91.94,9.86,66,1,3,3,3,80,64,55,62,85,83,99,40,33,90.0,1
STU0795,Harinakshi Peri,Female,21,Civil,62.39,81.88,6.78,60,2,1,1,6,34,98,94,72,51,86,96,58,42,67.49,0
STU0796,Timothy Chaudhry,Female,24,Civil,91.5,87.86,7.31,75,5,1,5,0,63,46,93,73,65,68,92,56,71,66.96,0
STU0797,Anita Mammen,Male,23,Mechanical,74.29,70.68,5.65,60,4,2,4,0,100,42,65,70,52,71,96,61,95,68.5,0
STU0798,Jairaj Gade,Female,21,Mechanical,75.03,62.75,6.91,95,5,3,4,3,71,64,76,36,85,68,60,48,92,70.6,0
STU0799,Shaurya Sibal,Male,22,Information Technology,67.93,83.87,5.74,83,3,1,6,4,85,94,63,78,96,78,98,75,80,79.06,1
STU0800,Hemal Tandon,Female,20,Computer Engineering,71.12,69.51,7.94,96,3,1,3,0,57,38,82,46,84,100,60,58,48,59.89,0
STU0801,Chameli Nayar,Female,21,Information Technology,73.32,81.85,6.89,72,5,0,5,4,80,83,87,65,92,93,69,66,76,69.4,0
STU0802,Samar Nagar,Male,23,Information Technology,73.65,70.46,5.84,99,3,3,3,3,73,48,80,72,72,67,52,99,81,73.99,0
STU0803,Krish Nadig,Male,24,Mechanical,60.71,64.6,6.31,67,0,3,1,7,40,87,60,38,57,49,42,48,42,74.0,0
STU0804,Laksh Mani,Male,21,Electronics,72.0,88.42,5.99,69,2,0,4,2,82,56,82,53,63,71,54,63,35,68.87,0
STU0805,Ojasvi Patil,Female,21,Mechanical,82.14,71.53,8.87,63,1,0,4,6,75,51,85,66,87,48,93,59,66,83.71,1
STU0806,Divya Mannan,Female,22,Mechanical,89.98,89.77,9.05,95,2,3,3,2,41,56,61,39,58,64,96,95,49,79.58,1
STU0807,Dalbir Dhar,Male,22,Civil,63.47,90.62,9.16,79,4,3,6,6,63,57,100,39,62,68,97,50,72,89.73,1
STU0808,Ranbir Prabhakar,Male,20,Electronics,70.21,69.55,5.92,86,1,1,1,3,47,68,86,89,80,42,76,58,85,66.47,0
STU0809,Charvi Deshmukh,Female,20,Civil,92.46,72.66,6.9,88,3,3,3,8,98,65,75,38,64,52,78,52,87,84.21,1
STU0810,Henry Warrior,Female,24,Artificial Intelligence,87.63,92.06,6.16,96,5,2,2,7,64,72,84,64,71,94,50,50,54,71.69,0
STU0811,Darsh Ahluwalia,Female,21,Computer Engineering,83.43,73.39,7.33,88,5,3,1,2,86,84,81,59,59,69,47,82,73,71.04,0
STU0812,Triya Hayer,Male,24,Civil,91.36,86.53,7.61,86,2,2,6,0,48,64,96,36,63,61,100,94,90,81.11,1
STU0813,Amrita Manda,Female,23,Computer Engineering,60.08,88.02,5.93,78,3,2,1,0,86,48,92,44,54,59,78,47,32,63.87,0
STU0814,Bhavini Chaudhuri,Male,23,Computer Engineering,84.09,97.2,8.55,81,1,1,1,3,87,88,86,62,71,100,100,55,85,83.93,1
STU0815,Krishna Krishnan,Female,20,Artificial Intelligence,80.8,61.69,6.01,78,3,0,4,7,66,66,84,83,80,80,73,48,37,71.37,0
STU0816,Elijah Vig,Male,20,Electronics,68.85,78.66,9.57,87,3,3,2,7,66,54,75,63,61,90,45,93,34,84.34,1
STU0817,Bhanumati Chaudhary,Female,21,Electronics,72.75,85.56,6.41,60,3,2,2,4,53,57,100,69,62,84,94,71,47,70.2,0
STU0818,Upma Mallick,Male,20,Mechanical,85.11,92.87,8.07,80,4,3,6,5,33,98,45,55,99,78,98,75,39,81.69,1
STU0819,Eta Pandey,Female,20,Artificial Intelligence,60.15,94.26,6.88,70,1,2,6,6,91,89,44,45,61,59,76,60,47,90.15,1
STU0820,Ishaan Mane,Female,23,Information Technology,79.07,85.94,6.29,71,3,0,6,2,80,96,58,76,96,91,74,66,51,74.63,0
STU0821,Sneha Ramakrishnan,Male,20,Civil,67.71,97.25,8.81,64,2,0,5,1,67,87,72,68,94,58,57,64,66,80.07,1
STU0822,Urvashi Jha,Male,24,Computer Engineering,69.64,81.13,9.82,69,0,2,6,0,46,77,81,67,92,98,91,80,74,93.57,1
STU0823,Vihaan Srivastava,Female,24,Electronics,76.79,79.43,8.22,97,3,1,5,5,46,91,67,76,54,66,62,62,71,78.21,1
STU0824,Ishita Bhargava,Male,20,Computer Engineering,96.67,85.26,7.26,97,4,2,6,2,65,39,54,90,76,53,78,77,94,78.61,1
STU0825,Sanaya Guha,Female,22,Information Technology,86.74,79.06,6.78,88,0,1,3,7,44,78,77,70,88,40,76,42,37,79.64,1
STU0826,Isha Mohan,Male,21,Electronics,74.89,64.74,8.84,65,1,3,4,5,75,95,43,100,80,80,97,67,43,96.94,1
STU0827,Chandresh Sekhon,Female,22,Information Technology,88.43,71.14,8.96,89,3,2,1,0,47,90,40,67,96,57,100,40,51,70.08,0
STU0828,Bakhshi Dyal,Female,21,Information Technology,92.33,94.46,6.25,71,4,1,4,6,90,53,92,63,68,70,44,85,97,76.03,1
STU0829,Zaitra Boase,Male,23,Information Technology,87.41,81.24,8.75,89,0,1,1,0,92,67,88,78,72,63,62,56,59,83.91,1
STU0830,Idika Ghosh,Male,24,Information Technology,74.28,83.31,5.53,86,2,3,5,5,84,58,80,71,87,60,45,51,91,87.62,1
STU0831,Amara Sami,Female,24,Civil,85.75,63.15,7.23,72,1,1,3,4,75,85,79,52,83,81,96,40,55,75.8,1
STU0832,Imaran Dash,Female,22,Civil,93.27,67.84,5.94,98,4,1,3,0,58,88,91,41,74,56,98,67,60,60.59,0
STU0833,Chaitaly Mitter,Male,21,Mechanical,95.82,84.94,5.92,99,5,3,2,1,64,79,100,63,73,86,77,100,36,70.67,0
STU0834,Janani Narang,Male,23,Civil,87.07,63.04,7.78,75,4,2,6,2,55,33,67,71,91,73,66,58,36,72.67,0
STU0835,Bhavya Bhatti,Male,24,Civil,82.02,71.36,8.21,73,0,1,4,8,98,100,42,76,62,73,63,54,88,92.91,1
STU0836,Frederick Lal,Female,21,Civil,76.14,61.72,9.36,74,4,0,2,8,32,99,69,50,58,45,93,87,68,65.81,0
STU0837,Nidhi Sankaran,Female,22,Computer Engineering,86.87,86.6,6.53,92,5,2,1,5,87,83,96,77,82,43,88,53,77,74.66,0
STU0838,Faqid Sandhu,Male,23,Civil,82.18,67.94,7.22,80,3,3,2,3,45,49,94,77,100,68,98,52,31,72.2,0
STU0839,Divya Gala,Male,20,Civil,85.19,89.53,6.44,92,2,1,6,7,72,61,48,46,74,59,100,49,97,79.25,1
STU0840,Yamini Devi,Male,20,Mechanical,95.28,62.82,7.63,93,1,0,3,4,76,74,100,96,97,40,84,50,68,81.12,1
STU0841,Oeshi Natt,Female,24,Civil,95.84,75.62,6.68,71,5,3,2,7,92,31,77,52,79,51,94,85,98,71.86,0
STU0842,Anusha Yohannan,Male,20,Artificial Intelligence,85.95,81.48,5.77,90,4,2,5,7,59,47,66,85,83,57,63,84,45,77.43,1
STU0843,Saanvi Luthra,Female,24,Electronics,93.18,81.01,7.9,84,0,3,2,4,40,70,90,94,94,74,69,92,34,88.82,1
STU0844,Mitali Aggarwal,Male,24,Civil,85.49,73.75,9.57,69,1,3,1,2,85,33,77,87,86,52,69,90,44,86.96,1
STU0845,Viraj Krishna,Male,23,Artificial Intelligence,79.36,73.72,8.57,88,2,1,6,6,72,50,86,97,66,89,47,44,31,90.95,1
STU0846,Leela Koshy,Male,20,Electronics,69.96,75.9,8.28,86,3,3,5,2,32,65,88,86,61,70,44,100,51,81.15,1
STU0847,Dayamai Mukhopadhyay,Female,21,Mechanical,80.41,61.66,6.27,69,1,1,5,0,74,91,47,62,67,45,88,40,92,73.3,0
STU0848,Bakhshi Morar,Female,22,Computer Engineering,91.95,95.14,7.34,65,1,3,5,6,73,84,86,35,80,76,77,43,89,95.09,1
STU0849,Amrita Ramesh,Male,22,Computer Engineering,91.62,61.18,8.33,70,5,2,1,7,43,62,92,36,75,84,77,79,78,63.89,0
STU0850,Daksh Jaggi,Male,20,Computer Engineering,67.13,63.38,9.8,91,0,3,3,0,70,48,93,62,82,70,70,58,96,89.0,1
STU0851,Robert Kata,Male,22,Computer Engineering,80.87,77.54,7.2,87,0,1,1,3,55,44,95,99,52,87,50,57,78,74.64,0
STU0852,Faqid Krish,Female,24,Information Technology,91.28,76.88,7.22,74,3,0,2,5,35,36,54,50,84,88,45,86,38,54.21,0
STU0853,Geetika Bakshi,Female,24,Artificial Intelligence,78.72,63.12,9.4,98,2,1,2,2,89,99,78,49,84,83,63,57,93,79.83,1
STU0854,Kamya Dara,Female,23,Artificial Intelligence,72.9,77.58,6.62,93,1,0,6,4,68,79,46,36,67,51,59,53,97,74.24,0
STU0855,Lajita Bajwa,Female,24,Civil,87.97,88.21,9.76,100,5,3,2,8,45,72,97,63,78,63,52,62,57,84.09,1
STU0856,Orinder Sami,Male,20,Computer Engineering,97.71,64.73,7.32,68,0,0,5,5,70,32,99,90,72,82,79,77,32,83.88,1
STU0857,Varsha Chandra,Male,23,Electronics,97.07,94.13,9.16,66,3,0,4,5,46,69,79,84,55,92,92,79,31,79.84,1
STU0858,Vasana Dhawan,Female,20,Information Technology,93.95,91.55,8.95,72,5,0,5,5,48,97,81,52,66,99,64,40,32,75.25,1
STU0859,Udant Agate,Male,23,Mechanical,60.99,94.21,7.05,98,1,3,4,8,57,87,74,36,85,63,77,57,90,89.77,1
STU0860,Jagrati Ramaswamy,Female,20,Mechanical,61.72,88.12,5.58,72,3,2,6,8,58,76,47,37,68,55,54,61,32,76.44,1
STU0861,Sarthak Varughese,Female,22,Information Technology,70.13,80.05,8.47,91,4,2,2,3,68,40,77,89,58,51,64,94,34,71.31,0
STU0862,George Bhavsar,Female,24,Electronics,97.9,62.03,7.5,63,2,0,1,4,39,78,70,66,84,59,56,56,44,61.39,0
STU0863,Hemal Wable,Female,24,Computer Engineering,83.62,82.46,7.93,95,4,1,6,3,44,36,50,95,90,60,85,77,50,69.92,0
STU0864,Rehaan Ramakrishnan,Female,20,Civil,70.04,83.2,6.32,92,0,0,4,2,47,69,55,50,93,85,79,71,52,69.01,0
STU0865,Saanvi Garg,Male,22,Civil,79.26,86.68,8.56,82,2,3,5,4,73,98,82,78,72,86,46,99,40,99.56,1
STU0866,Ganga Bhat,Female,21,Mechanical,68.02,78.87,8.33,77,3,3,6,2,54,56,47,77,67,62,84,97,87,80.3,1
STU0867,Sai Kamdar,Male,22,Information Technology,73.13,96.87,5.76,84,4,2,1,7,77,94,48,80,100,58,73,81,47,72.47,0
STU0868,Ridhi Naik,Female,21,Civil,78.72,77.95,5.57,68,0,2,5,7,68,80,55,48,64,87,76,85,93,86.71,1
STU0869,Wazir Balay,Male,21,Mechanical,84.17,64.43,9.4,72,3,1,3,5,92,75,66,83,70,86,65,94,55,81.46,1
STU0870,Damini Shankar,Male,24,Mechanical,92.57,92.14,7.66,78,3,3,2,7,57,41,90,76,64,48,81,61,86,80.94,1
STU0871,Kashish Sankar,Female,22,Information Technology,63.07,63.11,7.95,79,2,1,5,4,55,85,51,88,91,63,84,94,76,76.12,1
STU0872,Abdul Kant,Female,23,Computer Engineering,91.62,60.64,7.37,67,2,2,1,6,51,30,90,80,85,46,84,81,35,71.97,0
STU0873,Abhiram Krish,Male,20,Artificial Intelligence,75.1,84.95,6.31,99,2,1,6,7,74,69,77,78,87,73,44,44,72,85.08,1
STU0874,Chaaya Jayaraman,Male,21,Civil,89.93,83.37,9.7,74,1,3,2,5,94,53,58,75,52,79,49,90,43,94.13,1
STU0875,William Chauhan,Male,21,Information Technology,97.4,80.54,9.35,67,1,0,1,5,48,49,55,88,90,93,81,59,96,73.24,0
STU0876,Azad Palan,Female,20,Civil,97.99,88.09,7.13,92,4,2,1,4,49,56,53,64,58,86,71,72,71,65.12,0
STU0877,Ekavir Ahluwalia,Female,22,Information Technology,72.05,76.04,9.51,85,3,3,5,3,34,43,77,76,75,96,63,49,74,83.78,1
STU0878,Varenya Puri,Female,22,Computer Engineering,91.41,90.79,6.62,67,2,1,2,0,34,93,97,49,70,85,74,62,89,64.81,0
STU0879,Benjamin Varty,Male,21,Information Technology,84.94,86.59,6.17,67,4,3,2,7,89,90,74,56,89,81,97,95,70,79.19,1
STU0880,Eiravati Dey,Female,21,Information Technology,67.14,95.18,9.75,92,1,2,2,0,86,83,46,98,68,97,83,60,56,88.93,1
STU0881,Indali Setty,Female,21,Civil,80.25,73.84,7.86,61,3,1,2,8,79,59,86,43,67,64,42,63,91,70.83,0
STU0882,Varsha Sarma,Male,20,Computer Engineering,61.24,93.73,6.95,68,3,2,4,3,34,91,73,51,70,76,42,94,41,72.4,0
STU0883,Bhavika Mannan,Female,22,Mechanical,92.04,83.41,5.72,81,3,2,1,7,38,49,44,81,100,66,85,93,35,65.14,0
STU0884,Watika Trivedi,Male,24,Mechanical,61.04,97.06,7.83,84,4,3,2,6,54,49,76,70,60,45,57,75,85,73.27,0
STU0885,Yatin Ben,Male,24,Computer Engineering,81.25,61.69,9.63,88,2,0,4,6,50,64,56,72,62,72,60,90,53,77.65,1
STU0886,Wahab Goswami,Male,23,Electronics,65.09,83.04,7.29,95,0,3,2,3,97,79,94,75,74,74,68,69,81,92.49,1
STU0887,Lopa Singhal,Female,20,Computer Engineering,70.72,76.89,6.06,82,0,3,5,7,96,78,46,88,65,51,79,62,65,97.58,1
STU0888,Chavvi Nath,Male,21,Artificial Intelligence,67.5,83.09,7.85,83,2,0,6,0,48,95,92,77,73,47,44,65,99,76.51,1
STU0889,Ridhi Mohan,Male,24,Artificial Intelligence,84.43,82.98,6.28,100,4,2,1,4,64,85,96,59,65,99,67,99,84,70.9,0
STU0890,Nathan Cheema,Female,23,Electronics,94.43,65.04,7.54,92,5,3,1,8,34,44,48,35,96,53,51,59,48,60.43,0
STU0891,Sarthak Dutt,Male,22,Electronics,77.56,75.58,6.6,100,2,1,5,2,32,30,55,54,95,84,48,99,57,63.21,0
STU0892,Vamakshi Som,Male,21,Mechanical,75.41,78.83,9.64,60,0,1,4,4,83,72,91,49,90,51,96,59,36,91.35,1
STU0893,Faqid Murty,Female,24,Civil,80.56,82.71,8.1,95,1,0,4,8,64,51,90,44,70,89,59,78,89,80.38,1
STU0894,Yadavi Tank,Female,20,Artificial Intelligence,90.54,81.07,9.16,62,1,2,4,3,91,64,97,41,72,93,44,70,82,94.43,1
STU0895,Ranbir Bava,Male,21,Electronics,68.16,71.48,7.69,91,0,1,3,6,62,46,79,45,61,58,49,45,34,75.19,1
STU0896,Lavanya Sarna,Female,20,Computer Engineering,83.83,62.4,6.81,60,0,0,5,2,41,42,85,91,91,91,80,64,61,73.19,0
STU0897,Jagat Mahal,Male,20,Artificial Intelligence,78.5,67.51,7.89,94,4,1,6,1,93,74,75,48,94,92,50,95,70,74.73,0
STU0898,Vinaya Dhar,Male,23,Artificial Intelligence,69.79,75.66,9.4,96,5,2,6,3,34,42,83,60,88,56,43,79,76,75.74,1
STU0899,Eshana Gupta,Female,23,Mechanical,78.88,78.83,7.47,83,5,2,5,5,46,51,74,37,62,44,71,49,35,68.96,0
STU0900,Anmol Kuruvilla,Female,22,Civil,69.04,68.93,7.31,79,2,2,3,6,60,82,43,86,51,82,79,79,56,77.47,1
STU0901,Yatan Mander,Male,23,Information Technology,89.04,97.68,9.23,87,1,2,2,5,94,43,51,93,66,93,42,75,82,92.28,1
STU0902,Oeshi Bath,Female,23,Electronics,84.11,87.25,8.54,66,0,2,2,6,54,54,59,92,61,100,42,53,94,88.12,1
STU0903,Nirja Jha,Female,21,Artificial Intelligence,76.53,90.93,9.64,83,0,0,6,4,62,97,80,85,92,74,96,96,46,96.68,1
STU0904,Tanish Bora,Female,24,Information Technology,80.76,76.74,6.3,81,5,1,1,2,57,49,48,57,92,99,66,94,77,48.35,0
STU0905,Hemang Cherian,Male,20,Information Technology,76.55,90.48,6.66,95,0,1,1,6,97,50,55,89,59,70,92,48,96,79.72,1
STU0906,Yuvraj Kumer,Female,23,Information Technology,62.3,87.68,8.57,67,3,2,5,2,78,80,67,66,98,77,83,97,91,85.49,1
STU0907,Lohit Saran,Female,23,Computer Engineering,80.7,68.81,8.42,100,5,0,4,1,68,80,85,39,56,73,71,72,30,63.39,0
STU0908,Wakeeta Varghese,Male,21,Artificial Intelligence,89.42,72.04,8.66,92,1,2,3,7,92,51,82,95,67,78,46,43,40,96.67,1
STU0909,Jagdish Pal,Female,20,Artificial Intelligence,61.85,70.92,6.31,97,4,3,6,7,30,78,61,54,57,52,81,52,35,75.55,1
STU0910,Ishita Pingle,Female,24,Electronics,65.69,74.76,7.2,79,1,1,1,6,70,63,52,95,85,71,88,53,89,71.89,0
STU0911,Lucky Chahal,Male,20,Mechanical,66.29,84.72,6.81,60,2,1,1,6,95,94,95,41,83,79,88,96,30,73.97,0
STU0912,Vasana Cheema,Male,24,Computer Engineering,79.82,69.45,8.61,84,3,0,5,4,95,86,99,82,100,78,54,61,64,87.3,1
STU0913,Ansh Kar,Male,23,Electronics,75.67,68.44,7.94,82,2,0,5,7,43,62,92,72,85,63,98,44,88,76.44,1
STU0914,Peter Hans,Female,24,Civil,67.0,86.41,8.27,95,5,1,4,7,87,94,80,88,68,53,96,89,96,80.88,1
STU0915,Tara Om,Male,21,Electronics,64.02,90.4,6.33,66,5,2,1,4,67,48,68,96,66,49,93,55,99,62.65,0
STU0916,Falguni Mani,Male,22,Computer Engineering,66.6,61.02,7.41,65,2,0,2,8,71,48,67,100,82,45,88,68,100,68.98,0
STU0917,Inaya Ravel,Female,24,Information Technology,91.36,84.54,8.09,71,4,0,6,5,63,43,98,43,78,51,88,89,96,72.17,0
STU0918,Rishi Dass,Female,20,Information Technology,76.38,60.46,5.81,90,1,2,3,6,38,42,45,85,85,45,80,63,44,70.7,0
STU0919,Qasim Sahota,Female,23,Artificial Intelligence,61.43,93.94,8.23,94,1,2,3,1,57,80,72,78,97,97,58,60,55,81.25,1
STU0920,Kala Chacko,Male,22,Artificial Intelligence,87.82,97.49,9.53,61,2,2,3,1,98,97,75,85,87,90,85,44,93,94.04,1
STU0921,Abeer Chaudhari,Female,22,Information Technology,69.74,64.45,6.97,87,1,2,5,4,42,100,86,89,95,86,99,86,96,87.51,1
STU0922,Idika Patla,Female,23,Information Technology,84.85,71.96,5.71,68,0,2,5,0,77,88,72,42,87,81,80,75,58,83.25,1
STU0923,Mohini Joshi,Male,20,Information Technology,64.56,62.44,7.37,78,4,3,1,2,88,72,66,84,56,74,63,98,68,70.74,0
STU0924,Gayathri Kumar,Male,21,Mechanical,83.69,74.05,6.84,71,4,3,2,2,88,62,51,71,91,83,65,60,89,70.6,0
STU0925,Saanvi Mukherjee,Female,24,Mechanical,67.81,61.16,8.27,87,5,2,1,8,59,30,55,99,91,53,69,63,83,65.04,0
STU0926,Nandini Butala,Female,24,Mechanical,72.22,65.36,7.1,83,1,2,4,2,62,41,42,82,65,65,91,42,75,75.91,1
STU0927,Harrison Sharaf,Male,23,Civil,93.87,89.7,9.89,78,5,0,3,4,81,95,55,69,84,86,58,83,59,74.09,0
STU0928,Adya Dube,Male,21,Civil,68.97,77.06,9.67,63,3,1,3,1,54,83,41,47,56,84,89,95,42,66.29,0
STU0929,Damyanti Banerjee,Male,20,Civil,94.36,89.95,6.24,78,3,0,6,5,78,45,58,45,74,69,76,57,60,71.31,0
STU0930,Theodore Rout,Male,23,Mechanical,72.46,86.78,7.28,60,2,2,3,5,40,47,96,64,81,100,89,57,81,74.18,0
STU0931,Jeet Ahuja,Male,22,Mechanical,94.36,80.32,7.84,66,0,2,2,8,34,82,91,60,90,96,65,74,44,85.85,1
STU0932,Alka Mittal,Male,20,Information Technology,93.29,94.82,9.63,93,5,0,4,2,48,76,70,35,93,93,79,98,47,68.02,0
STU0933,Eshana Bir,Male,21,Electronics,77.97,69.2,6.23,70,0,1,2,8,98,85,74,98,72,79,69,98,34,86.08,1
STU0934,Zansi Doshi,Female,20,Mechanical,60.17,66.75,9.77,97,5,2,1,5,79,86,52,83,71,74,99,75,51,75.03,1
STU0935,Gaurangi Tank,Female,23,Mechanical,85.4,86.86,7.14,75,0,0,2,6,80,66,91,88,92,73,63,55,62,81.76,1
STU0936,Vansha Bumb,Female,20,Civil,77.63,86.51,7.5,62,2,1,2,7,84,92,40,88,65,65,96,64,39,77.11,1
STU0937,Patrick Mital,Male,20,Artificial Intelligence,90.28,68.22,8.9,74,5,3,5,8,92,66,75,59,73,62,60,94,69,91.15,1
STU0938,Laban Sampath,Female,23,Electronics,80.74,65.5,7.52,63,3,1,3,2,65,88,58,53,70,86,71,45,94,64.46,0
STU0939,Yashodhara Nagy,Female,24,Electronics,93.15,78.45,8.71,80,5,0,2,7,76,70,95,56,76,61,72,46,91,71.08,0
STU0940,Advika Tak,Male,21,Computer Engineering,84.53,86.65,8.65,64,1,2,6,2,74,44,51,44,97,84,67,83,71,87.62,1
STU0941,Sachi Sura,Male,24,Civil,77.02,78.25,7.94,81,0,1,3,1,56,42,42,45,65,52,70,71,90,66.76,0
STU0942,Lakshit Thaker,Female,22,Computer Engineering,68.14,94.25,8.23,88,0,0,3,5,76,39,86,69,68,81,51,86,55,78.9,1
STU0943,Ethan Savant,Female,23,Artificial Intelligence,82.12,77.08,9.71,88,3,2,2,6,35,79,96,56,64,71,68,60,89,81.09,1
STU0944,Chatura Baria,Female,20,Artificial Intelligence,97.86,89.75,7.22,79,2,2,3,4,73,95,49,74,67,40,96,55,77,82.9,1
STU0945,Ojasvi Ravel,Female,20,Civil,92.36,81.08,8.04,64,4,1,2,2,63,72,75,68,59,66,95,73,63,64.57,0
STU0946,Aashi Jhaveri,Male,20,Artificial Intelligence,64.15,72.84,7.68,98,1,2,2,8,78,87,92,75,52,41,40,98,72,89.06,1
STU0947,Rushil Wali,Female,21,Computer Engineering,87.98,62.56,7.0,85,2,2,1,5,34,100,68,96,71,50,52,71,32,74.8,0
STU0948,Krisha Chada,Female,20,Mechanical,69.95,69.96,8.64,88,3,2,2,1,31,39,93,63,80,65,63,68,53,67.82,0
STU0949,Chaaya Soni,Female,22,Computer Engineering,65.19,69.48,7.91,88,2,0,4,1,75,99,74,62,61,40,55,54,42,73.44,0
STU0950,Warda Pathak,Male,21,Civil,92.84,77.37,8.37,97,4,2,6,3,40,78,61,77,100,62,77,59,61,80.21,1
STU0951,Jagvi Sha,Female,23,Electronics,82.09,96.93,8.46,99,0,1,2,0,53,42,64,97,70,85,88,87,46,75.02,1
STU0952,Amaira Deshmukh,Male,20,Information Technology,78.22,73.83,9.7,82,5,0,6,8,94,35,61,87,55,65,90,85,39,81.1,1
STU0953,Omya Saraf,Female,24,Mechanical,76.22,71.61,5.92,86,3,2,2,2,30,30,87,73,71,70,97,58,73,60.42,0
STU0954,Yashasvi Bumb,Male,20,Civil,84.55,73.69,8.65,69,1,3,6,1,36,39,49,76,67,49,61,45,40,85.37,1
STU0955,Chakradhar Murthy,Male,23,Computer Engineering,92.89,65.58,6.45,63,3,3,6,8,99,34,84,77,62,64,85,41,66,91.25,1
STU0956,Chavvi Shan,Female,22,Mechanical,64.39,81.79,6.73,78,5,2,5,8,81,72,99,46,64,86,92,95,61,79.83,1
STU0957,Barkha Subramaniam,Male,20,Artificial Intelligence,70.49,67.74,5.61,75,1,3,1,6,48,48,56,100,100,55,100,95,75,73.39,0
STU0958,Tejas Rajagopalan,Female,20,Information Technology,60.34,88.92,9.84,83,2,2,3,3,56,91,59,97,89,90,54,91,67,86.86,1
STU0959,Logan Bhattacharyya,Female,24,Electronics,74.81,96.01,6.99,90,2,2,5,2,60,87,70,74,74,67,55,43,93,84.66,1
STU0960,Robert Sant,Female,24,Electronics,76.58,89.71,8.78,62,4,3,5,5,58,86,95,64,75,87,86,97,34,90.49,1
STU0961,Aashi Deo,Female,22,Mechanical,69.34,88.12,6.88,90,3,0,3,7,99,74,82,60,77,56,69,60,49,74.46,0
STU0962,Dhriti Kurian,Male,23,Mechanical,95.39,71.07,8.15,79,1,3,6,5,70,35,49,39,58,72,59,94,48,87.7,1
STU0963,Mugdha Mallick,Female,23,Electronics,74.91,75.74,6.78,96,1,0,5,2,83,82,47,63,81,54,73,54,76,76.08,1
STU0964,Frado Jayaraman,Male,24,Electronics,80.54,96.1,6.0,80,4,3,1,3,85,42,64,72,83,46,50,51,86,69.21,0
STU0965,Harsh Ramachandran,Male,23,Mechanical,76.19,70.82,7.11,100,5,2,5,2,66,78,98,81,62,85,62,86,47,77.52,1
STU0966,Hiral Kannan,Female,24,Artificial Intelligence,95.25,77.62,8.64,80,5,3,1,8,79,53,52,66,62,66,76,88,100,77.52,1
STU0967,Qarin Dara,Male,24,Artificial Intelligence,68.4,64.92,5.74,97,2,2,1,6,92,68,68,45,60,95,54,81,34,72.56,0
STU0968,Rushil Kulkarni,Male,20,Computer Engineering,74.54,87.66,7.95,79,1,0,2,0,90,70,66,51,68,49,63,87,38,69.27,0
STU0969,Shaurya Kari,Female,24,Mechanical,84.09,87.53,5.85,90,4,1,3,0,38,83,46,70,58,52,46,82,65,55.96,0
STU0970,Anay Naidu,Male,23,Civil,64.7,60.43,8.31,69,2,1,6,7,47,35,49,57,97,42,41,66,61,71.73,0
STU0971,Gaurav Memon,Female,21,Information Technology,75.41,95.08,6.94,71,0,3,3,5,100,93,97,69,62,70,54,59,85,98.38,1
STU0972,Chaaya Som,Male,24,Mechanical,69.1,62.9,7.94,73,5,2,6,7,75,86,75,40,82,49,74,83,69,79.08,1
STU0973,Faras Baral,Male,23,Information Technology,79.54,79.67,9.64,91,2,1,3,3,85,35,59,71,60,90,51,56,98,78.0,1
STU0974,Varsha Mander,Female,22,Computer Engineering,95.64,65.3,7.27,98,0,3,2,1,48,65,65,65,68,62,47,51,53,79.23,1
STU0975,Girish Balasubramanian,Female,24,Computer Engineering,80.88,86.9,6.96,61,5,3,6,0,90,90,98,79,57,94,75,58,35,84.95,1
STU0976,Shravya Prasad,Male,23,Computer Engineering,62.17,64.42,6.43,71,3,1,1,1,31,65,98,67,73,80,82,72,69,53.72,0
STU0977,Nidhi Agarwal,Male,23,Electronics,94.89,80.64,5.87,86,0,3,1,0,72,84,95,56,66,51,43,79,46,81.89,1
STU0978,Pratyush Gopal,Female,23,Artificial Intelligence,91.73,80.08,6.09,68,4,3,4,8,84,65,49,63,73,48,83,66,45,81.06,1
STU0979,Indali Ravel,Male,24,Mechanical,82.71,72.0,7.48,86,0,0,6,6,71,79,79,80,79,53,72,42,44,89.18,1
STU0980,Caleb Murthy,Male,21,Civil,68.8,88.71,6.89,97,0,3,5,7,93,97,55,43,51,48,91,78,68,98.83,1
STU0981,Indira Walia,Female,23,Mechanical,82.34,85.25,7.48,84,2,3,2,2,82,49,41,94,56,84,61,49,76,78.62,1
STU0982,Yahvi Iyengar,Male,21,Information Technology,91.31,60.43,9.47,91,1,3,5,6,87,41,81,64,83,50,76,40,46,100.31,1
STU0983,Charita Panchal,Male,23,Artificial Intelligence,89.44,84.37,8.89,87,5,0,5,3,81,58,83,75,80,87,93,70,35,76.26,1
STU0984,Megha Kade,Male,21,Mechanical,62.34,86.91,8.54,78,2,0,4,1,47,89,73,49,70,97,86,76,41,72.05,0
STU0985,Samesh De,Female,21,Civil,94.4,70.16,8.29,81,4,0,6,7,61,61,56,47,100,66,58,72,60,71.64,0
STU0986,Vaishnavi Saha,Male,24,Mechanical,82.44,76.74,9.61,89,1,0,4,6,94,67,71,57,62,88,47,46,39,89.19,1
STU0987,Meera Varghese,Male,23,Artificial Intelligence,94.92,72.51,8.13,62,2,3,3,0,37,57,78,40,93,49,88,98,59,71.15,0
STU0988,Caleb Srinivas,Male,23,Computer Engineering,90.76,74.45,6.13,60,3,2,5,1,88,98,59,59,65,85,83,94,75,79.58,1
STU0989,Harini Sidhu,Female,24,Electronics,78.35,75.41,9.85,83,3,3,6,4,100,55,58,97,75,68,60,77,75,99.23,1
STU0990,Saumya Bala,Female,23,Mechanical,82.49,97.1,9.6,60,2,3,4,4,38,84,46,53,77,90,51,93,77,87.16,1
STU0991,Qadim Bhandari,Male,21,Artificial Intelligence,95.04,74.12,7.5,62,3,3,1,1,32,38,45,64,53,82,77,53,92,60.52,0
STU0992,Vansha Sodhi,Male,22,Electronics,74.35,87.4,6.23,69,0,1,2,2,81,73,67,56,52,54,77,97,72,72.84,0
STU0993,Rachita Ravi,Male,23,Electronics,89.31,76.9,6.56,92,3,2,3,6,89,89,67,85,89,91,50,81,60,83.79,1
STU0994,Ridhi Hora,Female,21,Mechanical,87.32,66.12,7.28,87,3,1,3,6,74,92,70,35,96,95,81,85,58,71.05,0
STU0995,Jai Vig,Male,21,Mechanical,90.79,66.7,6.06,67,5,3,3,0,39,71,57,82,61,85,66,64,100,61.07,0
STU0996,Waida Goyal,Female,22,Mechanical,78.8,87.0,7.83,68,1,1,6,5,94,38,97,50,83,88,73,42,72,87.24,1
STU0997,Henry Nadig,Male,22,Computer Engineering,73.49,74.37,8.42,83,0,2,6,4,100,48,64,84,86,82,89,94,33,97.38,1
STU0998,Girish Narang,Male,23,Information Technology,93.82,80.59,7.33,80,1,0,1,5,89,33,73,38,80,96,45,43,49,67.85,0
STU0999,Mitali Walla,Male,20,Mechanical,93.34,89.52,7.53,98,4,2,4,6,35,35,74,92,57,90,67,74,58,76.6,1
STU1000,Widisha Patil,Female,24,Computer Engineering,74.62,96.04,7.34,65,3,0,1,4,90,35,91,66,81,59,53,77,43,64.7,0
